Date,Open,High,Low,Close,Volume,Dividends,Stock Splits,Low_High_Avg,RV,Sd,Rs,G,Rf,Sf,R*,Ss,P↑,P↓,Y_High,Y_Close,Y_Low,cos_θ1,sin_θ1,cos_θ2,sin_θ2,cos_θ3,sin_θ3,cos_θ4,sin_θ4,E_Low,E_High
2024-02-08 00:00:00,10.175000190734863,10.175000190734863,10.170000076293944,10.170000076293944,8400,0.0,0.0,10.172500133514404,0.0003892572679075161,1.0,0.005000114440916192,0.0,-0.010000228881835938,0.0,-0.005000114440916192,1.0,0.5,0.5,-0.00021382614183946324,-0.0004277573603532422,0.0,1.0,0.0,1.0,0.0,1.0,0.0,1.0,0.0,8.620042520484144,13.127426594252363
2024-02-12 00:00:00,10.178000450134276,10.199999809265137,10.175000190734863,10.18000030517578,554200,0.0,0.0,10.1875,0.025706964650003536,1.0,0.01500034332275213,0.0,0.010000228881835938,0.0,-0.005000114440916192,2.0,0.5,0.5,0.1619022914341518,0.06484294772930699,0.03242944196874654,1.0,0.0,1.0,0.0,1.0,0.0,1.0,0.0,8.620042520484144,13.127426594252363
2024-02-14 00:00:00,10.199999809265137,10.204999923706056,10.1899995803833,10.1899995803833,4300,0.0,0.0,10.197499752044678,0.00019965450294510197,1.0,0.024999618530273438,0.0,0.009999275207521308,0.0,-0.005000114440916192,2.0,0.5,0.5,3.802553042378626e-06,7.617446711461009e-06,1.1429338820082041e-05,1.0,0.0,1.0,0.0,1.0,0.0,1.0,0.0,8.620042520484144,13.127426594252363
2024-02-16 00:00:00,10.18000030517578,10.18000030517578,10.154999732971191,10.18000030517578,36600,0.0,0.0,10.167500019073486,0.0016977172612597066,-1.0,-0.009999275207521308,0.034999847412109375,-0.009999275207521308,2.0,0.024999618530273438,0.15998168969766577,0.0,1.0,-0.02087686518095766,-0.00835641731802033,-0.02928539572643702,1.0,0.0,1.0,0.0,1.0,0.0,1.0,0.0,8.620042520484144,13.127426594252363
2024-02-23 00:00:00,10.18000030517578,10.18000030517578,10.170000076293944,10.175000190734863,125400,0.0,0.0,10.175000190734863,0.005813911952575425,-1.0,-0.0149993896484375,0.0,-0.005000114440916192,0.0,0.024999618530273438,0.35998168940656167,0.9100045776483596,0.08999542235164042,0.0,-0.0016832757773962586,0.005057281122538245,1.0,0.0,1.0,0.0,1.0,0.0,1.0,0.0,8.620042520484144,13.127426594252363
2024-02-26 00:00:00,10.18000030517578,10.18000030517578,10.18000030517578,10.18000030517578,500,0.0,0.0,10.18000030517578,2.3192858760378503e-05,-1.0,-0.009999275207521308,0.0,0.005000114440916192,0.0,0.024999618530273438,0.15998168969766577,0.5,0.5,0.0,1.9588955995583847e-06,3.91875382339256e-06,1.0,0.0,1.0,0.0,1.0,0.0,1.0,0.0,8.620042520484144,13.127426594252363
2024-02-27 00:00:00,10.173999786376951,10.173999786376951,10.173999786376951,10.173999786376951,1100,0.0,0.0,10.173999786376951,5.099421341843193e-05,-1.0,-0.015999794006349433,0.0,-0.006000518798828125,0.0,0.024999618530273438,0.40960195315722203,0.8975995117106945,0.10240048828930551,-0.0012971544952385633,-0.0012971544952385633,-0.0012971544952385633,1.0,0.0,1.0,0.0,1.0,0.0,1.0,0.0,8.620042520484144,13.127426594252363
2024-02-28 00:00:00,10.17199993133545,10.18000030517578,10.170000076293944,10.18000030517578,2200,0.0,0.0,10.175000190734863,0.00010204857854566542,-1.0,-0.009999275207521308,0.0,0.006000518798828125,0.0,0.024999618530273438,0.15998168969766577,0.5,0.5,0.0011792313593077847,0.0011792313593077847,-0.0007864156724355589,1.0,0.0,1.0,0.0,1.0,0.0,1.0,0.0,8.620042520484144,13.127426594252363
2024-02-29 00:00:00,10.149999618530272,10.173999786376951,10.149999618530272,10.154000282287598,3200,0.0,0.0,10.161999702453612,0.0001480551904692295,-1.0,-0.035999298095703125,0.0,-0.026000022888181817,0.0,0.024999618530273438,2.0,0.5,0.5,-0.000857622806769298,-0.0037197023721341773,-0.0028633440320756792,1.0,0.0,1.0,0.0,1.0,0.0,1.0,0.0,8.620042520484144,13.127426594252363
2024-03-01 00:00:00,10.170000076293944,10.175000190734863,10.170000076293944,10.175000190734863,800,0.0,0.0,10.172500133514404,3.7090347384851197e-05,1.0,0.020999908447265625,0.0,0.020999908447265625,0.0,-0.035999298095703125,0.34028808009399014,0.08507202002349754,0.9149279799765024,2.4581167601286776e-05,0.0005165012533482275,0.0004921372555130074,1.0,0.0,1.0,0.0,1.0,0.0,1.0,0.0,8.620042520484144,13.127426594252363
2024-03-04 00:00:00,10.18000030517578,10.1899995803833,10.170000076293944,10.1899995803833,220400,0.0,0.0,10.179999828338625,0.010233454057930344,1.0,0.035999298095703125,0.0,0.035999298095703125,0.0,-0.035999298095703125,1.0,0.25,0.75,0.40582684945619724,0.40582684945619724,0.0,1.0,0.0,1.0,0.0,1.0,0.0,1.0,0.0,8.620042520484144,13.127426594252363
2024-03-05 00:00:00,10.18000030517578,10.18000030517578,10.18000030517578,10.18000030517578,1000,0.0,0.0,10.18000030517578,4.6385717520757007e-05,1.0,0.026000022888181817,0.0,-0.009999275207521308,0.0,-0.035999298095703125,0.5216261970749718,0.5,0.5,-4.454468585121863e-06,-4.454468585121863e-06,4.459271592136362e-06,1.0,0.0,1.0,0.0,1.0,0.0,1.0,0.0,8.620042520484144,13.127426594252363
2024-03-06 00:00:00,10.1899995803833,10.1899995803833,10.184000015258787,10.184000015258787,45400,0.0,0.0,10.186999797821043,0.002106738985610317,1.0,0.02999973297118963,0.0,0.0039997100830078125,0.0,-0.035999298095703125,0.6944591620055324,0.1736147905013831,0.8263852094986169,0.04457212537770297,0.017834102819801925,0.017834102819801925,1.0,0.0,1.0,0.0,1.0,0.0,1.0,0.0,8.620042520484144,13.127426594252363
2024-03-07 00:00:00,10.1850004196167,10.1850004196167,10.18000030517578,10.18000030517578,1500,0.0,0.0,10.18250036239624,6.957857628113551e-05,-1.0,-0.0039997100830078125,0.0,-0.0039997100830078125,0.0,0.02999973297118963,0.01777551726817853,0.9955561206829554,0.004443879317044632,-1.6213056187459462e-05,-1.2978688811010735e-05,-1.2978688811010735e-05,1.0,0.0,1.0,0.0,1.0,0.0,1.0,0.0,8.620042520484144,13.127426594252363
2024-03-11 00:00:00,10.1899995803833,10.1899995803833,10.1850004196167,10.1899995803833,3400,0.0,0.0,10.1875,0.0001578663511658946,1.0,0.009999275207521308,0.0049991607666015625,0.009999275207521308,0.2499523151018269,-0.0039997100830078125,2.0,0.7499523151018269,0.2500476848981731,0.0011122877124872187,0.0022253337192979458,0.0011130461408679288,1.0,0.0,1.0,0.0,1.0,0.0,1.0,0.0,8.620042520484144,13.127426594252363
2024-03-13 00:00:00,10.18000030517578,10.1899995803833,10.18000030517578,10.1899995803833,50700,0.0,0.0,10.18499994277954,0.0023540658835620163,1.0,0.009999275207521308,0.005000114440919745,0.009999275207521308,0.25004768944630584,-0.0039997100830078125,2.0,0.7500476894463058,0.24995231055369416,0.0,0.0,-0.007322418599741003,1.0,0.0,1.0,0.0,1.0,0.0,1.0,0.0,8.620042520484144,13.127426594252363
2024-03-15 00:00:00,10.1899995803833,10.210000038146973,10.1899995803833,10.199999809265137,148800,0.0,0.0,10.199999809265137,0.0069157547345082655,1.0,0.019999504089357245,0.0,0.019999504089357245,0.0,-0.0039997100830078125,2.0,0.5,0.5,0.0057548597495559245,0.002878841103723551,0.0028813927726377858,1.0,0.0,1.0,0.0,1.0,0.0,1.0,0.0,8.620042520484144,13.127426594252363
2024-03-18 00:00:00,10.199999809265137,10.204999923706056,10.1899995803833,10.1899995803833,71200,0.0,0.0,10.197499752044678,0.0033059071185328514,1.0,0.009999275207521308,0.0,-0.010000228881835938,0.0,-0.0039997100830078125,2.0,0.5,0.5,-0.00023438921206106431,-0.00046935320240532795,0.0,1.0,0.0,1.0,0.0,1.0,0.0,1.0,0.0,8.620042520484144,13.127426594252363
2024-03-19 00:00:00,10.199999809265137,10.204999923706056,10.199999809265137,10.204999923706056,46200,0.0,0.0,10.202499866485596,0.0021482828886174327,1.0,0.02499961853027699,0.0,0.015000343322755683,0.0,-0.0039997100830078125,2.0,0.5,0.5,0.0,0.0009544858130052322,0.0006364799171363249,1.0,0.0,1.0,0.0,1.0,0.0,1.0,0.0,8.620042520484144,13.127426594252363
2024-03-20 00:00:00,10.1899995803833,10.1899995803833,10.1899995803833,10.1899995803833,1100,0.0,0.0,10.1899995803833,5.1074407730142366e-05,-1.0,-0.015000343322755683,0.0,-0.015000343322755683,0.0,0.02499961853027699,0.3600274667632819,0.9099931333091795,0.09000686669082048,-3.502339202534144e-05,-3.502339202534144e-05,-2.3354653731244245e-05,1.0,0.0,1.0,0.0,1.0,0.0,1.0,0.0,8.620042520484144,13.127426594252363
2024-03-26 00:00:00,10.204999923706056,10.220000267028809,10.199999809265137,10.220000267028809,44500,0.0,0.0,10.210000038146973,0.0020722750874310695,1.0,0.030000686645507812,0.030000686645507812,0.030000686645507812,1.0,-0.015000343322755683,2.0,1.0,0.0,0.11892838320840629,0.11892838320840629,0.03968167983972318,6.123233995736766e-17,1.0,0.9876898013743967,0.15642524176425274,1.0,0.0,0.8447556300852966,0.535152245103385,8.620042520484144,13.127426594252363
2024-03-27 00:00:00,10.199999809265137,10.260000228881836,10.199999809265137,10.260000228881836,109700,0.0,0.0,10.230000019073486,0.005128501488700519,1.0,0.07000064849853516,0.0,0.07000064849853516,0.0,-0.015000343322755683,2.0,0.5,0.5,0.009629555190099354,0.009629555190099354,0.0,6.123233995736766e-17,1.0,0.8884474111476245,0.458978428278589,1.0,0.0,0.9682201229070949,0.2500995673682183,8.620042520484144,13.127426594252363
2024-04-02 00:00:00,10.220000267028809,10.300000190734863,10.220000267028809,10.300000190734863,11800,0.0,0.0,10.260000228881836,0.0005538035405564231,1.0,0.1100006103515625,0.039999961853027344,0.039999961853027344,1.0,-0.015000343322755683,2.0,1.0,0.0,0.0004185446869890187,0.0004185446869890187,0.00021071214676796944,6.123233995736766e-17,1.0,0.8368307177986142,0.547461733593003,1.0,0.0,0.9166117444131118,0.3997785762193271,8.620042520484144,13.127426594252363
2024-04-04 00:00:00,10.239999771118164,10.239999771118164,10.239999771118164,10.239999771118164,1000,0.0,0.0,10.239999771118164,4.665910830613692e-05,-1.0,-0.06000041961669922,0.0,-0.06000041961669922,0.0,0.1100006103515625,0.29752152096443024,0.9256196197588924,0.07438038024110756,-0.0004951101589963547,-0.0004951101589963547,0.00016567675706270253,0.3939166537845725,-0.9191461634969518,0.9863941357006164,0.16439771608947015,1.0,0.0,0.8993670344397998,0.437194393105584,8.620042520484144,13.127426594252363
2024-04-05 00:00:00,10.248000144958496,10.24899959564209,10.248000144958496,10.24899959564209,1300,0.0,0.0,10.248499870300291,6.071015143621622e-05,1.0,0.008999824523925781,0.0,0.008999824523925781,0.0,-0.06000041961669922,0.022498807931231084,0.005624701982807771,0.9943752980171923,0.0011420540038753,0.0011420540038753,0.0010152758722212331,0.6990451673849782,-0.7150775160468323,0.9814103380819232,0.19192120337764942,1.0,0.0,0.9066455894834542,0.42189308488075494,8.620042520484144,13.127426594252363
2024-04-08 00:00:00,10.239999771118164,10.239999771118164,10.239999771118164,10.239999771118164,100,0.0,0.0,10.239999771118164,4.6659108306136925e-06,-1.0,-0.008999824523925781,0.0,-0.008999824523925781,0.0,0.008999824523925781,1.0,0.75,0.25,-6.75771599926213e-05,-6.75771599926213e-05,-6.00754953977061e-05,0.7791166845696398,-0.6268789291603383,0.9911283062506728,0.13290854204554556,1.0,0.0,0.9481367627882009,0.31786267325609463,8.620042520484144,13.127426594252363
2024-04-10 00:00:00,10.241999626159668,10.241999626159668,10.241999626159668,10.241999626159668,3900,0.0,0.0,10.241999626159668,0.00018200606093638993,1.0,0.0019998550415039062,0.0019998550415039062,0.0019998550415039062,1.0,-0.008999824523925781,0.04937748330509653,1.0,0.0,0.007615891896668859,0.007615891896668859,0.007615891896668859,0.858603559919486,-0.5126401534152252,0.9914307318367103,0.1306334718581922,1.0,0.0,0.9966266564092207,0.08206892063733562,8.620042520484144,13.127426594252363
2024-04-11 00:00:00,10.270000457763672,10.270000457763672,10.25,10.25,500,0.0,0.0,10.260000228881836,2.3352337442761484e-05,1.0,0.010000228881835938,0.0,0.010000228881835938,0.0,-0.008999824523925781,1.2346725611108549,0.3086681402777137,0.6913318597222863,0.00035002439459379074,0.00010010628270550506,0.00010010628270550506,0.9742560049869149,-0.22544453141945264,0.9785808951184182,0.20586265253618838,1.0,0.0,0.9819092211027692,0.18935226830791624,8.620042520484144,13.127426594252363
2024-04-16 00:00:00,10.270000457763672,10.270000457763672,10.270000457763672,10.270000457763672,900,0.0,0.0,10.270000457763672,4.211622723986556e-05,1.0,0.030000686645507812,0.0,0.020000457763671875,0.0,-0.008999824523925781,2.0,0.5,0.5,0.0,0.0035088521609646056,0.0035088521609646056,0.9828429113365645,-0.18444460316167,0.9828423798750565,0.18444743511780043,1.0,0.0,0.9362242725775891,0.3514030612225285,8.620042520484144,13.127426594252363
2024-04-26 00:00:00,10.274999618530272,10.274999618530272,10.274999618530272,10.274999618530272,800,0.0,0.0,10.274999618530272,3.745486959081591e-05,1.0,0.0349998474121076,0.0,0.004999160766599786,0.0,-0.008999824523925781,2.0,0.5,0.5,0.0004325819851738249,0.0004325819851738249,0.0004325819851738249,0.9908953227072019,-0.13463454028216562,0.9823857580704668,0.18686418153384643,1.0,0.0,0.9488132902373583,0.3158375219459502,8.620042520484144,13.127426594252363
2024-04-30 00:00:00,10.270000457763672,10.270000457763672,10.260000228881836,10.260000228881836,9600,0.0,0.0,10.265000343322754,0.0004488023180631265,-1.0,-0.014999389648435724,0.014999389648435724,-0.014999389648435724,1.0,0.0349998474121076,0.18366012369233312,0.0,1.0,-0.005839856799846636,-0.017530331348301613,-0.017530331348301613,0.98191593532237,-0.18931744758472588,0.9866133596914055,0.16307690970348093,1.0,0.0,0.9883082519182822,0.15246901058978896,8.620042520484144,13.127426594252363
2024-05-01 00:00:00,10.274999618530272,10.274999618530272,10.274999618530272,10.274999618530272,600,0.0,0.0,10.274999618530272,2.8091152193111933e-05,1.0,0.014999389648435724,0.0,0.014999389648435724,0.0,-0.014999389648435724,1.0,0.25,0.75,3.0415920832534565e-05,9.130380910573757e-05,9.130380910573757e-05,0.9943100740437506,-0.10652453546066844,0.9863206265380409,0.16483816810922905,1.0,0.0,0.8655988485063228,0.5007380886896142,8.620042520484144,13.127426594252363
2024-05-07 00:00:00,10.270000457763672,10.28499984741211,10.270000457763672,10.279999732971191,14500,0.0,0.0,10.27750015258789,0.0006791998690340873,1.0,0.01999950408935547,0.004999160766599786,0.005000114440919745,0.999618575381089,-0.014999389648435724,1.7778342945605887,1.0,0.0,0.023508969285536654,0.011757343984549163,-0.011760822721913365,0.9983307286805934,-0.0577560055065748,0.9918370480559358,0.127511842993847,1.0,0.0,0.9819090361175871,0.18935322756856035,8.620042520484144,13.127426594252363
2024-05-08 00:00:00,10.28600025177002,10.300000190734863,10.28600025177002,10.300000190734863,51300,0.0,0.0,10.29300022125244,0.002407637426317331,1.0,0.039999961853027344,0.0,0.02500057220459162,0.0,-0.014999389648435724,2.0,0.5,0.5,0.00515619918106588,0.00687660257417667,0.005507507862084785,6.123233995736766e-17,1.0,0.9728758962352536,0.23132766917178765,1.0,0.0,0.9497104631157285,0.31312942411806094,8.620042520484144,13.127426594252363
2024-05-17 00:00:00,10.305999755859377,10.3100004196167,10.305999755859377,10.3100004196167,700,0.0,0.0,10.308000087738035,3.288464901145974e-05,1.0,0.05000019073486328,0.0,0.010000228881835938,0.0,-0.014999389648435724,2.0,0.5,0.5,1.3241665290472995e-05,1.3241665290472995e-05,2.6505217222008584e-05,6.123233995736766e-17,1.0,0.9625590678470808,0.27107202162037836,1.0,0.0,0.9075788011418084,0.41988179255356817,8.620042520484144,13.127426594252363
2024-05-22 00:00:00,10.305999755859377,10.3149995803833,10.305999755859377,10.3149995803833,2700,0.0,0.0,10.310499668121338,0.0001269022921936089,1.0,0.054999351501464844,0.004000663757322442,0.0049991607666015625,0.6404273891453851,-0.014999389648435724,2.0,1.0,0.0,0.0018698159750405844,0.0018698159750405844,0.0,6.123233995736766e-17,1.0,0.9540022533426682,0.29979943398397463,1.0,0.0,0.9174438856978722,0.397865199025486,8.620042520484144,13.127426594252363
2024-05-23 00:00:00,10.305999755859377,10.305999755859377,10.305999755859377,10.305999755859377,600,0.0,0.0,10.305999755859377,2.8175904466401443e-05,1.0,0.04599952697754084,0.004000663757322442,-0.008999824523924005,0.1976041313509257,-0.014999389648435724,2.0,0.08991798319447697,0.910082016805523,-0.00019397323793143146,-0.00019397323793143146,0.0,6.123233995736766e-17,1.0,0.9643682183332334,0.2645636775311098,1.0,0.0,0.9033042045034474,0.429000599214493,8.620042520484144,13.127426594252363
2024-05-28 00:00:00,10.31999969482422,10.31999969482422,10.31999969482422,10.31999969482422,200,0.0,0.0,10.31999969482422,9.404726450057785e-06,1.0,0.05999946594238459,0.0,0.01399993896484375,0.0,-0.014999389648435724,2.0,0.5,0.5,0.00045250135226391846,0.00045250135226391846,0.00045250135226391846,6.123233995736766e-17,1.0,0.9161557752457454,0.4008223989298342,1.0,0.0,0.676403333206047,0.736531418764841,8.620042520484144,13.127426594252363
2024-05-29 00:00:00,10.34000015258789,10.34000015258789,10.329999923706056,10.329999923706056,6800,0.0,0.0,10.335000038146973,0.0003200705520417898,1.0,0.06999969482422053,0.0,0.024000167846679688,0.0,-0.014999389648435724,2.0,0.5,0.5,0.06582919351279305,0.03293053639355188,0.03293053639355188,6.123233995736766e-17,1.0,0.8837978510853544,0.46786895432044845,1.0,0.0,0.7508655178798945,0.6604551264536885,8.620042520484144,13.127426594252363
2024-05-31 00:00:00,10.31999969482422,10.31999969482422,10.31999969482422,10.31999969482422,100,0.0,0.0,10.31999969482422,4.702363225028892e-06,-1.0,-0.010000228881835938,0.010000228881835938,-0.010000228881835938,1.0,0.06999969482422053,0.020409275441942994,0.0,1.0,-2.847283456435686e-05,-1.4243311588906522e-05,-1.4243311588906522e-05,0.5655184204021018,-0.8247356644318904,0.9501570359110177,0.3117717227536664,1.0,0.0,0.9466927098135807,0.32213803436697674,8.620042520484144,13.127426594252363
2024-06-04 00:00:00,10.31999969482422,10.329999923706056,10.31999969482422,10.329999923706056,5900,0.0,0.0,10.324999809265137,0.00027770827309508235,1.0,0.010000228881835938,0.010000228881835938,0.010000228881835938,1.0,-0.010000228881835938,1.0,1.0,0.0,0.057144166094692965,0.057144166094692965,0.0,0.9438559005232753,-0.33035744133801037,0.9438576865946141,0.33035233835446554,1.0,0.0,0.9712745960439217,0.2379614655353187,8.620042520484144,13.127426594252363
2024-06-07 00:00:00,10.329999923706056,10.329999923706056,10.3100004196167,10.31999969482422,10600,0.0,0.0,10.320000171661375,0.0004984505018530626,-1.0,-0.010000228881835938,0.009999275207521308,-0.010000228881835938,0.9998092785970794,0.010000228881835938,1.0,0.0,1.0,0.0,-0.001740098134454885,-0.001741618945780032,0.9717078026894367,-0.236186253182667,0.9484347379016178,0.31697247189856964,1.0,0.0,0.9983023523103033,0.058244427816874,8.620042520484144,13.127426594252363
2024-06-12 00:00:00,10.468000411987305,10.468000411987305,10.468000411987305,10.468000411987305,700,0.0,0.0,10.468000411987305,3.338860382052403e-05,1.0,0.14800071716308416,0.14800071716308416,0.14800071716308416,1.0,-0.010000228881835938,2.0,1.0,0.0,0.0008763573079203998,0.0009403148177091072,0.0010043277834942245,6.123233995736766e-17,1.0,0.5812358996893612,0.8137351097945196,1.0,0.0,0.14317448345979722,0.9896974625035775,8.620042520484144,13.127426594252363
2024-06-20 00:00:00,10.329999923706056,10.329999923706056,10.329999923706056,10.329999923706056,584400,0.0,0.0,10.329999923706056,0.027507239796062052,-1.0,-0.13800048828124822,0.13800048828124822,-0.13800048828124822,1.0,0.14800071716308416,0.8694279676319172,0.0,1.0,-11.079016395787807,-11.079016395787807,-11.079016395787807,0.22828015605523297,-0.9735954859958003,0.9927098866402195,0.12052834092761085,1.0,0.0,0.955415537423575,0.2952645438409791,8.620042520484144,13.127426594252363
2024-06-21 00:00:00,10.345999717712402,10.345999717712402,10.345999717712402,10.345999717712402,700,0.0,0.0,10.345999717712402,3.299947192458821e-05,1.0,0.01599979400634588,0.0,0.01599979400634588,0.0,-0.13800048828124822,0.01344211282858468,0.00336052820714617,0.9966394717928538,1.8538120624003741e-06,1.8538120624003741e-06,1.8538120624003741e-06,0.46940549307247903,-0.8829827195780123,0.9995249482156409,0.030820089138748414,1.0,0.0,0.9378507161784891,0.3470389519398291,8.620042520484144,13.127426594252363
2024-06-24 00:00:00,10.350000381469728,10.350000381469728,10.350000381469728,10.350000381469728,2200,0.0,0.0,10.350000381469728,0.00010375273037458355,1.0,0.020000457763671875,0.0,0.020000457763671875,0.0,-0.13800048828124822,0.02100480361404841,0.005251200903512102,0.994748799096488,0.0012150671246255534,0.0012150671246255534,0.0012150671246255534,0.6268223000938521,-0.779162245045955,0.9989824032785363,0.0451016401014411,1.0,0.0,0.9535180066725542,0.30133604323279845,8.620042520484144,13.127426594252363
2024-06-26 00:00:00,10.335000038146973,10.335000038146973,10.335000038146973,10.335000038146973,200,0.0,0.0,10.335000038146973,9.418396423873596e-06,-1.0,-0.015000343322755683,0.0,-0.015000343322755683,0.0,0.020000457763671875,0.5625000000001332,0.8593749999999667,0.1406250000000333,-0.00013185086266691412,-0.00013185086266691412,-0.00013185086266691412,0.9036104159569216,-0.4283552452978241,0.9938369640095681,0.11085165297930602,1.0,0.0,0.987745394103589,0.156073817237696,8.620042520484144,13.127426594252363
2024-06-27 00:00:00,10.329999923706056,10.345999717712402,10.329999923706056,10.345999717712402,1900,0.0,0.0,10.337999820709229,8.956999522388228e-05,-1.0,-0.004000663757325995,0.0,0.010999679565429688,0.0,0.020000457763671875,0.04001144464841169,0.5,0.5,0.010105600029512671,0.010105600029512671,-0.004597250159824769,0.99797150423876,-0.06366220799993194,0.9997741082577604,0.021253998621437804,1.0,0.0,0.9943976865702006,0.10570355218171797,8.620042520484144,13.127426594252363
2024-06-28 00:00:00,10.35099983215332,10.35099983215332,10.350000381469728,10.350000381469728,2000,0.0,0.0,10.350500106811523,9.432066397689413e-05,1.0,0.004000663757325995,0.015999794006347656,0.015000343322755683,1.1376964008869024,-0.004000663757325995,1.0,1.0,0.0,0.0005086030316790692,0.00040696028097506574,0.002036084441466368,0.8464606266746281,-0.5324513193613065,0.999942258856296,0.010746113407571452,1.0,0.0,0.8402920897165601,0.5421339354437945,8.620042520484144,13.127426594252363
2024-07-02 00:00:00,10.390000343322754,10.390000343322754,10.359999656677246,10.36299991607666,24100,0.0,0.0,10.375,0.001137991518073112,1.0,0.017000198364257812,0.0,0.012999534606931817,0.0,-0.004000663757325995,2.0,0.5,0.5,0.04531663426215537,0.015125224715232023,0.011636046936615062,0.94807020588411,-0.3180611336124886,0.9575428674693137,0.2882909241697427,1.0,0.0,0.9113726577984752,0.4115821650865637,8.620042520484144,13.127426594252363
2024-07-08 00:00:00,10.375,10.375,10.375,10.375,1700,0.0,0.0,10.375,8.036621495545477e-05,1.0,0.029000282287597656,0.0,0.012000083923339844,0.0,-0.004000663757325995,2.0,0.5,0.5,-0.00010191336254274845,8.163554367584602e-05,0.00010206081713186152,0.9123559663850033,-0.4093978390290876,0.9889987062302046,0.14792416663608887,1.0,0.0,0.9123592070247477,0.40939061708492247,8.620042520484144,13.127426594252363
2024-07-12 00:00:00,10.359999656677246,10.380000114440918,10.359999656677246,10.380000114440918,6000,0.0,0.0,10.369999885559082,0.000283782164286822,1.0,0.034000396728515625,0.015000343322753906,0.005000114440917969,2.0,-0.004000663757325995,2.0,1.0,0.0,0.001700550482808516,0.001700550482808516,-0.005106572372756807,0.9892702358271335,-0.14609722963330854,0.989270907041643,0.14609268455677366,1.0,0.0,0.9763329165654919,0.21627305895723625,8.620042520484144,13.127426594252363
2024-07-15 00:00:00,10.359999656677246,10.359999656677246,10.359999656677246,10.359999656677246,200,0.0,0.0,10.359999656677246,9.441178844472983e-06,1.0,0.01399993896484375,0.015000343322753906,-0.020000457763671875,0.5625,-0.004000663757325995,2.0,0.21951219512195122,0.7804878048780488,-6.428948243134778e-05,-6.428948243134778e-05,0.0,0.9590413946562192,-0.2832659586605034,0.9991111554297871,0.04215328096074883,1.0,0.0,0.9846582717651303,0.1744938046020737,8.620042520484144,13.127426594252363
2024-07-18 00:00:00,10.369999885559082,10.380000114440918,10.359999656677246,10.380000114440918,1400,0.0,0.0,10.369999885559082,6.621583833359181e-05,1.0,0.034000396728515625,0.0,0.020000457763671875,0.0,-0.004000663757325995,2.0,0.5,0.5,0.013500791310583035,0.013500791310583035,0.0,0.997395463431395,-0.0721268987720455,0.9941685996486913,0.10783689291035856,1.0,0.0,0.9897029316632314,0.1431366726496219,8.620042520484144,13.127426594252363
2024-07-26 00:00:00,10.4399995803833,10.4399995803833,10.359999656677246,10.399999618530272,15000,0.0,0.0,10.399999618530272,0.0007108223429166136,1.0,0.05399990081786932,0.020000457763671875,0.019999504089353692,1.0000953720704127,-0.004000663757325995,2.0,1.0,0.0,0.061753259388476846,0.020623715467846394,0.0,0.9982659930452056,-0.05886431116958313,0.969522871441727,0.24500081989942082,1.0,0.0,0.9941864577451653,0.10767212840898313,8.620042520484144,13.127426594252363
2024-07-30 00:00:00,10.390000343322754,10.390000343322754,10.390000343322754,10.390000343322754,100,0.0,0.0,10.390000343322754,4.7342593960523045e-06,-1.0,-0.009999275207517755,0.0,-0.009999275207517755,0.0,0.05399990081786932,0.034288707806813645,0.9914278230482966,0.008572176951703411,-3.2004632577166816e-05,-6.412874924396433e-06,1.927754965173193e-05,0.613635817104201,-0.7895891868350652,0.994743357404116,0.10239947705133574,1.0,0.0,0.7915355389051568,0.6111231386963866,8.620042520484144,13.127426594252363
2024-08-01 00:00:00,10.390000343322754,10.399999618530272,10.390000343322754,10.399999618530272,25900,0.0,0.0,10.394999980926514,0.0012273532454360194,1.0,0.009999275207517755,0.009999275207517755,0.009999275207517755,1.0,-0.009999275207517755,1.0,1.0,0.0,0.2491401908128014,0.2491401908128014,0.0,0.8232137519770133,-0.5677315550116344,0.9987890583361909,0.04919773315819575,1.0,0.0,0.8882138559610498,0.4594302407099508,8.620042520484144,13.127426594252363
2024-08-02 00:00:00,10.380000114440918,10.380000114440918,10.380000114440918,10.380000114440918,500,0.0,0.0,10.380000114440918,2.36485136905685e-05,-1.0,-0.019999504089353692,0.010000228881835938,-0.019999504089353692,0.25002384301760316,0.009999275207517755,2.0,0.24997615698239684,0.7500238430176032,-3.715984768981333e-05,-3.715984768981333e-05,-1.8589755162599626e-05,0.7169981491356534,-0.6970750706602894,0.992696435970954,0.12063907331609244,1.0,0.0,0.9512906193494727,0.308295568469118,8.620042520484144,13.127426594252363
2024-08-05 00:00:00,10.399999618530272,10.399999618530272,10.390000343322754,10.399999618530272,700,0.0,0.0,10.394999980926514,3.3171709336108634e-05,1.0,0.019999504089353692,0.0,0.019999504089353692,0.0,-0.019999504089353692,1.0,0.25,0.75,0.0026948321544652625,0.0026948321544652625,0.0013481290443917247,0.9017157763171484,-0.43232934059668254,0.9985842391666953,0.053193207159114464,1.0,0.0,0.9017117580216392,0.43233772151585953,8.620042520484144,13.127426594252363
2024-08-12 00:00:00,10.397000312805176,10.399999618530272,10.390000343322754,10.390000343322754,4200,0.0,0.0,10.394999980926514,0.00019883889463419678,-1.0,-0.009999275207517755,0.009999275207517755,-0.009999275207517755,1.0,0.019999504089353692,0.2499761581193216,0.0,1.0,0.0,-0.00577158743195679,0.0,0.9360702449681666,-0.3518131556454882,0.998898417334777,0.04692495973442626,1.0,0.0,0.9735013527838118,0.22868125443089637,8.620042520484144,13.127426594252363
2024-08-13 00:00:00,10.399999618530272,10.399999618530272,10.380999565124512,10.380999565124512,1100,0.0,0.0,10.390499591827393,5.203173957497417e-05,-1.0,-0.019000053405759942,0.0,-0.019000053405759942,0.0,0.019999504089353692,0.9025498314064425,0.7743625421483894,0.22563745785161063,0.0,-0.0002269844187914606,-0.0002269844187914606,0.9554130253781351,-0.2952726721825082,0.9991132702795775,0.04210312519573698,1.0,0.0,0.9998807605153863,0.015442303946385953,8.620042520484144,13.127426594252363
2024-08-14 00:00:00,10.414999961853027,10.414999961853027,10.399999618530272,10.399999618530272,2500,0.0,0.0,10.40749979019165,0.00011847039048610226,1.0,0.019000053405759942,0.015000343322755683,0.019000053405759942,0.6232937254147105,-0.019000053405759942,1.0,0.8732937254147105,0.1267062745852895,0.0032756848481542457,0.004155905996330525,0.004155905996330525,0.9880123004123347,-0.15437517363205283,0.97689882080499,0.21370234886360068,1.0,0.0,0.7690064969638578,0.6392409621006591,8.620042520484144,13.127426594252363
2024-08-19 00:00:00,10.43000030517578,10.43000030517578,10.414999961853027,10.43000030517578,106000,0.0,0.0,10.422500133514404,0.0050376347288554986,1.0,0.049000740051267755,0.0,0.030000686645507812,0.0,-0.019000053405759942,2.0,0.5,0.5,0.06102322367351508,0.1221343368630424,0.0611111765271656,0.9987161635204568,-0.05065594459666379,0.956671862710466,0.29116824534637586,1.0,0.0,0.8231322505409704,0.5678497143781593,8.620042520484144,13.127426594252363
2024-08-21 00:00:00,10.430999755859377,10.430999755859377,10.430999755859377,10.430999755859377,500,0.0,0.0,10.430999755859377,2.3764704991628374e-05,1.0,0.05000019073486506,0.0,0.0009994506835973027,0.0,-0.019000053405759942,2.0,0.5,0.5,4.519812092589077e-07,4.519812092589077e-07,7.2407874380731775e-06,0.9989550667251816,-0.04570311438061816,0.9620436258885331,0.27289569781739714,1.0,0.0,0.7951907832990752,0.6063593143971677,8.620042520484144,13.127426594252363
2024-08-22 00:00:00,10.4399995803833,10.44499969482422,10.4399995803833,10.4399995803833,35300,0.0,0.0,10.44249963760376,0.0016792357612780467,1.0,0.05900001525878906,0.0,0.009999275207521308,0.0,-0.019000053405759942,2.0,0.5,0.5,0.09469205948705876,0.06088712870453485,0.06088712870453485,0.9988727221235872,-0.04746877918605951,0.9465095914519673,0.32267567818078563,1.0,0.0,0.8305941640343852,0.5568782045223359,8.620042520484144,13.127426594252363
2024-09-03 00:00:00,10.430999755859377,10.449999809265137,10.43000030517578,10.449999809265137,71100,0.0,0.0,10.44000005722046,0.0033854965154336996,1.0,0.069000244140625,0.009999275207521308,0.010000228881835938,0.9998092785970794,-0.019000053405759942,2.0,1.0,0.0,0.0009639676737568311,0.0019283968074307624,-0.0019300606917862233,0.9993678246414006,-0.03555208955201807,0.9511237796171071,0.3088099024430218,1.0,0.0,0.9134653679628069,0.40691647979969303,8.620042520484144,13.127426594252363
2024-09-09 00:00:00,10.470000267028809,10.510000228881836,10.470000267028809,10.470000267028809,100100,0.0,0.0,10.490000247955322,0.0047754825022579715,1.0,0.08900070190429688,0.0,0.020000457763671875,0.0,-0.019000053405759942,2.0,0.5,0.5,0.008060416455562883,0.0026919855626312246,0.005388994639083667,6.123233995736766e-17,1.0,0.8750428596772889,0.4840454459322932,1.0,0.0,0.5278136562922688,0.8493601969902914,8.620042520484144,13.127426594252363
2024-09-10 00:00:00,10.46500015258789,10.475000381469728,10.46500015258789,10.472999572753906,12400,0.0,0.0,10.470000267028809,0.0005917377265862422,-1.0,0.0029993057250976562,0.0,0.02299976348876953,0.0,-0.019000053405759942,0.02491906997590437,0.0062297674939760924,0.9937702325060239,-0.0004132137534014624,3.548129402539494e-05,-5.917313431697468e-05,0.5678102259512718,-0.8231594908067121,0.9452720838177909,0.32628314016321974,1.0,0.0,0.8096664583703821,0.5868903016663014,8.620042520484144,13.127426594252363
2024-09-11 00:00:00,10.470000267028809,10.470000267028809,10.46500015258789,10.46500015258789,22100,0.0,0.0,10.46750020980835,0.0010538237949911026,-1.0,-0.005000114440917969,0.0,-0.007999420166015625,0.0,0.0029993057250976562,2.0,0.5,0.5,-0.0008509423738281527,-0.0013618331540121906,0.0,0.6887456329553374,-0.7250030710865656,0.9383407848187303,0.3457116884714332,1.0,0.0,0.8521695526237293,0.5232657580819454,8.620042520484144,13.127426594252363
2024-09-12 00:00:00,10.470000267028809,10.479999542236328,10.470000267028809,10.479999542236328,106000,0.0,0.0,10.474999904632568,0.005061784094690848,1.0,0.0149993896484375,0.004999160766599786,0.0149993896484375,0.11108285474110097,-0.005000114440917969,2.0,0.6110828547411009,0.3889171452588991,0.004578551308964104,0.006869684882082999,0.0022911343562388394,0.8884418653361493,-0.45898916318146726,0.9361084560260292,0.35171147060703567,1.0,0.0,0.9682194835277053,0.25010204260929925,8.620042520484144,13.127426594252363
2024-09-25 00:00:00,10.479999542236328,10.489999771118164,10.479999542236328,10.489999771118164,9400,0.0,0.0,10.484999656677246,0.00044930351914900207,1.0,0.024999618530273438,0.0,0.010000228881835938,0.0,-0.005000114440917969,2.0,0.5,0.5,8.45791873091672e-05,8.45791873091672e-05,8.465185554683187e-05,0.9682196966562768,-0.25010121752368025,0.9324548508587678,0.3612865221814303,1.0,0.0,0.9324600095860115,0.3612732075906755,8.620042520484144,13.127426594252363
2024-09-26 00:00:00,10.515000343322754,10.515000343322754,10.479999542236328,10.479999542236328,18800,0.0,0.0,10.49749994277954,0.0008977503866055465,1.0,0.0149993896484375,0.0,-0.010000228881835938,0.0,-0.005000114440917969,2.0,0.5,0.5,0.00476088018440942,-0.001907530607398239,0.0,6.123233995736766e-17,1.0,0.998803985778627,0.048893741856483215,1.0,0.0,0.9713314294726573,0.23772937159426508,8.620042520484144,13.127426594252363
2024-10-01 00:00:00,10.489999771118164,10.489999771118164,10.479999542236328,10.489999771118164,120300,0.0,0.0,10.484999656677246,0.005750129080172867,1.0,0.024999618530273438,0.0,0.010000228881835938,0.0,-0.005000114440917969,2.0,0.5,0.5,-0.01523228420703333,0.00610308329973426,0.0,0.6191990359600654,-0.7852340758437102,0.9507296921361983,0.3100210516894129,1.0,0.0,0.9823866657362472,0.1868594096737406,8.620042520484144,13.127426594252363
2024-10-07 00:00:00,10.5,10.5,10.479999542236328,10.5,7200,0.0,0.0,10.489999771118164,0.00034447545574102794,-1.0,0.010000228881835938,0.010000228881835938,0.010000228881835938,1.0,-0.005000114440917969,2.0,1.0,0.0,5.702881808845229e-05,5.702881808845229e-05,0.0,0.9387327042677622,-0.34464606473617837,0.9506588562509054,0.3102381972480505,1.0,0.0,0.9893893453256556,0.14528841439037973,8.620042520484144,13.127426594252363
2024-10-10 00:00:00,10.5,10.508000373840332,10.489999771118164,10.508000373840332,11100,0.0,0.0,10.499000072479248,0.0005314709684726389,1.0,0.008000373840332031,0.008000373840332031,0.008000373840332031,1.0,-0.005000114440917969,2.0,1.0,0.0,0.0011742107245837983,0.0011742107245837983,0.0014703881765361427,0.9934953009865419,-0.11387311762510291,0.9491816048919774,0.31472890069818815,1.0,0.0,0.8975514071782247,0.4409098223813898,8.620042520484144,13.127426594252363
2024-10-15 00:00:00,10.49899959564209,10.5,10.489999771118164,10.489999771118164,3200,0.0,0.0,10.494999885559082,0.00015295438949753263,1.0,-0.010000228881835938,0.0,-0.010000228881835938,0.0,0.008000373840332031,1.562425498563623,0.6093936253590942,0.39060637464090575,-0.00021957483235460364,-0.0004942721126875736,0.0,0.981481665687419,-0.19155610123264,0.9561942681078601,0.2927328502878924,1.0,0.0,0.9677689584909792,0.25183971684642054,8.620042520484144,13.127426594252363
2024-10-17 00:00:00,10.494999885559082,10.604999542236328,10.494999885559082,10.604999542236328,22700,0.0,0.0,10.549999713897703,0.0010969150601204659,1.0,0.10499954223632812,0.0,0.11499977111816406,0.0,-0.010000228881835938,2.0,0.5,0.5,0.07058427092105284,0.0773434134082228,0.003380468181611405,6.123233995736766e-17,1.0,0.8146686360679642,0.5799267310679539,1.0,0.0,0.9810039611282304,0.1939877012872758,8.620042520484144,13.127426594252363
2024-10-21 00:00:00,10.510000228881836,10.510000228881836,10.510000228881836,10.510000228881836,500,0.0,0.0,10.510000228881836,2.3944689938375518e-05,-1.0,-0.09499931335449219,0.0,-0.09499931335449219,0.0,0.10499954223632812,0.818589408522184,0.795352647869454,0.204647352130546,-0.00019819994426215016,-0.00019819994426215016,3.14595606899301e-05,0.31922152264851344,-0.9476801250833345,0.9840248014928425,0.1780314299413779,1.0,0.0,0.9736152529294676,0.22819583533248108,8.620042520484144,13.127426594252363
2024-10-23 00:00:00,10.529999732971191,10.529999732971191,10.520000457763672,10.520000457763672,1200,0.0,0.0,10.525000095367432,5.75219357473645e-05,1.0,0.010000228881835938,0.01999950408935547,0.010000228881835938,2.0,-0.09499931335449219,0.011080999816115553,1.0,0.0,0.004562624515349646,0.002282505804352836,0.002282505804352836,0.6541087199310077,-0.7564005437003721,0.997824068272837,0.06593275950121229,1.0,0.0,0.9708913608473209,0.23952028188033964,8.620042520484144,13.127426594252363
2024-10-28 00:00:00,10.550000190734863,10.550000190734863,10.550000190734863,10.550000190734863,9200,0.0,0.0,10.550000190734863,0.00044225910500920876,1.0,0.039999961853027344,0.0,0.029999732971191406,0.0,-0.09499931335449219,0.1772875432201808,0.0443218858050452,0.9556781141949549,0.014548087610036358,0.021831793611788424,0.021831793611788424,0.8750481001589332,-0.48403597222545525,0.9913997654388735,0.1308682738013553,1.0,0.0,0.943264428308679,0.33204249470135755,8.620042520484144,13.127426594252363
2024-10-30 00:00:00,10.539999961853027,10.539999961853027,10.539999961853027,10.539999961853027,900,0.0,0.0,10.539999961853027,4.322346774249689e-05,-1.0,-0.010000228881835938,0.010000228881835938,-0.010000228881835938,1.0,0.039999961853027344,0.06250298027060815,0.0,1.0,-9.277223832163514e-05,-9.277223832163514e-05,-9.277223832163514e-05,0.8763961896549816,-0.4815908208824474,0.9956172806895428,0.09352128309834169,1.0,0.0,0.9604659373895555,0.27839752713413674,8.620042520484144,13.127426594252363
2024-10-31 00:00:00,10.539999961853027,10.579999923706056,10.539999961853027,10.579999923706056,1300,0.0,0.0,10.55999994277954,6.267083841397209e-05,1.0,0.03999996185302912,0.029999732971193183,0.03999996185302912,0.5624910593303011,-0.010000228881835938,2.0,1.0,0.0,0.0054713752831129,0.0054713752831129,0.0,0.9877993950226581,-0.15573167690894058,0.9796363727876425,0.20077992208254106,1.0,0.0,0.9731575113590882,0.23014008361297253,8.620042520484144,13.127426594252363
2024-11-13 00:00:00,10.604999542236328,10.649999618530272,10.56999969482422,10.640999794006348,3300,0.0,0.0,10.609999656677246,0.00016000474519597513,1.0,0.10099983215332031,0.010000228881835938,0.06099987030029119,0.026875840622111066,-0.010000228881835938,2.0,0.526875840622111,0.473124159377889,0.01673966432847109,0.014593640890460714,0.007214890530555037,6.123233995736766e-17,1.0,0.9799177886005679,0.1994019247253466,1.0,0.0,0.7755652025103221,0.6312674683960223,8.620042520484144,13.127426594252363
2024-11-14 00:00:00,10.600000381469728,10.600000381469728,10.600000381469728,10.600000381469728,200,0.0,0.0,10.600000381469728,9.659894080057818e-06,1.0,0.060000419616700995,0.0,-0.04099941253661932,0.0,-0.010000228881835938,2.0,0.5,0.5,-0.0002852006392045252,-0.00023396383037330672,0.00017177358776650326,0.6122251408560617,-0.7906834871829406,0.9836709077355409,0.1799765131197317,1.0,0.0,0.7904487051446565,0.6125282397858371,8.620042520484144,13.127426594252363
2024-11-15 00:00:00,10.571999549865724,10.571999549865724,10.571999549865724,10.571999549865724,100,0.0,0.0,10.571999549865724,4.817188310891453e-06,-1.0,-0.028000831604003906,0.0,-0.06900024414062322,0.0,0.060000419616700995,0.2177876677767544,0.9455530830558114,0.0544469169441886,-0.001322540699736235,-0.001322540699736235,-0.001322540699736235,0.7160006881465353,-0.6980995735378213,0.9940460303804572,0.10896095394615049,1.0,0.0,0.9662359227891232,0.25765896357753887,8.620042520484144,13.127426594252363
2024-11-18 00:00:00,10.56999969482422,10.59000015258789,10.56999969482422,10.59000015258789,4000,0.0,0.0,10.579999923706056,0.0001930156152836121,-1.0,-0.010000228881837714,0.0,0.018000602722166192,0.0,0.060000419616700995,0.027778660810402516,0.5,0.5,0.06804877790478042,0.06804877790478042,-0.007567326129788573,0.8894793831399739,-0.4569753023620987,0.9906635839210843,0.1363292466517461,1.0,0.0,0.9819425137000547,0.18917954378953872,8.620042520484144,13.127426594252363
2024-11-19 00:00:00,10.579999923706056,10.600000381469728,10.579999923706056,10.600000381469728,62500,0.0,0.0,10.59000015258789,0.0030187169000180677,1.0,0.010000228881837714,0.028000831604003906,0.028000831604003906,1.0,-0.010000228881837714,1.0,1.0,0.0,0.014747859588542795,0.014747859588542795,0.014775752160466908,0.9537139420688798,-0.3007153416496029,0.989937635083742,0.14150434143448806,1.0,0.0,0.9696252812068935,0.2445952044592304,8.620042520484144,13.127426594252363
2024-11-21 00:00:00,10.600000381469728,10.609000205993652,10.59000015258789,10.609000205993652,699400,0.0,0.0,10.599500179290771,0.033809330721334345,1.0,0.01900005340576172,0.0,0.008999824523924005,0.0,-0.010000228881837714,2.0,0.5,0.5,0.009497065732748364,0.009497065732748364,0.010572183360980654,0.9791981317484846,-0.20290642863220848,0.9999577665629529,0.009190489129043921,1.0,0.0,0.9695204509969177,0.24501039794003263,8.620042520484144,13.127426594252363
2024-11-22 00:00:00,10.619999885559082,10.619999885559082,10.619999885559082,10.619999885559082,1000,0.0,0.0,10.619999885559082,4.839059921359298e-05,1.0,0.029999732971191406,0.0,0.019999504089353692,0.0,-0.010000228881837714,2.0,0.5,0.5,1.481681514242908e-06,1.481681514242908e-06,4.0446513145484265e-06,0.9919111020708388,-0.12693449329718892,0.9994886029794007,0.03197706231482009,1.0,0.0,0.9198099786400199,0.39236412067650395,8.620042520484144,13.127426594252363
2024-11-25 00:00:00,10.649999618530272,10.649999618530272,10.600000381469728,10.600000381469728,400,0.0,0.0,10.625,1.9319788160115636e-05,1.0,0.010000228881837714,0.0,-0.019999504089353692,0.0,-0.010000228881837714,1.0,0.5,0.5,0.001128339771344965,-0.000753986949582786,-0.000753986949582786,6.123233995736766e-17,1.0,0.9965155331029832,0.08340738746943942,1.0,0.0,0.9839505842322607,0.1784411605795954,8.620042520484144,13.127426594252363
2024-11-29 00:00:00,10.609999656677246,10.609999656677246,10.609999656677246,10.609999656677246,200,0.0,0.0,10.609999656677246,9.669006526841386e-06,1.0,0.01999950408935547,0.0,0.009999275207517755,0.0,-0.010000228881837714,2.0,0.5,0.5,-0.0018814658145201242,0.0004714415459468971,0.0004714415459468971,0.6460632598303004,-0.7632838687522786,0.9999443659721663,0.010548220727797679,1.0,0.0,0.9732011630415106,0.22995542232061233,8.620042520484144,13.127426594252363
2024-12-02 00:00:00,10.600000381469728,10.600000381469728,10.600000381469728,10.600000381469728,300,0.0,0.0,10.600000381469728,1.4489841120086726e-05,-1.0,-0.009999275207517755,0.0,-0.009999275207517755,0.0,0.01999950408935547,0.2499761581192772,0.9375059604701808,0.0624940395298193,-0.0014143246378406913,-0.0014143246378406913,-0.0014143246378406913,0.7433925539632877,-0.668855373538959,0.98850339767179,0.1511986534044765,1.0,0.0,0.9841912823346567,0.17710877950136747,8.620042520484144,13.127426594252363
2024-12-09 00:00:00,10.619999885559082,10.619999885559082,10.609999656677246,10.619999885559082,191900,0.0,0.0,10.614999771118164,0.009286155989088492,1.0,0.019999504089353692,0.0,0.019999504089353692,0.0,-0.009999275207517755,2.0,0.5,0.5,1.2057507968744716,1.2057507968744716,0.6031308844480636,0.9409186571168414,-0.33863266335284276,0.9994312478264993,0.0337221124481621,1.0,0.0,0.9795007389577298,0.20144056786372802,8.620042520484144,13.127426594252363
2024-12-10 00:00:00,10.609999656677246,10.609999656677246,10.59000015258789,10.595000267028809,26100,0.0,0.0,10.599999904632568,0.001260021533586557,-1.0,-0.024999618530273438,0.010000228881837714,-0.024999618530273438,0.16001220745041198,0.019999504089353692,1.5625298032037636,0.4493553417486471,0.5506446582513529,-0.00012813137408607654,-0.0003205426853054887,-0.0002566131443403391,0.9409152270941005,-0.3386421938011527,0.9999439782310277,0.010584913769424607,1.0,0.0,0.9959765007845155,0.08961478608484212,8.620042520484144,13.127426594252363
2024-12-11 00:00:00,10.590999603271484,10.619999885559082,10.59000015258789,10.619999885559082,14500,0.0,0.0,10.605000019073486,0.0007016636885970982,1.0,0.024999618530273438,0.0,0.024999618530273438,0.0,-0.024999618530273438,1.0,0.25,0.75,0.0005233803892532587,0.001309326124097984,0.0,0.9795544330154792,-0.20117930499860817,0.9995933908605171,0.028514083326900162,1.0,0.0,0.9971192884754378,0.07584935431654369,8.620042520484144,13.127426594252363
2024-12-12 00:00:00,10.604999542236328,10.619999885559082,10.59000015258789,10.614999771118164,17300,0.0,0.0,10.605000019073486,0.0008367632154834692,1.0,0.01999950408935547,0.0,-0.005000114440917969,0.0,-0.024999618530273438,0.6399877928406922,0.5,0.5,0.0,-0.0005618699201963293,0.0,0.9849570879128919,-0.17279911738824266,0.9996165299242495,0.027691029273068844,1.0,0.0,0.9975466162138199,0.070005346084123,8.620042520484144,13.127426594252363
2024-12-13 00:00:00,10.619999885559082,10.619999885559082,10.619999885559082,10.619999885559082,200,0.0,0.0,10.619999885559082,9.678119842718597e-06,1.0,0.024999618530273438,0.0,0.005000114440917969,0.0,-0.024999618530273438,1.0,0.25,0.75,0.0,5.444294057834725e-06,3.270322692942392e-05,0.9832820433697614,-0.18208905290155852,0.9994752611375944,0.032391393516447126,1.0,0.0,0.6108039051413778,0.7917819077650378,8.620042520484144,13.127426594252363
2024-12-17 00:00:00,10.619999885559082,10.699999809265137,10.619999885559082,10.635000228881836,78000,0.0,0.0,10.65999984741211,0.00377979802844842,1.0,0.039999961853027344,0.0,0.015000343322753906,0.0,-0.024999618530273438,2.0,0.5,0.5,2.9268265189455547,0.5504713116326325,0.0,6.123233995736766e-17,1.0,0.6971133334653937,0.7169609475450994,1.0,0.0,0.8655902380167178,0.5007529728820008,8.620042520484144,13.127426594252363
2024-12-18 00:00:00,10.630000114440918,10.630000114440918,10.604999542236328,10.604999542236328,25900,0.0,0.0,10.617499828338625,0.0012515462580229102,-1.0,-0.030000686645507812,0.015000343322753906,-0.030000686645507812,0.25,0.039999961853027344,0.5625268224354733,0.6093682943911317,0.3906317056088683,-0.0021794175801892646,-0.000938019451074148,-0.00046934118876884937,0.349026241249279,-0.9371129509933155,0.9954337181761354,0.09545529172358284,1.0,0.0,0.9821034929650683,0.18834205347136926,8.620042520484144,13.127426594252363
2024-12-20 00:00:00,10.239999771118164,10.550000190734863,10.239999771118164,10.520000457763672,2400,0.0,0.0,10.394999980926514,0.000115043871494729,-1.0,-0.11499977111816406,0.0,-0.08499908447265625,0.0,0.039999961853027344,2.0,0.5,0.5,-0.0007000113537870575,-0.0007456911753786753,-0.0032451306046911337,0.5601496131882612,-0.8283914599059079,0.9996963793925927,0.024640394261079866,0.501451920255168,-0.8651855128655382,0.9999240676725223,0.012323103879993151,8.620042520484144,13.127426594252363
2024-12-23 00:00:00,10.550000190734863,10.600000381469728,10.510000228881836,10.600000381469728,1300,0.0,0.0,10.55500030517578,6.27893115203758e-05,1.0,0.07999992370605646,0.0,0.07999992370605646,0.0,-0.11499977111816406,0.48393295036263123,0.12098323759065781,0.8790167624093422,0.0025610814104322114,0.004103531277039488,0.014096409441476844,0.8581397985021241,-0.5134160946315706,0.9986190363208461,0.05253589532524038,0.9611508438144063,-0.276023650136822,0.20209042273989924,0.9793668674387596,8.620042520484144,13.127426594252363
2024-12-24 00:00:00,10.5,10.630000114440918,10.5,10.630000114440918,800,0.0,0.0,10.56500005722046,3.874893263438322e-05,1.0,0.1099996566772461,0.0,0.1099996566772461,0.0,-0.11499977111816406,0.9149317681402295,0.22873294203505737,0.7712670579649427,0.001739177927920704,0.001739177927920704,-0.0005858150344755375,0.9642123714836486,-0.2651311046970508,0.9997481549778592,0.02244162690997308,0.9733308770257756,-0.2294057624128794,0.43969533396725685,0.8981469886869423,8.620042520484144,13.127426594252363
2024-12-26 00:00:00,10.609999656677246,10.609999656677246,10.609999656677246,10.609999656677246,100,0.0,0.0,10.609999656677246,4.834503263420693e-06,1.0,0.08999919891357422,0.0,-0.020000457763671875,0.0,-0.11499977111816406,0.6124679052621621,0.5,0.5,-0.00023541028694911052,-0.00023541028694911052,0.0013026960974209729,0.9548546333428237,-0.29707344072424546,0.9999955254069501,0.002991515682354956,1.0,0.0,0.46221412851242305,0.8867683459638719,8.620042520484144,13.127426594252363
2024-12-30 00:00:00,10.550000190734863,10.630000114440918,10.550000190734863,10.630000114440918,4000,0.0,0.0,10.59000015258789,0.0001937446631719161,1.0,0.020000457763671875,0.020000457763671875,0.020000457763671875,1.0,-0.11499977111816406,0.030247251648811393,1.0,0.0,0.07533129182371537,0.07533129182371537,-0.2268410827033945,0.9849254627065904,-0.17297928463318618,0.9998601361703155,0.016724476000106143,0.9971792779750228,-0.07505656251929034,0.6507902193183518,0.7592575916245893,8.620042520484144,13.127426594252363
2024-12-31 00:00:00,10.609000205993652,10.699999809265137,10.574999809265137,10.699999809265137,116800,0.0,0.0,10.637499809265137,0.0056945983848246135,1.0,0.09000015258789062,0.0,0.09000015258789062,0.0,-0.11499977111816406,0.612480885333376,0.153120221333344,0.846879778666656,0.1916541112215857,0.1916541112215857,0.06911137146357248,6.123233995736766e-17,1.0,0.9544531868216132,0.2983607114987944,0.9997507993101851,-0.022323514029965272,0.7441784267530791,0.6679808898129587,8.620042520484144,13.127426594252363
2025-01-02 00:00:00,10.649999618530272,10.729999542236328,10.649999618530272,10.729999542236328,92800,0.0,0.0,10.6899995803833,0.004537160761480361,1.0,0.11999988555908203,0.0,0.11999988555908203,0.0,-0.11499977111816406,1.088849138315872,0.272212284578968,0.7277877154210319,0.002224489500678482,0.002224489500678482,0.005614972076285259,6.123233995736766e-17,1.0,0.9540990262313734,0.29949131564094655,1.0,0.0,0.7589362533920607,0.6511649278694468,8.620042520484144,13.127426594252363
2025-01-03 00:00:00,10.699999809265137,10.699999809265137,10.68000030517578,10.68000030517578,646200,0.0,0.0,10.69000005722046,0.031446673145377815,1.0,0.07000064849853338,0.0,-0.04999923706054865,0.0,-0.11499977111816406,0.37051873688830433,0.5,0.5,-0.01949594110800122,-0.032523380972066925,0.019587964761131837,0.9388330817802422,-0.3443725374576391,0.9856632959615629,0.1687242335711991,1.0,0.0,0.7928808584000113,0.6093766851323253,8.620042520484144,13.127426594252363
2025-01-06 00:00:00,10.65999984741211,10.65999984741211,10.65999984741211,10.65999984741211,600,0.0,0.0,10.65999984741211,2.9143716711401387e-05,-1.0,-0.0200004577636701,0.0,-0.06999969482421875,0.0,0.07000064849853338,0.08163487736903378,0.9795912806577416,0.020408719342258446,-3.477543955844996e-06,-1.7404430214322271e-06,-1.7404430214322271e-06,0.918096462673788,-0.39635701737937973,0.9981036011076239,0.06155648995835679,1.0,0.0,0.8393716944144423,0.5435578705306622,8.620042520484144,13.127426594252363
2025-01-07 00:00:00,10.5600004196167,10.6899995803833,10.5600004196167,10.6899995803833,272800,0.0,0.0,10.625,0.013287967034576317,-1.0,0.009999275207521308,0.0,0.029999732971191406,0.0,-0.0200004577636701,0.24995231964931425,0.06248807991232856,0.9375119200876715,1.2777404174675557,1.2777404174675557,-4.285240898413927,0.9887693570486573,-0.14944951843878554,0.9953126307555972,0.09670970508884998,0.999658006665012,-0.02615090267150991,0.9274948458824204,0.3738359411045776,8.620042520484144,13.127426594252363
2025-01-08 00:00:00,10.75,10.75,10.75,10.75,500,0.0,0.0,10.75,2.449147585460351e-05,1.0,0.06000041961669922,0.09000015258789062,0.09000015258789062,1.0,-0.0200004577636701,2.0,1.0,0.0,1.0258530385384282e-05,1.0258530385384282e-05,3.2683218513262164e-05,6.123233995736766e-17,1.0,0.9984724035164456,0.05525268695812198,1.0,0.0,0.42947314469864234,0.9030796299234409,8.620042520484144,13.127426594252363
2025-01-10 00:00:00,10.720000267028809,10.739999771118164,10.71500015258789,10.720000267028809,2500,0.0,0.0,10.727499961853027,0.00012211564079129267,-1.0,-0.029999732971191406,0.0,-0.029999732971191406,0.0,0.06000041961669922,0.24999205283276826,0.937501986791808,0.062498013208192066,-0.004653433684664766,-0.01397286101447404,-0.016305542587144905,6.123233995736766e-17,1.0,0.9997663239987834,0.021617062657992084,1.0,0.0,0.7665210444560828,0.6422191903127435,8.620042520484144,13.127426594252363
2025-01-13 00:00:00,10.850000381469728,10.850000381469728,10.850000381469728,10.850000381469728,300,0.0,0.0,10.850000381469728,1.4831582643639331e-05,1.0,0.13000011444091975,0.10000038146972834,0.13000011444091975,0.5917194489754298,-0.029999732971191406,2.0,1.0,0.0,0.0012227951041126309,0.001446454637357303,0.001502437010398939,6.123233995736766e-17,1.0,0.9790104108628097,0.2038102436636404,1.0,0.0,0.704919760227888,0.7092870587006764,8.620042520484144,13.127426594252363
2025-01-14 00:00:00,10.850000381469728,10.850000381469728,10.75,10.758999824523926,10100,0.0,0.0,10.800000190734863,0.0004951419949139186,-1.0,-0.09100055694580256,0.0,-0.09100055694580256,0.0,0.13000011444091975,0.4900051351783353,0.8774987162054162,0.12250128379458383,0.0,-0.28355642444999224,-0.31172957870584767,6.123233995736766e-17,1.0,0.9859189001872007,0.16722416767220116,1.0,0.0,0.9050363696649212,0.42533418576895526,8.620042520484144,13.127426594252363
2025-01-15 00:00:00,10.739999771118164,10.795000076293944,10.739999771118164,10.75,300,0.0,0.0,10.767499923706056,1.4694885512762106e-05,-1.0,-0.10000038146972834,0.0,-0.10000038146972834,0.0,0.13000011444091975,0.5917194489754298,0.8520701377561426,0.14792986224385746,-0.0001509514803801204,-2.4856713254314586e-05,-2.7644160502959002e-05,0.820449568373889,-0.57171890449337,0.9947432178700273,0.10240083252387894,1.0,0.0,0.9098305911958722,0.41497987339649334,8.620042520484144,13.127426594252363
2025-01-23 00:00:00,10.789999961853027,10.789999961853027,10.789999961853027,10.789999961853027,500,0.0,0.0,10.789999961853027,2.4582606840641505e-05,1.0,0.039999961853027344,0.0,0.039999961853027344,0.0,-0.10000038146972834,0.15999847413054677,0.03999961853263669,0.9600003814673633,-0.0007721588189451836,0.006190028152873197,0.007741166024926085,0.9290819401319256,-0.3698739630207797,0.9961095103299248,0.08812402300325044,1.0,0.0,0.891308398088838,0.45339755126854125,8.620042520484144,13.127426594252363
2025-01-27 00:00:00,10.72599983215332,10.72599983215332,10.710000038146973,10.710000038146973,7600,0.0,0.0,10.717999935150146,0.00037088524200219573,-1.0,-0.07999992370605469,0.07999992370605469,-0.07999992370605469,1.0,0.039999961853027344,2.0,0.0,1.0,-0.09042591380824772,-0.11311617119367733,-0.11311617119367733,0.8666102262536972,-0.4989856869214944,0.9954687500317007,0.09508926180344132,1.0,0.0,0.9582192217046398,0.2860348285711976,8.620042520484144,13.127426594252363
2025-01-28 00:00:00,10.850000381469728,10.850000381469728,10.850000381469728,10.850000381469728,100,0.0,0.0,10.850000381469728,4.94386088121311e-06,1.0,0.14000034332275568,0.060000419616700995,0.14000034332275568,0.18367513762241405,-0.07999992370605469,2.0,0.683675137622414,0.31632486237758595,0.00015124083788113003,0.00017088216555752035,0.00017088216555752035,6.123233995736766e-17,1.0,0.9909102656269587,0.1345245162604577,1.0,0.0,0.9115421169018905,0.4112067230895189,8.620042520484144,13.127426594252363
2025-01-29 00:00:00,10.710000038146973,10.710000038146973,10.670000076293944,10.670000076293944,2000,0.0,0.0,10.69000005722046,9.723685553011003e-05,-1.0,-0.1800003051757848,0.03999996185302912,-0.1800003051757848,0.049382454411131003,0.14000034332275568,1.653058722144469,0.5373528650527517,0.46264713494724824,-0.25974089164743097,-0.33457305083066935,-0.33457305083066935,0.5299981240579874,-0.8479988139702874,0.9983713385346897,0.057049718600987724,1.0,0.0,0.9903849346802571,0.13833900808659438,8.620042520484144,13.127426594252363
2025-01-30 00:00:00,10.84000015258789,10.84000015258789,10.640000343322754,10.739999771118164,44800,0.0,0.0,10.740000247955322,0.0021923948538159796,-1.0,-0.11000061035156428,0.0,0.06999969482422053,0.0,0.14000034332275568,0.6173507618104983,0.5,0.5,0.27025545593531264,0.14647297293204492,-0.0630684190823432,0.998553375071722,-0.05376948142648167,0.9958738190136887,0.09074875538039538,1.0,0.0,0.9963092984905965,0.08583578357058123,8.620042520484144,13.127426594252363
2025-01-31 00:00:00,10.725000381469728,10.75,10.720000267028809,10.75,2500,0.0,0.0,10.735000133514404,0.00012245737927301756,-1.0,-0.10000038146972834,0.039999961853027344,0.07999992370605646,0.2499999999999889,0.14000034332275568,0.5102054718259925,0.6711415409843086,0.32885845901569144,-0.0004652459386776503,5.193564380206212e-05,0.0004180038697796283,0.9368410775551717,-0.3497553364929045,0.9998720187135656,0.015998318463486313,1.0,0.0,0.7447739579743753,0.667316829941508,8.620042520484144,13.127426594252363
2025-02-04 00:00:00,10.869999885559082,10.869999885559082,10.869999885559082,10.869999885559082,200,0.0,0.0,10.869999885559082,9.905947525087001e-06,1.0,0.11999988555908203,0.0,0.11999988555908203,0.0,-0.10000038146972834,1.4399862671749208,0.3599965667937302,0.6400034332062698,0.0008880657627698515,0.0008880657627698515,0.0011116229177963665,6.123233995736766e-17,1.0,0.9985969230625534,0.05295455834959517,1.0,0.0,0.6340230865755783,0.7733141183821596,8.620042520484144,13.127426594252363
2025-02-06 00:00:00,10.800000190734863,10.800000190734863,10.779999732971191,10.779999732971191,500,0.0,0.0,10.789999961853027,2.4559823550948482e-05,-1.0,-0.09000015258789062,0.09000015258789062,-0.09000015258789062,1.0,0.11999988555908203,0.5625029802390283,0.0,1.0,-0.016151290857814863,-0.02078525500546876,-0.02078525500546876,0.8172948846243819,-0.5762196383036751,0.9990305430686511,0.04402242628429297,1.0,0.0,0.90501610112846,0.4253773109819576,8.620042520484144,13.127426594252363
2025-02-07 00:00:00,10.79599952697754,10.79599952697754,10.79599952697754,10.79599952697754,500,0.0,0.0,10.79599952697754,2.4596275510816868e-05,-1.0,-0.07400035858154119,0.0,0.015999794006349433,0.0,0.11999988555908203,0.38028218853846907,0.5,0.5,-0.0003705004454173257,0.0014831103592082206,0.0014831103592082206,0.9265609655204073,-0.3761446226837365,0.9990940100546644,0.0425577146107534,1.0,0.0,0.9193693413892638,0.3933954932551607,8.620042520484144,13.127426594252363
2025-02-10 00:00:00,10.859999656677246,10.869999885559082,10.81999969482422,10.81999969482422,18000,0.0,0.0,10.84499979019165,0.0008874343633315135,1.0,0.024000167846679688,0.06999969482421875,0.03999996185302912,2.0,-0.07400035858154119,0.10518671920907983,1.0,0.0,0.24591645722966302,0.07994134655677057,0.07994134655677057,6.123233995736766e-17,1.0,0.9995196305364056,0.0309920662810232,1.0,0.0,0.931434938175607,0.3639078948659994,8.620042520484144,13.127426594252363
2025-02-11 00:00:00,10.81999969482422,10.859999656677246,10.81999969482422,10.859999656677246,153200,0.0,0.0,10.839999675750732,0.007580975004254701,1.0,0.06400012969970525,0.0,0.07999992370605469,0.0,-0.07400035858154119,0.7479870171221666,0.18699675428054166,0.8130032457194584,-0.007833691757279139,0.03140628505117817,0.0,0.9996349537524136,-0.02701775779760115,0.9999087183568309,0.01351128987180018,1.0,0.0,0.9512232171210895,0.3085034703367284,8.620042520484144,13.127426594252363
2025-02-13 00:00:00,10.899999618530272,10.899999618530272,10.899999618530272,10.899999618530272,600,0.0,0.0,10.899999618530272,2.979985981087497e-05,1.0,0.10400009155273082,0.0,0.03999996185302557,0.0,-0.07400035858154119,1.9751486890882022,0.49378717227205055,0.5062128277279494,1.4398696623513377e-05,1.4398696623513377e-05,2.8850427071509406e-05,6.123233995736766e-17,1.0,0.9975791557502992,0.06954011800766795,1.0,0.0,0.9181573737812505,0.39621589691873427,8.620042520484144,13.127426594252363
2025-02-26 00:00:00,10.960000038146973,10.960000038146973,10.90999984741211,10.949999809265137,1500,0.0,0.0,10.93499994277954,7.48413923543805e-05,1.0,0.15400028228759588,0.0,0.05000019073486506,0.0,-0.07400035858154119,2.0,0.5,0.5,0.013723792442598134,0.01144169154330955,0.0022925788919558824,6.123233995736766e-17,1.0,0.9841390800414195,0.17739862213452634,1.0,0.0,0.9266834615473646,0.37584273585449807,8.620042520484144,13.127426594252363
2025-03-03 00:00:00,10.958999633789062,10.958999633789062,10.958999633789062,10.958999633789062,400,0.0,0.0,10.958999633789062,1.9974107901138866e-05,1.0,0.16300010681152166,0.0,0.008999824523925781,0.0,-0.07400035858154119,2.0,0.5,0.5,-2.434184948542818e-05,0.00021908377994332048,0.0011949892551557314,0.9999216812598913,-0.012515244559825117,0.9875834968584719,0.1570949927043907,1.0,0.0,0.9141485063974969,0.4053794620491098,8.620042520484144,13.127426594252363
2025-03-04 00:00:00,10.960000038146973,10.960000038146973,10.960000038146973,10.960000038146973,500,0.0,0.0,10.960000038146973,2.496991407448652e-05,1.0,0.16400051116943182,0.0,0.010000228881835938,0.0,-0.07400035858154119,2.0,0.5,0.5,0.0001141024194629446,0.0001141024194629446,0.0001141024194629446,6.123233995736766e-17,1.0,0.9895329628670865,0.1443070178455823,1.0,0.0,0.9236832986092579,0.3831568397801618,8.620042520484144,13.127426594252363
2025-03-07 00:00:00,10.960000038146973,10.960000038146973,10.949999809265137,10.949999809265137,1100,0.0,0.0,10.954999923706056,5.48836877265457e-05,-1.0,-0.010000228881835938,0.0,-0.010000228881835938,0.0,0.16400051116943182,0.003718172006474127,0.9990704569983815,0.0009295430016185317,0.0,-0.0020082614051353032,-0.0020082614051353032,6.123233995736766e-17,1.0,0.9905293477678758,0.13730116973480805,1.0,0.0,0.9314532665583817,0.3638609792458108,8.620042520484144,13.127426594252363
2025-03-18 00:00:00,10.960000038146973,10.960000038146973,10.960000038146973,10.960000038146973,500,0.0,0.0,10.960000038146973,2.496991407448652e-05,1.0,0.010000228881835938,0.010000228881835938,0.010000228881835938,1.0,-0.010000228881835938,1.0,1.0,0.0,0.0,0.0004149300423833271,0.0004149300423833271,6.123233995736766e-17,1.0,0.9899044383195879,0.1417363855725879,1.0,0.0,0.9875797779394672,0.15711837004320273,8.620042520484144,13.127426594252363
2025-03-19 00:00:00,11.010000228881836,11.010000228881836,11.010000228881836,11.010000228881836,3800,0.0,0.0,11.010000228881836,0.00019063709546165332,1.0,0.06000041961669922,0.0,0.06000041961669922,0.0,-0.010000228881835938,2.0,0.5,0.5,0.034592757848550704,0.034592757848550704,0.034592757848550704,6.123233995736766e-17,1.0,0.9548565620346088,0.29706724144450397,1.0,0.0,0.872504824069858,0.48860549728265057,8.620042520484144,13.127426594252363
2025-03-20 00:00:00,10.996999740600586,10.996999740600586,10.996999740600586,10.996999740600586,300,0.0,0.0,10.996999740600586,1.5032525783441878e-05,-1.0,-0.01300048828125,0.0,-0.01300048828125,0.0,0.06000041961669922,0.04694731432150096,0.9882631714196247,0.01173682858037524,-9.327526145469065e-05,-9.327526145469065e-05,-9.327526145469065e-05,0.9515141629541269,-0.30760493770046543,0.9745519410349414,0.22416180367098262,1.0,0.0,0.9317876212863765,0.3630038964218927,8.620042520484144,13.127426594252363
2025-04-02 00:00:00,11.0,11.0,10.979999542236328,10.979999542236328,32300,0.0,0.0,10.989999771118164,0.0016159999098815454,-1.0,-0.030000686645507812,0.0030002593994140625,-0.017000198364257812,0.031146527330043042,0.06000041961669922,0.2500079472935487,0.9063514858465698,0.09364851415343022,0.02937018070460074,-0.16657002778183513,-0.16657002778183513,0.9920831812864077,-0.12558248846332357,0.9801008078841185,0.19850039391622945,1.0,0.0,0.9824476996086768,0.18653824683860185,8.620042520484144,13.127426594252363
2025-04-03 00:00:00,11.0,11.0,11.0,11.0,46000,0.0,0.0,11.0,0.0023056161455682557,-1.0,-0.010000228881835938,0.0030002593994140625,0.020000457763671875,0.022502861048412405,0.06000041961669922,0.0277786608103943,0.5524626101890535,0.44753738981094654,0.0,0.0025917765835240256,0.0025917765835240256,0.9947354493880919,-0.10247626910983255,0.9794280225193128,0.20179382721953726,1.0,0.0,0.8506212468353501,0.5257789406511774,8.620042520484144,13.127426594252363
2025-04-04 00:00:00,11.0,11.0,10.98900032043457,10.98900032043457,500,0.0,0.0,10.994500160217283,2.503598474550265e-05,-1.0,-0.020999908447265625,0.0,-0.010999679565429688,0.0,0.06000041961669922,0.12249721848515303,0.9693756953787117,0.03062430462128826,0.0,-1.0874685766931811e-05,-1.0874685766931811e-05,0.9956495340516874,-0.0931772791116892,0.9778791970239213,0.2091704473099652,1.0,0.0,0.9861052238380688,0.1661219055972822,8.620042520484144,13.127426594252363
2025-04-08 00:00:00,10.970000267028809,10.970000267028809,10.970000267028809,10.970000267028809,300,0.0,0.0,10.970000267028809,1.4995618418507727e-05,-1.0,-0.039999961853027344,0.0,-0.01900005340576172,0.0,0.06000041961669922,0.4444373802677236,0.8888906549330691,0.1111093450669309,-0.0016385834832899724,-0.0010383015381825189,-0.0010383015381825189,0.6679911898713351,-0.7441691812042999,0.9989243379352887,0.04636989411832986,0.9924268549405619,-0.12283703673072213,0.9944182186938199,0.10551021907763401,8.620042520484144,13.127426594252363
2025-04-14 00:00:00,11.0,11.0,11.0,11.0,100,0.0,0.0,11.0,5.0122090121049035e-06,1.0,0.029999732971191406,0.029999732971191406,0.029999732971191406,1.0,-0.039999961853027344,0.5624910593302844,1.0,0.0,0.000910324157383318,0.000910324157383318,0.000910324157383318,0.9975540147090426,-0.06989984075712437,0.9829873410700765,0.1836733167773183,1.0,0.0,0.6212820157294352,0.7835870448974829,8.620042520484144,13.127426594252363
2025-04-17 00:00:00,10.989999771118164,10.989999771118164,10.989999771118164,10.989999771118164,1700,0.0,0.0,10.989999771118164,8.513009002082709e-05,-1.0,-0.010000228881835938,0.010000228881835938,-0.010000228881835938,1.0,0.029999732971191406,0.11111817554047122,0.0,1.0,-0.015461927490740164,-0.015461927490740164,-0.015461927490740164,0.9077815174011402,-0.41944334142394424,0.9905296690516768,0.13729885188294771,1.0,0.0,0.9077891326343294,0.41942685973958804,8.620042520484144,13.127426594252363
2025-04-22 00:00:00,11.0,11.0,11.0,11.0,58100,0.0,0.0,11.0,0.002912093436032949,1.0,0.010000228881835938,0.010000228881835938,0.010000228881835938,1.0,-0.010000228881835938,1.0,1.0,0.0,0.031084359419100472,0.031084359419100472,0.031084359419100472,0.9979516867036893,-0.06397211115213904,0.9830536494139646,0.18331809068906996,1.0,0.0,0.889820893184402,0.4563099583096044,8.620042520484144,13.127426594252363
2025-04-25 00:00:00,11.029999732971191,11.029999732971191,11.029999732971191,11.029999732971191,3400,0.0,0.0,11.029999732971191,0.00017087987074671256,1.0,0.039999961853027344,0.0,0.029999732971191406,0.0,-0.010000228881835938,2.0,0.5,0.5,0.00015938068076218472,0.00015938068076218472,0.00015938068076218472,6.123233995736766e-17,1.0,0.866485895023811,0.49920155621230305,1.0,0.0,0.7566183955397835,0.65385671483193,8.620042520484144,13.127426594252363
2025-05-05 00:00:00,11.0,11.199999809265137,10.979999542236328,10.979999542236328,25300,0.0,0.0,11.089999675750732,0.0012657832111456068,1.0,-0.010000228881835938,0.05000019073486328,-0.05000019073486328,1.0,0.039999961853027344,0.06250298027060815,0.0,1.0,0.11381021986197057,-0.033808292146586684,-0.033808292146586684,6.123233995736766e-17,1.0,0.5441478771478919,0.8389893251975514,1.0,0.0,0.9981038606205694,0.06155228195863234,8.620042520484144,13.127426594252363
2025-05-06 00:00:00,11.0,11.0,11.0,11.0,500,0.0,0.0,11.0,2.5061045060524518e-05,1.0,0.010000228881835938,0.029999732971191406,0.020000457763671875,2.0,-0.010000228881835938,1.0,1.0,0.0,-0.00035608697607710573,3.596596650963483e-05,3.596596650963483e-05,0.16656960432060555,-0.9860296988004351,0.9964433540004383,0.08426530880710753,1.0,0.0,0.8605238955436746,0.5094100756741459,8.620042520484144,13.127426594252363
2025-05-09 00:00:00,10.989999771118164,11.029999732971191,10.989999771118164,11.029999732971191,9400,0.0,0.0,11.009999752044678,0.0004724325838291465,1.0,0.039999961853027344,0.010000228881835938,0.029999732971191406,0.11111817554047122,-0.010000228881835938,2.0,0.6111181755404712,0.3888818244595288,0.051202449994976224,0.051202449994976224,-0.017099072754465594,0.38933823652530586,-0.921094858078887,0.9904552201472643,0.1378348899336965,1.0,0.0,0.9904546219528134,0.13783918837656212,8.620042520484144,13.127426594252363
2025-05-15 00:00:00,11.09000015258789,11.09000015258789,11.09000015258789,11.09000015258789,175000,0.0,0.0,11.09000015258789,0.008843131612802738,1.0,0.10000038146972656,0.0,0.06000041961669922,0.0,-0.010000228881835938,2.0,0.5,0.5,0.1009972056408561,0.1009972056408561,0.16863308296398838,0.7329061279302155,-0.6803297785944245,0.9508952061959047,0.3095130156126682,1.0,0.0,0.7329031869280785,0.6803329468654784,8.620042520484144,13.127426594252363
2025-05-16 00:00:00,11.149999618530272,11.149999618530272,11.140000343322754,11.149999618530272,17300,0.0,0.0,11.144999980926514,0.0008789363857384287,1.0,0.1599998474121076,0.0,0.11999988555908025,0.0,-0.010000228881835938,2.0,0.5,0.5,0.0005333971076493429,0.0005333971076493429,0.00044470318381414746,0.9549315103788991,-0.29682622944321224,0.9063279119316672,0.4225751010809608,1.0,0.0,0.7089924847392376,0.7052160353985734,8.620042520484144,13.127426594252363
2025-05-19 00:00:00,11.140000343322754,11.15999984741211,11.130000114440918,11.130000114440918,7400,0.0,0.0,11.144999980926514,0.00037528687536330675,1.0,0.1400003433227539,0.0,-0.019999504089353692,0.0,-0.010000228881835938,2.0,0.5,0.5,0.0003834652311079272,-0.0007679265057179427,-0.00038415397060494275,0.9818613493295154,-0.18960034465375653,0.9189631671641816,0.3943433749862884,1.0,0.0,0.8099414801798676,0.5865106978427975,8.620042520484144,13.127426594252363
2025-05-20 00:00:00,11.199999809265137,11.199999809265137,11.199999809265137,11.199999809265137,500,0.0,0.0,11.199999809265137,2.5516699990714512e-05,1.0,0.21000003814697266,0.0,0.06999969482421875,0.0,-0.010000228881835938,2.0,0.5,0.5,0.00024174420095730706,0.0004236192678821588,0.0004236192678821588,6.123233995736766e-17,1.0,0.9138117197499956,0.4061380810113173,1.0,0.0,0.7752346662562536,0.6316733429823955,8.620042520484144,13.127426594252363
2025-05-22 00:00:00,11.149999618530272,11.149999618530272,11.149999618530272,11.149999618530272,1500,0.0,0.0,11.149999618530272,7.620835714495047e-05,-1.0,-0.05000019073486506,0.05000019073486506,-0.05000019073486506,1.0,0.21000003814697266,0.0566897543141712,0.0,1.0,-0.01342287033958919,-0.01342287033958919,-0.01342287033958919,0.686011399360962,-0.7275907915489411,0.9606202178838643,0.2778647098729111,1.0,0.0,0.8889744296511058,0.4579568357678385,8.620042520484144,13.127426594252363
2025-05-27 00:00:00,11.170000076293944,11.170000076293944,11.170000076293944,11.170000076293944,20000,0.0,0.0,11.170000076293944,0.0010179340917747812,1.0,0.020000457763671875,0.020000457763671875,0.020000457763671875,1.0,-0.05000019073486506,0.1600061035505379,1.0,0.0,0.023895409841258236,0.023895409841258236,0.023895409841258236,0.9540993958715618,-0.29949013806387825,0.9587547662061486,0.2842345831826123,1.0,0.0,0.8954951407524037,0.4450712896703547,8.620042520484144,13.127426594252363
2025-05-29 00:00:00,11.15999984741211,11.15999984741211,11.149999618530272,11.149999618530272,2700,0.0,0.0,11.154999732971191,0.00013717504286091083,-1.0,-0.020000457763671875,0.020000457763671875,-0.020000457763671875,1.0,0.020000457763671875,1.0,0.0,1.0,-0.00012091633709450999,-0.00024194102464273964,-0.00024194102464273964,0.9633118116461119,-0.2683847118281625,0.9684854192313395,0.24907025662711463,1.0,0.0,0.9301692208455453,0.36713106732009365,8.620042520484144,13.127426594252363
2025-05-30 00:00:00,11.100000381469728,11.15999984741211,11.100000381469728,11.135000228881836,34400,0.0,0.0,11.130000114440918,0.0017453605711786498,-1.0,-0.0349998474121076,0.0,-0.0349998474121076,0.0,0.020000457763671875,2.0,0.5,0.5,0.0,-0.017150849099266403,-0.057260882393098296,0.9805807527639482,-0.19611574977265023,0.9748586054866262,0.22282436874962896,1.0,0.0,0.9723869893257431,0.23337425519970537,8.620042520484144,13.127426594252363
2025-06-05 00:00:00,11.149999618530272,11.149999618530272,11.149999618530272,11.149999618530272,2600,0.0,0.0,11.149999618530272,0.00013209448571791413,1.0,0.014999389648435724,0.014999389648435724,0.014999389648435724,1.0,-0.0349998474121076,0.18366012369233312,1.0,0.0,-6.775717353564803e-05,0.0001017433077650505,0.0003396864812056771,0.9808471696456703,-0.19477892544646008,0.9808474062328598,0.1947777340618565,1.0,0.0,0.7096240192887264,0.7045805498653175,8.620042520484144,13.127426594252363
2025-06-16 00:00:00,11.149999618530272,11.18000030517578,11.130000114440918,11.170000076293944,30300,0.0,0.0,11.15500020980835,0.0015421701490387935,1.0,0.0349998474121076,0.019999504089353692,0.020000457763671875,0.9999046370245518,-0.0349998474121076,1.0,1.0,0.0,0.031314230888583795,0.02088550725548436,-0.020922005978809166,0.9980439771406188,-0.06251575556078638,0.9783751860625184,0.20683808957039915,1.0,0.0,0.9624935578507946,0.27130453570797347,8.620042520484144,13.127426594252363
2025-06-17 00:00:00,11.18000030517578,11.18000030517578,11.18000030517578,11.18000030517578,1100,0.0,0.0,11.18000030517578,5.603649828493762e-05,1.0,0.045000076293943536,0.0,0.030000686645507812,0.0,-0.0349998474121076,1.6530812434571869,0.4132703108642967,0.5867296891357032,0.0,3.248721312532328e-05,0.00016272419617918688,0.9984815450300096,-0.05508724203011858,0.9797308445338972,0.2003184271825648,1.0,0.0,0.8890504611720658,0.45780921516472034,8.620042520484144,13.127426594252363
2025-06-20 00:00:00,11.199999809265137,11.199999809265137,11.199999809265137,11.199999809265137,800,0.0,0.0,11.199999809265137,4.082671998514322e-05,1.0,0.06499958038330078,0.0,0.019999504089357245,0.0,-0.0349998474121076,2.0,0.5,0.5,0.0012998296522602375,0.0012998296522602375,0.0012998296522602375,6.123233995736766e-17,1.0,0.9587981302789236,0.28408827039080703,1.0,0.0,0.8320515732476806,0.5546982778556822,8.620042520484144,13.127426594252363
2025-06-26 00:00:00,11.149999618530272,11.149999618530272,11.149999618530272,11.149999618530272,200,0.0,0.0,11.149999618530272,1.0161114285993395e-05,-1.0,-0.05000019073486506,0.05000019073486506,-0.05000019073486506,1.0,0.06499958038330078,0.591728130719373,0.0,1.0,-0.001118572528299099,-0.001118572528299099,-0.001118572528299099,0.6212743245531079,-0.783593142932657,0.9807413675920799,0.19531095692156386,1.0,0.0,0.9696272946657603,0.24458722255906767,8.620042520484144,13.127426594252363
2025-07-07 00:00:00,11.100000381469728,11.100000381469728,11.100000381469728,11.100000381469728,2400,0.0,0.0,11.100000381469728,0.00012138659333753552,-1.0,-0.09999942779540838,0.0,-0.04999923706054332,0.0,0.06499958038330078,2.0,0.5,0.5,-0.05393176132373212,-0.05393176132373212,-0.05393176132373212,0.6280795710314311,-0.7781491196762825,0.9924123082933316,0.12295450519562609,1.0,0.0,0.9831661058125246,0.1827140070750887,8.620042520484144,13.127426594252363
2025-07-10 00:00:00,11.15999984741211,11.15999984741211,11.15999984741211,11.15999984741211,50000,0.0,0.0,11.15999984741211,0.002542556900467651,1.0,0.059999465942381036,0.059999465942381036,0.059999465942381036,1.0,-0.09999942779540838,0.3599977111721734,1.0,0.0,0.1123080737598352,0.1123080737598352,0.1123080737598352,0.9495199364863536,-0.3137066945650844,0.9826416122142291,0.18551404783740963,1.0,0.0,0.5581167058354324,0.8297624615921145,8.620042520484144,13.127426594252363
2025-07-16 00:00:00,11.149999618530272,11.149999618530272,11.149999618530272,11.149999618530272,4300,0.0,0.0,11.149999618530272,0.000218463957148858,-1.0,-0.010000228881837714,0.010000228881837714,-0.010000228881837714,1.0,0.059999465942381036,0.027779543885129317,0.0,1.0,-7.709723930302352e-05,-7.709723930302352e-05,-7.709723930302352e-05,0.946828090741799,-0.3217399051753444,0.9832532023234192,0.18224472590651672,1.0,0.0,0.8270790185383566,0.5620856670416252,8.620042520484144,13.127426594252363
2025-07-23 00:00:00,11.18000030517578,11.25,11.170000076293944,11.25,26200,0.0,0.0,11.210000038146973,0.001343044187561746,1.0,0.10000038146972834,0.10000038146972834,0.10000038146972834,1.0,-0.010000228881837714,2.0,1.0,0.0,0.05440220180908197,0.05440220180908197,0.010919646590249403,6.123233995736766e-17,1.0,0.9725377191924081,0.23274532164584713,1.0,0.0,0.8730997914477503,0.48754154097255653,8.620042520484144,13.127426594252363
2025-07-25 00:00:00,11.18000030517578,11.18000030517578,11.170000076293944,11.170000076293944,1500,0.0,0.0,11.175000190734863,7.634505688310859e-05,-1.0,-0.07999992370605646,0.0,-0.07999992370605646,0.0,0.10000038146972834,0.6399938965222155,0.8400015258694461,0.15999847413055387,-0.0003573442765371448,-0.00040857701054378967,0.0,0.9969385219096301,-0.07818940805916152,0.9847834740700864,0.1737858141461824,1.0,0.0,0.9246785281923564,0.3807487616526382,8.620042520484144,13.127426594252363
2025-07-28 00:00:00,11.289999961853027,11.289999961853027,11.289999961853027,11.289999961853027,300,0.0,0.0,11.289999961853027,1.543304715149012e-05,1.0,0.11999988555908381,0.039999961853027344,0.11999988555908381,0.1111111111111078,-0.07999992370605646,2.0,0.6111111111111078,0.38888888888889217,0.0019581603092129036,0.0021371306385622644,0.0021371306385622644,6.123233995736766e-17,1.0,0.9652643033497299,0.26127538092740504,1.0,0.0,0.7808690279490106,0.624694774421851,8.620042520484144,13.127426594252363
2025-07-30 00:00:00,11.300000190734863,11.300000190734863,11.300000190734863,11.300000190734863,100,0.0,0.0,11.300000190734863,5.14890570843531e-06,1.0,0.13000011444091975,0.0,0.010000228881835938,0.0,-0.07999992370605646,2.0,0.5,0.5,0.00029512258563635054,0.00029512258563635054,0.00029512258563635054,6.123233995736766e-17,1.0,0.9661120600127506,0.25812300846286307,1.0,0.0,0.8144327491197338,0.5802579574303764,8.620042520484144,13.127426594252363
2025-08-04 00:00:00,11.170000076293944,11.170000076293944,11.170000076293944,11.170000076293944,300,0.0,0.0,11.170000076293944,1.5269011376621717e-05,-1.0,-0.13000011444091975,0.13000011444091975,-0.13000011444091975,1.0,0.13000011444091975,1.0,0.0,1.0,-0.03471298074660226,-0.03471298074660226,-0.03471298074660226,0.3874898487003265,-0.921873970320346,0.9934267957186848,0.11446921659602013,1.0,0.0,0.9836635996712434,0.1800164511421437,8.620042520484144,13.127426594252363
2025-08-06 00:00:00,11.210000038146973,11.210000038146973,11.210000038146973,11.210000038146973,300,0.0,0.0,11.210000038146973,1.532368996824452e-05,1.0,0.03999996185302912,0.03999996185302912,0.03999996185302912,1.0,-0.13000011444091975,0.09467420894944512,1.0,0.0,0.0035746167693018684,0.0035746167693018684,0.0035746167693018684,0.763579639835093,-0.6457136622600683,0.9998234695433892,0.018789085933584058,1.0,0.0,0.7993556245134731,0.6008582075320894,8.620042520484144,13.127426594252363
2025-08-21 00:00:00,11.300000190734863,11.300000190734863,11.300000190734863,11.300000190734863,1000,0.0,0.0,11.300000190734863,5.14890570843531e-05,1.0,0.13000011444091975,0.0,0.09000015258789062,0.0,-0.13000011444091975,1.0,0.25,0.75,0.026654865000079513,0.026654865000079513,0.026654865000079513,6.123233995736766e-17,1.0,0.9881680812402573,0.153374845453706,1.0,0.0,0.6694151736689355,0.7428885012313684,8.620042520484144,13.127426594252363
2025-08-22 00:00:00,11.25,11.25,11.25,11.25,10100,0.0,0.0,11.25,0.0005177384081821997,-1.0,-0.05000019073486328,0.0,-0.05000019073486328,0.0,0.13000011444091975,0.1479298622438522,0.9630175344390369,0.03698246556096305,-0.0447895274634729,-0.0447895274634729,-0.0447895274634729,0.7605631598537052,-0.6492639523902026,0.997479219887957,0.0709591846888958,1.0,0.0,0.9101129972294671,0.4143601480282533,8.620042520484144,13.127426594252363
2025-08-27 00:00:00,11.270000457763672,11.300000190734863,11.270000457763672,11.300000190734863,1200,0.0,0.0,11.285000324249268,6.178686850122372e-05,1.0,0.05000019073486328,0.05000019073486328,0.05000019073486328,1.0,-0.05000019073486328,1.0,1.0,0.0,0.0005268839619269432,0.0005268839619269432,0.00021103836263077473,6.123233995736766e-17,1.0,0.9922504797147299,0.12425371425389371,1.0,0.0,0.9262311202017504,0.3769561141164986,8.620042520484144,13.127426594252363
2025-09-03 00:00:00,11.279999732971191,11.279999732971191,11.279999732971191,11.279999732971191,25000,0.0,0.0,11.279999732971191,0.0012849480981395253,-1.0,-0.020000457763671875,0.020000457763671875,-0.020000457763671875,1.0,0.05000019073486328,0.16000610355054926,0.0,1.0,-0.036906661188459526,-0.036906661188459526,0.01847611811334548,0.9508694102400733,-0.30959225550665037,0.995701230201066,0.09262321618300547,1.0,0.0,0.9414447495574448,0.3371672930916044,8.620042520484144,13.127426594252363
2025-09-04 00:00:00,11.25,11.25,11.25,11.25,19500,0.0,0.0,11.25,0.0009995939563913758,-1.0,-0.05000019073486328,0.0,-0.05000019073486328,0.0,0.05000019073486328,1.0,0.75,0.25,-0.002077211894795118,-0.002077211894795118,-0.002077211894795118,0.9230764269847948,-0.3846165752343297,0.9984603420440055,0.05547022052748379,1.0,0.0,0.9761871123387926,0.2169302231217436,8.620042520484144,13.127426594252363
2025-09-12 00:00:00,11.274999618530272,11.300000190734863,11.274999618530272,11.300000190734863,6100,0.0,0.0,11.287499904632568,0.0003140832482145539,1.0,0.05000019073486328,0.05000019073486328,0.05000019073486328,1.0,-0.05000019073486328,1.0,1.0,0.0,0.001387235935654657,0.001387235935654657,0.0006943745723772,6.123233995736766e-17,1.0,0.9946183822240059,0.1036063402601464,1.0,0.0,0.9230791864819827,0.3846099523982199,8.620042520484144,13.127426594252363
2025-09-16 00:00:00,11.31999969482422,11.329999923706056,11.31999969482422,11.329999923706056,37500,0.0,0.0,11.324999809265137,0.001935965717889115,1.0,0.07999992370605646,0.0,0.029999732971193183,0.0,-0.05000019073486328,2.0,0.5,0.5,0.016299123906762674,0.016299123906762674,0.02448681758701962,6.123233995736766e-17,1.0,0.9917026803252468,0.12855268894784505,1.0,0.0,0.8556245825770891,0.5175969220250272,8.620042520484144,13.127426594252363
2025-09-17 00:00:00,11.31999969482422,11.31999969482422,11.31999969482422,11.31999969482422,300,0.0,0.0,11.31999969482422,1.5474055769297107e-05,1.0,0.06999969482422053,0.0,-0.010000228881835938,0.0,-0.05000019073486328,1.9599679567962702,0.5,0.5,-7.064179461551682e-06,-7.064179461551682e-06,0.0,6.123233995736766e-17,1.0,0.9976187794287293,0.06896934776501988,1.0,0.0,0.9274209059960723,0.37401933522402886,8.620042520484144,13.127426594252363
2025-10-01 00:00:00,11.335000038146973,11.34000015258789,11.335000038146973,11.34000015258789,1100,0.0,0.0,11.337500095367432,5.683845096207201e-05,1.0,0.09000015258789062,0.0,0.0200004577636701,0.0,-0.05000019073486328,2.0,0.5,0.5,0.006472640096553128,0.006472640096553128,0.004855551489594104,6.123233995736766e-17,1.0,0.9919255980866787,0.1268211648755236,1.0,0.0,0.9260515152492408,0.37739712651871776,8.620042520484144,13.127426594252363
2025-10-03 00:00:00,11.300000190734863,11.329999923706056,11.300000190734863,11.329999923706056,1300,0.0,0.0,11.31500005722046,6.711347822015599e-05,-1.0,-0.010000228881834161,0.034999847412109375,-0.010000228881834161,2.0,0.09000015258789062,0.012346202295087516,0.0,1.0,-0.0010426512814398702,-0.0010426512814398702,-0.003654822674109268,6.123233995736766e-17,1.0,0.9962406708631653,0.08662866568353893,1.0,0.0,0.9800305248537717,0.19884710295812877,8.620042520484144,13.127426594252363
2025-10-09 00:00:00,11.329999923706056,11.350000381469728,11.329999923706056,11.350000381469728,30100,0.0,0.0,11.34000015258789,0.0015566782576380363,1.0,0.020000457763671875,0.020000457763671875,0.020000457763671875,1.0,-0.010000228881834161,2.0,1.0,0.0,0.04083664160805815,0.04083664160805815,0.0613883516004245,6.123233995736766e-17,1.0,0.9891809394073977,0.14670061047282032,1.0,0.0,0.8146687836904445,0.5799265236910033,8.620042520484144,13.127426594252363
2025-10-13 00:00:00,11.37600040435791,11.399999618530272,11.329999923706056,11.399999618530272,10700,0.0,0.0,11.364999771118164,0.0005558083953073563,1.0,0.0699996948242152,0.0,0.04999923706054332,0.0,-0.010000228881834161,2.0,0.5,0.5,0.0015625332015561711,0.0015625332015561711,0.0,6.123233995736766e-17,1.0,0.9725384277275938,0.23274236097698195,1.0,0.0,0.951571554515542,0.3074273518034382,8.620042520484144,13.127426594252363
2025-10-14 00:00:00,11.489999771118164,11.489999771118164,11.43000030517578,11.43000030517578,3100,0.0,0.0,11.460000038146973,0.0001614523696978981,1.0,0.10000038146972301,0.0,0.07999992370605113,0.0,-0.010000228881834161,2.0,0.5,0.5,0.002278270970565352,0.0007614356328316275,0.002545876348395039,6.123233995736766e-17,1.0,0.9166401999375099,0.39971332709646035,1.0,0.0,0.7090419925979141,0.7051662589296084,8.620042520484144,13.127426594252363
2025-10-15 00:00:00,11.4399995803833,11.449999809265137,11.399999618530272,11.399999618530272,5500,0.0,0.0,11.424999713897703,0.0002856959041299495,-1.0,-0.030000686645507812,0.0,-0.030000686645507812,0.0,0.10000038146972301,0.09000343324719036,0.9774991416882024,0.02250085831179759,-0.006187242855580323,-0.004662901872231143,-0.004662901872231143,0.7421039248811023,-0.670284838465009,0.9557188394905676,0.2942813277168681,1.0,0.0,0.8708261218508359,0.49159115685926763,8.620042520484144,13.127426594252363
2025-10-23 00:00:00,11.300000190734863,11.329999923706056,11.300000190734863,11.329999923706056,1000,0.0,0.0,11.31500005722046,5.1625752477043066e-05,-1.0,-0.10000038146972301,0.0,-0.0699996948242152,0.0,0.10000038146972301,1.0,0.75,0.25,-0.001915554105925894,-0.001119860756452458,-0.0016019131539550702,0.4902622262191536,-0.8715749821688548,0.9984603857592372,0.055469433650571276,1.0,0.0,0.9938837089868776,0.11043175725527307,8.620042520484144,13.127426594252363
2025-10-29 00:00:00,11.390000343322754,11.449999809265137,11.390000343322754,11.449999809265137,700,0.0,0.0,11.420000076293944,3.652077687528973e-05,1.0,0.11999988555908025,0.11999988555908025,0.11999988555908025,1.0,-0.10000038146972301,1.4399862671750319,1.0,0.0,0.007374883307814691,0.007374883307814691,0.005553116379786812,0.9662350706938393,-0.25766215896260636,0.9743913746832705,0.22485873107986326,1.0,0.0,0.4856427064724016,0.8741574009582948,8.620042520484144,13.127426594252363
2025-10-31 00:00:00,11.449999809265137,11.449999809265137,11.4399995803833,11.4399995803833,1000,0.0,0.0,11.44499969482422,5.2126971813885e-05,-1.0,-0.010000228881835938,0.0,-0.010000228881835938,0.0,0.11999988555908025,0.006944775585623333,0.9982638061035942,0.0017361938964058333,0.0,-0.0012482343067449983,0.006257335239050843,0.9782342163966226,-0.20750377796774155,0.9751330357258978,0.22162031187595368,1.0,0.0,0.5586025213366702,0.8294354846257271,8.620042520484144,13.127426594252363
2025-11-03 00:00:00,11.303999900817873,11.303999900817873,11.303999900817873,11.303999900817873,300,0.0,0.0,11.303999900817873,1.5452184593376077e-05,-1.0,-0.14599990844726385,0.0,-0.14599990844726385,0.0,0.11999988555908025,1.4802787446986585,0.6299303138253354,0.3700696861746646,-0.0038498701847807454,-0.0035877510376617033,-0.0035877510376617033,0.6047278001482642,-0.7964322241897556,0.9999884290350705,0.004810592060436214,1.0,0.0,0.9997108463190584,0.024046283538875664,8.620042520484144,13.127426594252363
2025-11-04 00:00:00,11.470000267028809,11.5,10.199999809265137,11.100000381469728,2200,0.0,0.0,10.849999904632568,0.0001112710438927409,-1.0,-0.3499994277954084,0.05000019073486328,-0.3499994277954084,0.020408385697603497,0.11999988555908025,2.0,0.4795916143023965,0.5204083856976035,0.1260598199368859,-0.13354726445013015,-0.7529762630707811,6.123233995736766e-17,1.0,0.9935597291851983,0.11330959598125538,0.46927815996565236,-0.8830503997956468,0.9999999140063172,0.0004147135857590312,8.620042520484144,13.127426594252363
2025-11-05 00:00:00,11.989999771118164,14.010000228881836,11.399999618530272,13.550000190734863,5300,0.0,0.0,12.704999923706056,0.00032722890479193597,1.0,2.449999809265135,2.706000328063963,2.449999809265135,1.21989819501876,-0.3499994277954084,2.0,1.0,0.0,0.47407437702562333,0.4788861769383094,0.2676767322217027,6.123233995736766e-17,1.0,0.48026436579831716,0.8771237876972328,1.0,0.0,0.2803159799149451,0.9599077827605754,8.620042520484144,18.033473006175072
2025-11-06 00:00:00,15.0,41.79999923706055,14.609999656677246,21.799999237060547,249800,0.0,0.0,28.204999446868896,0.024813349935855225,1.0,10.699998855590819,0.0,10.699998855590819,0.0,-0.3499994277954084,2.0,0.5,0.5,46.93783705951082,21.999410692330496,11.63352312787713,6.123233995736766e-17,1.0,0.3631911053670976,0.9317146671498876,1.0,0.0,0.731579427033935,0.6817562188500369,13.127426594252363,46.98392276144306
2025-11-07 00:00:00,14.899999618530272,16.260000228881836,12.0,12.5,49700,0.0,0.0,14.130000114440918,0.0028307589534274286,-1.0,-9.299999237060547,0.0,-9.299999237060547,0.0,10.699998855590819,0.7554371937309103,0.8111407015672725,0.18885929843272758,-0.17504019921170524,-0.10789038749668117,-0.03902918941255079,0.1191693099182945,-0.9928739474745006,0.9674637126349231,0.2530098115383093,1.0,0.0,0.981378033383651,0.19208632328210534,8.620042520484144,18.033473006175072
2025-11-10 00:00:00,11.59000015258789,13.5600004196167,11.145000457763672,11.399999618530272,26600,0.0,0.0,12.352500438690186,0.0013817292817921193,-1.0,-10.399999618530275,0.0,-10.399999618530275,0.0,10.699998855590819,0.9447114612782698,0.7638221346804326,0.23617786531956744,-0.09691953648730212,-0.04926632702342261,-0.039542482588203566,0.22341988003354615,-0.9747222974805675,0.9956910269269874,0.09273283613198352,0.9999820820189059,-0.005986287759041819,0.9973464228467991,0.07280187384053882,8.620042520484144,18.033473006175072
2025-11-11 00:00:00,12.850000381469728,19.0,11.0,12.199999809265137,132500,0.0,0.0,15.0,0.007365668855815618,-1.0,-9.59999942779541,2.739999771118164,0.8000001907348651,2.0,10.699998855590819,0.8049612082055908,0.2869776615272859,0.7130223384727141,1.664480462007641,0.337708767179947,-0.06523158287411877,0.4476908790459833,-0.894188390004609,0.9705920281030721,0.24073037818847332,0.9999616312671412,-0.008759908307624867,0.9991171048508117,0.04201203154492738,8.620042520484144,23.27948474088055
2025-11-12 00:00:00,13.970000267028809,14.399999618530272,12.020000457763672,12.609000205993652,38400,0.0,0.0,13.210000038146973,0.0022062176977261606,-1.0,-9.190999031066895,0.8399991989135724,1.2090005874633807,0.4827304784444561,10.699998855590819,0.7378328348227862,0.6045018941686294,0.39549810583137057,-0.07982827552407061,0.009555640702341132,0.02568268235939237,0.6537060870430653,-0.7567485393199278,0.9966151304115048,0.08220876981721108,1.0,0.0,0.9685982819558521,0.24863098799661235,8.620042520484144,18.033473006175072
2025-11-13 00:00:00,12.8100004196167,12.979999542236328,11.5,12.079999923706056,28600,0.0,0.0,12.239999771118164,0.0015742345965794773,-1.0,-9.71999931335449,0.0,-0.5290002822875959,0.0,10.699998855590819,0.8252109953823228,0.7936972511544194,0.2063027488455807,-0.0772537805629464,-0.03191664302663745,-0.03293299320301622,0.8043158631969692,-0.5942019793047767,0.9992956710183175,0.03752548312880781,1.0,0.0,0.9981228124503932,0.06124419373391317,8.620042520484144,13.127426594252363
2025-11-14 00:00:00,10.5,12.25,9.600000381469728,11.699999809265137,30200,0.0,0.0,10.925000190734863,0.0016100126395144146,-1.0,-10.09999942779541,0.0,-0.9090003967285156,0.0,10.699998855590819,0.8909949363459696,0.7772512659135076,0.2227487340864924,-0.06110492996053437,-0.033747591808893175,-0.19016997793468904,0.884115676011023,-0.4672680937444497,0.9998541122568052,0.017080813890326355,0.9940455743900083,-0.10896511384676486,6.123233995736766e-17,-1.0,8.620042520484144,13.127426594252363
2025-11-17 00:00:00,11.300000190734863,11.600000381469728,10.800000190734863,11.010000228881836,6500,0.0,0.0,11.200000286102297,0.00032608976855282804,-1.0,-10.789999008178711,0.0,-1.5989999771118164,0.0,10.699998855590819,1.0168932090188965,0.7457766977452759,0.2542233022547241,-0.01173170464650724,-0.01307880609515839,0.02532138209790712,0.91918670547857,-0.3938220416272465,0.9999958097515718,0.0028949057494717886,0.9999329629846752,-0.01157884004070583,0.9634847984307255,0.26776303552377106,8.620042520484144,13.127426594252363
2025-11-18 00:00:00,10.699999809265137,11.149999618530272,10.09000015258789,10.520000457763672,7600,0.0,0.0,10.619999885559082,0.00036430559306664185,-1.0,-11.279998779296875,0.0,-2.0889997482299805,0.0,10.699998855590819,1.1113494600251723,0.7221626349937069,0.2778373650062931,-0.04625536160053925,-0.053220881656800015,-0.07947859043686512,0.9415110137059858,-0.33698221180104904,0.9999998200448493,0.0005999252193996534,0.999140360930481,-0.04145526697186128,0.9984438519858909,0.05576624813967993,8.620042520484144,13.127426594252363
2025-11-19 00:00:00,10.210000038146973,11.0,9.710000038146973,10.390000343322754,23500,0.0,0.0,10.355000019073486,0.0011125509580722916,-1.0,-11.409998893737793,0.0,-2.2189998626708984,0.0,10.699998855590819,1.137113307742217,0.7157216730644458,0.28427832693555427,-0.04187942373968358,-0.038448017472386284,-0.1186869032873232,0.9582787048008667,-0.28583548402039477,0.9999999910811126,0.0001335581327033446,0.998845310240797,-0.04804212953196351,0.9999663597375809,0.008202401670914749,8.620042520484144,13.127426594252363
2025-11-20 00:00:00,10.0,10.30500030517578,9.5,9.8100004196167,8500,0.0,0.0,9.90250015258789,0.0003799482421378396,-1.0,-11.989998817443848,0.0,-2.798999786376953,0.0,10.699998855590819,1.2556564101124665,0.6860858974718833,0.31391410252811663,-0.023598485307658526,-0.020771009754788065,-0.00790811665335934,0.9644450197842072,-0.264283567051454,0.9999999992146889,3.9631077235473456e-05,0.9999847915226433,-0.005515135847440339,6.123233995736766e-17,-1.0,8.620042520484144,13.127426594252363
2025-11-21 00:00:00,10.510000228881836,10.510000228881836,10.050000190734863,10.050000190734863,5100,0.0,0.0,10.28000020980835,0.00023354616162822925,1.0,0.23999977111816406,0.0,0.23999977111816406,0.0,-11.989998817443848,0.00040066681574900517,0.00010016670393725129,0.9998998332960628,0.011818395490538727,0.014501496298629705,0.03375960217098224,0.9741154480788966,-0.22605108673494703,0.9999999850277339,0.00017304488442249565,0.9996630430103672,-0.025957666290572418,0.9928456131139639,0.11940514444678267,8.620042520484144,13.127426594252363
2025-11-24 00:00:00,9.984999656677246,10.100000381469728,9.609999656677246,10.100000381469728,4800,0.0,0.0,9.855000019073486,0.00022090172916770418,-1.0,0.05000019073486506,0.0,0.2899999618530291,0.0,-11.989998817443848,1.7390218611905553e-05,4.347554652976388e-06,0.999995652445347,-0.037446113333468756,0.004670868655903984,-0.04212799114093565,0.976847846292473,-0.2139352359798569,1.0,0.0,0.9994155467600074,-0.03418427846825774,0.9999258245505677,0.01217971251168808,8.620042520484144,13.127426594252363
2025-11-25 00:00:00,10.859999656677246,11.81999969482422,10.4399995803833,11.31999969482422,7500,0.0,0.0,11.12999963760376,0.00038685139423242764,1.0,1.2199993133544922,1.3099994659423846,1.5099992752075213,0.7526425368221042,-11.989998817443848,0.010353349908511281,0.7552308742992321,0.24476912570076792,0.2452097552702905,0.17798776100155922,0.12936408280690193,0.9871208302679916,-0.15997645592721146,0.9999892367421107,0.004639655152139704,0.9999201238256389,-0.01263906517583851,0.9975083909642222,0.07054792665960127,8.620042520484144,13.127426594252363
2025-11-26 00:00:00,12.199999809265137,12.199999809265137,11.020000457763672,11.699999809265137,3200,0.0,0.0,11.610000133514404,0.00017059736577636182,1.0,1.5999994277954084,0.0,1.8899993896484375,0.0,-11.989998817443848,0.017807435261407403,0.004451858815351851,0.9955481411846482,0.013499865571092517,0.014086306312270392,0.023063097910133393,0.9706901927189079,-0.24033424591457928,0.999875048498354,0.0158078268719736,0.9999842799992763,-0.005607116400511262,0.9886156273213338,0.15046308987936416,8.620042520484144,13.127426594252363
2025-11-28 00:00:00,11.699999809265137,11.699999809265137,10.649999618530272,10.649999618530272,13000,0.0,0.0,11.174999713897703,0.0006308548298816779,-1.0,-1.050000190734865,0.0,-1.050000190734865,0.0,1.5999994277954084,0.4306645269974279,0.892333868250643,0.10766613174935698,-0.1699790822109571,-0.3817114885072861,-0.13872897130536208,0.9661246991836642,-0.25807569747512904,0.9999777021317501,0.006677966704383159,0.9998786182737616,-0.015580395340088031,0.992535015052348,0.12196000940896705,8.620042520484144,13.127426594252363
2025-12-01 00:00:00,11.199999809265137,11.199999809265137,8.930000305175781,9.119999885559082,12500,0.0,0.0,10.06500005722046,0.0005194471092817605,-1.0,-2.5799999237060547,0.0,-2.5799999237060547,0.0,1.5999994277954084,2.0,0.5,0.5,-0.041988579805931604,-0.14882687165379763,-0.16893212462250623,0.9657658706501514,-0.2594152714998775,0.9999986338168463,0.0016529865217451967,0.998700199425161,-0.05096971324368695,6.123233995736766e-17,-1.0,8.620042520484144,13.127426594252363
2025-12-02 00:00:00,9.0,9.0,8.960000038146973,9.0,2400,0.0,0.0,8.980000019073486,9.842155878315085e-05,-1.0,-2.6999998092651367,0.0,-2.6999998092651367,0.0,1.5999994277954084,2.0,0.5,0.5,-0.04182177894726157,-0.0025430439484390613,0.0006439294153080984,0.7734148073024228,-0.6339002570163197,1.0,0.0,0.9982478218201464,-0.05917166747129263,6.123233995736766e-17,-1.0,8.620042520484144,13.127426594252363
2025-12-03 00:00:00,8.989999771118164,8.989999771118164,8.130000114440918,8.180000305175781,3200,0.0,0.0,8.559999942779541,0.00011927235272326666,-1.0,-3.5199995040893555,0.0,-3.5199995040893555,0.0,1.5999994277954084,2.0,0.5,0.5,-0.0014823389303785226,-0.12727973306297388,-0.12951042189122822,0.8298663112306939,-0.557962279625031,1.0,0.0,0.9898634145712177,-0.14202260557182284,6.123233995736766e-17,-1.0,4.605861288958913,13.127426594252363
2025-12-04 00:00:00,8.010000228881836,8.02299976348877,6.75,8.02299976348877,3600,0.0,0.0,7.386499881744385,0.0001316060238065692,-1.0,-3.677000045776367,0.0,-3.677000045776367,0.0,1.5999994277954084,2.0,0.5,0.5,-0.12788750230318546,-0.021801593365350844,-0.20866937053842416,0.8184556539890581,-0.5745697019973671,1.0,0.0,0.9685801173605326,-0.24870174155774785,6.123233995736766e-17,-1.0,4.605861288958913,8.620042520484144
2025-12-05 00:00:00,8.0,8.0,8.0,8.0,800,0.0,0.0,8.0,2.9161943343155805e-05,-1.0,-3.6999998092651367,0.0,-3.6999998092651367,0.0,1.5999994277954084,2.0,0.5,0.5,-0.0006379652535109366,-0.0006379652535109366,0.03766478342749529,0.8198654340950593,-0.5725562592235981,1.0,0.0,0.9889874678924166,-0.1479992849703879,0.6255916207492176,0.7801507059846623,4.605861288958913,8.620042520484144
2025-12-09 00:00:00,9.68000030517578,98.1500015258789,9.376999855041504,88.5,6728500,0.0,0.0,53.763500690460205,2.7133012526439857,1.0,80.5,90.1500015258789,80.5,1.2541217970164682,-3.6999998092651367,2.0,1.0,0.0,14285.78136004539,14032.234455958549,1332.9607529976913,6.123233995736766e-17,1.0,0.5150199667548141,0.8571781809191542,0.9999988513346637,-0.001515694346902207,0.9845171744339813,0.17528814347961352,8.620042520484144,103.9417051408284
2025-12-10 00:00:00,43.779998779296875,54.0,31.30500030517578,34.720001220703125,484400,0.0,0.0,42.65250015258789,0.07663379874750817,1.0,26.720001220703125,0.0,-53.779998779296875,0.0,-3.6999998092651367,2.0,0.5,0.5,-0.04178059642004302,-0.06284278923424715,0.07760909294487588,0.2497433550724874,-0.9683120657087453,0.9088846035682565,0.4170476919928622,1.0,0.0,0.8119953021151319,0.5836639695432259,28.82469085521008,60.17417440454258
2025-12-11 00:00:00,30.010000228881836,57.20000076293945,30.010000228881836,35.849998474121094,339400,0.0,0.0,43.605000495910645,0.05544181857905177,1.0,27.849998474121094,0.0,1.1299972534179688,0.0,-3.6999998092651367,2.0,0.5,0.5,0.04032579990264937,0.02243855943051507,-0.029596527338580012,0.5429179064993142,-0.8397857743510555,0.9354871476126035,0.3533607174710212,1.0,0.0,0.9155514846955956,0.4022007942206114,28.82469085521008,60.17417440454258
