Date,Open,High,Low,Close,Volume,Dividends,Stock Splits,G,Gd,S,P↑,P↓,Y,ϴ1,ϴ2,ϴ3,ϴ4,W,Yd,Pd,Wd,λ,E_High,E_Low,Ö,Öd,Ödd,I,Im,Id
2024-05-02 ,9.813197446734543,9.813197446734543,9.664089171908463,9.710685729980469,4935200,0.0,0.0,0.0,-1.0,0.0,0.0,1.0,-0.0019157148211868806,0.036740200606252445,1.476303790082552,0.05400150049217003,0.13052864674700249,-0.0,0.7208402657646549,-1.0,0.0,957.3872192695317,10.419395281571505,10.419395281571505,-0.070442099426087,-0.0023335037313019016,0.025975887974607727,1.0,0.0,0.0
2024-05-03 ,9.841156341565805,9.91571048221168,9.692047171518588,9.86911392211914,3617300,0.0,0.0,0.0,-1.0,0.0,0.0,1.0,0.008091410277616557,0.9753892910676233,0.7541533024698018,0.7853981646281663,1.288239641809289,-0.0,0.9999999000712103,-1.0,0.0,967.9019849729597,10.457633345958797,10.457633345958797,-0.057922100926050435,0.006259999250018279,0.00429675149066009,2.0,0.0,0.0
2024-05-06 ,9.850474089967843,10.19528718279844,9.831836000797333,10.17664909362793,2721800,0.0,0.0,0.0,-1.0,0.0,0.0,1.0,0.015341654556486723,1.1071438679284749,0.24497866373317853,1.080836052107093,0.4636462390336338,0.0,0.3094022920517098,-1.0,0.0,965.2499497924031,10.448015235934093,10.448015235934093,-0.026316239516167822,0.015802930704941306,0.004771465727461514,3.0,0.3345115572289604,0.0
2024-05-07 ,10.130053055900005,10.23256477347156,10.1207335664602,10.195287704467772,1377900,0.0,0.0,0.0,-1.0,0.0,0.0,1.0,0.000914915995693853,1.3542453272982886,1.1902857117279657,0.7853981637916515,0.3120423392547261,0.0,-0.8874404122963885,-1.0,0.0,966.3714829281516,10.452084842775957,10.452084842775957,-0.024875841215769204,0.0007201991501993091,-0.007541365777370999,4.0,0.20132420365683162,0.0
2024-05-08 ,10.251203506759651,10.297800064086914,10.241884017543118,10.297800064086914,1056700,0.0,0.0,0.0,-1.0,0.0,0.0,1.0,0.005002289590368171,1.471829890356809,0.7645657476430705,0.7853981640389838,0.4767482893018855,0.0,0.69076067148004,-1.0,0.0,976.0226930982551,10.486975487146761,10.486975487146761,-0.018203770986226952,0.003336035114771126,0.0013079179822859084,5.0,0.14291491780395496,-0.0665936767860644
2024-05-09 ,9.64545127314307,9.720005412034062,9.487023505810852,9.524300575256348,1949600,0.0,0.0,0.6237100606493475,-1.0,0.7692749059932485,0.7551515758037417,0.23072509400675145,-0.03902207454720065,0.029024096009582483,1.3150646567502982,0.02221856533393212,1.4754587800063959,0.0,-0.9999999772853057,0.5244264817969903,0.0,990.0886025008633,10.537415223587004,10.537415223587004,-0.10108579018707485,-0.04144100960042395,-0.022388522357597536,4.0,0.11135515647808168,-0.02920464292643833
2024-05-10 ,9.757282658419816,9.77592074910283,9.67340902845761,9.692047119140623,1109700,0.0,0.0,0.6137100606493475,-1.0,0.756941051618792,0.756941051618792,0.243058948381208,0.00872936660764035,0.828106611923454,1.3765561271188986,0.7853981637769945,0.9903974491339188,-0.6140965764805569,0.9999999790582241,0.513882103237584,-0.9999999983715917,717.211076669548,9.456851915633097,33.92235338121175,-0.6141012044374473,-0.2565077071251862,-0.10753334876238113,5.0,-0.10907119156482276,-0.01577988066293664
2024-05-13 ,9.73864346214842,9.794559510463394,9.729323972636688,9.747962951660156,455300,0.0,0.0,0.6037100606493475,-1.0,0.7446071972443356,0.7446071972443356,0.25539280275566445,0.0028763273432414285,0.7945724347093062,1.4621338688154242,0.7853981638729438,1.254513882042747,0.6861790975625041,-0.5043247551456813,0.4892143944886711,0.9999999992309323,746.6727823069602,9.585550727004765,9.585550727004765,0.016801503126227253,0.3154513537818373,0.28597953045351177,6.0,0.11153436872659485,-0.11021317402145223
2024-05-14 ,9.775920673478456,9.990264491585467,9.775920673478456,9.962306022644045,862200,0.0,0.0,0.5937100606493475,-1.0,1.0,1.0,0.0,0.010874690308048173,0.9874236707688128,0.5369098968342452,0.7853981639704941,1.1902872352403158,0.6273437029866028,0.5816560334645929,1.0,-0.044792061855731445,741.5399363758277,9.563376242706665,9.563376242706665,0.040867744997051314,0.01203312093541203,-0.15170911642321264,7.0,0.09102430564862096,0.1103027801457088
2024-05-15 ,10.223246199574367,10.437589124718912,10.204607220645922,10.418951034545898,6972400,0.0,0.0,0.5837100606493475,-1.0,0.7638383458364191,0.7638383458364191,0.23616165416358093,0.022405144619907634,0.785398163872943,0.09519765996257898,1.3979932029357849,0.09930998698173797,0.9351342484205277,0.34646968623344754,0.5276766916728381,0.1969887286791774,713.2234297899953,9.439162310789214,33.85903994895556,-0.5399102675687656,-0.2903890062829084,-0.15121106360916023,8.0,0.07728681190151941,-0.010255031538986943
2024-05-16 ,10.167330099579408,10.176649588996,10.055498892846591,10.064818382263184,1242700,0.0,0.0,0.5737100606493475,-1.0,0.8100215843779717,0.8036484286526406,0.18997841562202833,-0.01728845141129698,0.4918093934815514,0.9827946705534267,0.7531514687476532,0.7853981646858567,0.539929497508754,-0.99999997480702,0.6136700130306123,-0.2679238451453318,666.4778941824316,9.226677309346504,33.09854879239223,-0.5517482024766132,-0.005918967453923785,0.14223501941449232,7.0,0.06730358677719071,-0.006868746873550775
2024-05-17 ,10.111414630931698,10.241883923746688,9.952986870723151,10.167329788208008,1173200,0.0,0.0,0.5637100606493475,-1.0,0.851952453819641,0.851952453819641,0.14804754618035898,0.005066758363031344,0.5880026054443642,0.7854037768031116,0.5667302175570161,0.8353577219700661,-0.7848153121458711,0.9999999552676998,0.703904907639282,-0.9999999992451376,648.719310642327,9.143340990035224,32.80029602905414,-0.5325520792694746,0.009598061603569297,0.007758514528746541,8.0,-0.0661421410751141,-0.004991612562164349
2025-03-14 ,13.653479557344932,13.826552129179042,13.634249781013324,13.788091659545898,2516200,0.0,0.0,0.046921520815465884,1.0,0.057411365299765725,0.9425886347002342,0.057411365299765725,0.019189789958403366,-0.8076161171302075,0.8076161160857863,-0.7853981650279116,0.7853981640279116,-0.10785160935379907,0.999999959925426,0.8851772694004685,-0.9999999948411448,2192.3419595072455,13.751388798519006,13.751388798519006,0.002665473868555346,0.26760877656901494,0.12900535748272282,9.0,0.06681496526103946,-0.0667228639261524
2025-03-17 ,13.903472360814558,13.970777950004493,13.845781200816129,13.961163520812988,2197200,0.0,0.0,0.03692152081546588,1.0,0.047406714266004915,0.952593285733995,0.047406714266004915,0.006236991232456261,-0.972377911312295,0.9723779099469908,-0.7853981662611633,0.7853981652611634,0.014032244920115565,-0.5094155693284443,0.9051865714679901,0.999999991795468,1956.090649357345,13.236701101333129,13.236701101333129,0.05328608269194557,0.02531030441169511,-0.12114923607865992,10.0,0.06173723206785887,0.06647855316807677
2025-03-18 ,14.066930174519694,14.26884786762648,14.018854358642855,14.259232521057127,4815400,0.0,0.0,0.02692152081546588,1.0,0.024999215293170673,0.9750007847068294,0.024999215293170673,0.010562183457733867,-0.7853981655749072,0.7853981645749072,-1.0447291511954502,1.0447291496997317,0.009564458363402542,0.2574645509424192,0.9500015694136588,-0.18933943075405216,1960.2489093933366,13.246109578106116,13.246109578106116,0.07370070056336742,0.010207308935710924,-0.0075514977379920935,11.0,0.05277541926600589,-0.0025388665965902953
2025-03-19 ,13.94193308009956,14.047699138873911,13.893857265394894,13.932317733764648,5005000,0.0,0.0,0.016921520815465885,1.0,0.026664941436832682,0.9733350585631673,0.02652547826559971,-0.011596197596000044,0.46364761040954366,1.2360599259966802,0.7242500589193935,1.3567345465813103,0.004569445681016585,-0.9999999548703512,0.9468095802975676,-0.3534064129260776,1989.3972295514384,13.311689211453984,13.311689211453984,0.04556862097382876,-0.01406603979476933,-0.012136674365240126,10.0,0.047837860382495205,-0.00448090640092649
2025-03-20 ,13.518867731823208,13.643863564483333,13.4707919178163,13.6246337890625,2526800,0.0,0.0,0.006921520815465876,1.0,0.008672976897311745,0.9913270231026883,0.008629330534325663,-0.011165383966629057,0.20653583983038057,1.0541008675774486,0.19739556011213097,0.9880565690594307,-0.022754288661105283,0.018927226531177746,0.9826976925683626,-0.9999999634017829,1770.8912597758583,12.80336697550139,12.80336697550139,0.06217128102476143,0.008301330025466336,0.011183684910117833,9.0,-0.04736999012730408,-0.0024687794417553414
2025-03-21 ,13.518868018434588,13.653479200143943,13.499637325636163,13.595788955688477,2862000,0.0,0.0,0.0,1.0,0.0,1.0,0.0,-0.0010596761719869213,0.7853981654705842,1.5220518661567841,0.7853981641657759,1.4254860842272308,-0.007373828307335112,0.8266386302740586,1.0,0.510501863072941,1607.4319529516424,12.394974736982697,44.441033017767076,-0.5459670593404772,-0.3040691701826193,-0.15618525010404283,8.0,-0.05236671291084411,-0.04760392525489964
2025-03-24 ,13.605403498125414,13.682324436018217,13.557328599669846,13.615018844604492,2209400,0.0,0.0,0.0,1.0,0.0,1.0,0.0,0.0007067004058515522,0.7853981642659066,1.3382404354788506,0.8264719287691744,1.128418538310391,-0.0,0.9999994338696253,1.0,0.9999998643852525,1693.9332775369307,12.61437777223338,45.226675507713765,-0.562088657418409,-0.008060799038965893,0.1480041855718267,9.0,-0.05879588687234992,-0.0024983613917700168
2025-03-27 ,13.576558262890051,13.730400137397831,13.54771314066232,13.595788955688477,1652600,0.0,0.0,0.0,1.0,0.0,1.0,0.0,-0.002820856071779293,0.24497866477397845,1.0969433522451122,0.4964284904437695,1.2036203492661837,-0.0,0.5385192624307722,1.0,-0.0,2402.929446590158,14.179778950383369,14.179778950383369,-0.04205682296810301,0.260015917225153,0.13403835813205944,8.0,0.05884191131541223,-0.0032145869807529044
2025-03-31 ,12.922729735057578,13.105417653792854,12.903499958699612,13.095802307128906,3554600,0.0,0.0,0.0,1.0,0.0,1.0,0.0,-0.004021898117015647,0.17123957809522553,1.1729218489863924,0.1442548032391323,0.7853981636510905,-0.0,0.5706104660329155,1.0,0.0,2153.907154754934,13.670268916642039,13.670268916642039,-0.04293157828511012,-0.00043737765850355645,-0.13022664744182827,7.0,-0.05880510511774385,0.05881889909388108
2025-04-07 ,11.278542913104353,11.836221092171488,11.143931729338073,11.47084617614746,4168800,0.0,0.0,1.4607296264320264,-1.0,0.6175609448283479,0.6142140114134458,0.3824390551716521,-0.012008259567297286,0.03495606591886167,1.3622265009500731,0.0238050262139304,1.3208182381107636,-0.711255257442303,0.6449868630723886,0.23177495624179367,-0.999999998594035,1021.8696566148925,10.649641774985529,38.19203705421898,-0.5642679462155114,-0.26066818396520064,-0.13011540315334855,6.0,-0.06609705962420952,-0.058823508216578044
2025-04-08 ,11.970831542450458,11.970831542450458,11.297772913949563,11.441999435424805,2881800,0.0,0.0,1.4507296264320264,-1.0,0.6133331881398169,0.6129906503423042,0.38666681186018315,-0.0012589767858465061,1.044729475215461,0.8362077959072479,0.7853981645749092,0.7695302602319203,-0.5188711445088586,0.8102125932723772,0.226323838482121,0.1563937758525474,1020.7227984530754,10.645632841119385,38.177685207769976,-0.5664097206220787,-0.001070887203283688,0.12979864838095848,5.0,-0.07443303085359584,-0.003645977253232832
2025-04-09 ,11.760000228881836,12.770000457763672,11.6899995803833,12.609999656677246,4071100,0.458,0.0,1.4407296264320264,-1.0,0.8860201301743115,0.8860201301743115,0.11397986982568853,0.04856146122323684,1.094995781081945,0.4218501204259911,0.785398163245966,0.7407276813875029,-0.6026909683913027,0.9999999799279168,0.7720402603486229,-0.0747348923823451,1014.9432982716536,10.62538417524898,38.10519581813261,-0.4673081361700577,0.049550792226010526,0.025310839714647107,6.0,-0.09085831947789862,-0.0041679856146931635
2025-04-10 ,12.829999923706056,12.84000015258789,12.260000228881836,12.539999961853027,3999000,0.0,0.0,1.4307296264320264,-1.0,0.8435565492638684,0.842512453391639,0.15644345073613164,-0.002783288106797571,0.9120999032292032,1.186169243437501,0.7853981634757193,0.2945588445915737,0.8362795772188348,-0.9999999805238122,0.6860690026555074,0.9999999993050587,538.062117499137,8.58620045992862,30.80651464793366,-0.2600177173311823,0.1036452094194377,0.027047208596713584,5.0,0.09270623640697459,-0.008212644312151386
2025-04-11 ,12.640000343322754,13.100000381469728,12.59000015258789,13.029999732971191,2449600,0.0,0.0,1.4207296264320264,-1.0,0.7883187067318015,0.7883187067318015,0.2116812932681985,0.019163073013933118,0.9174723959156573,0.33017630479744975,0.7853981638326455,0.2637338222961788,-0.7591804335152731,0.9999999544343616,0.576637413463603,-0.9999999993732215,539.3281715851613,8.592990148882137,30.830810280605956,-0.2224762771983783,0.018770720066401986,-0.042437244676517855,6.0,-0.09079656992605337,0.0917822779424366
2025-04-14 ,13.079999923706056,13.329999923706056,13.039999961853027,13.25,3444500,0.0,0.0,1.4107296264320264,-1.0,0.8602008116497032,0.8602008116497032,0.1397991883502968,0.008371395329688443,1.1917227911027986,0.272548279790656,1.3848649258060621,0.14189705477527514,0.6952420092356838,-0.39193338173937237,0.7204016232994064,0.9999999993124418,515.5054935615336,8.46339671481958,30.367093257137054,-0.19055752729528858,0.01595937495154487,-0.0014056725574285583,7.0,0.09165607210556329,-0.09175140316651398
2025-04-15 ,13.40999984741211,13.5,13.359999656677246,13.399999618530272,2095700,0.0,0.0,1.4007296264320264,-1.0,1.0,1.0,0.0,0.005628503590145418,1.5238463079984217,0.143796790261872,1.0402841720088662,0.07677189143227828,0.7433127259894525,-0.19592223910523326,1.0,0.03341598031918445,511.4395817374282,8.440880078935447,30.286525161254886,-0.17664006019986045,0.006958733547714063,-0.004500320701915403,8.0,0.07720425240317771,0.09122632101580833
2025-04-16 ,13.359999656677246,13.619999885559082,13.329999923706056,13.43000030517578,1896100,0.0,0.0,1.3907296264320264,-1.0,1.0,1.0,0.0,0.0011181769187781567,1.20704601822449,0.17093467175932678,0.604309604234034,0.14189705494692262,0.7126294184996039,-0.6685252098237668,1.0,-0.02107453760090306,507.14751006539893,8.416980534014831,30.201009438064773,-0.17157221996728542,0.0025339201162875163,-0.0022124067157132735,9.0,0.06683125434912286,-0.0072259098511927855
2025-04-17 ,13.380000114440918,13.579999923706056,13.31999969482422,13.479999542236328,1591000,0.0,0.0,1.3807296264320263,-1.0,1.0,1.0,0.0,0.0018580169953199385,1.1659045392684535,1.1659045405356707,1.46405812606326,0.7853981646831644,0.7972472020984146,0.2485858950424229,1.0,0.05604284640771056,525.9631627306525,8.520769078016198,30.57238329089372,-0.18009477785480155,-0.004261278943758065,-0.0033975995300227907,10.0,0.058852594650977245,-0.005186499027027426
2025-04-21 ,13.720000267028809,13.779999732971191,13.239999771118164,13.390000343322754,801000,0.0,0.0,1.3707296264320263,-1.0,1.0,0.9985091401315983,0.0,-0.0033494305655707526,1.2102874176008496,0.05875582295020625,0.1460122580711374,0.23109066808770143,0.825993784919632,-0.9999998079673782,0.9985091401315983,0.01770937466057742,528.1765938281933,8.532814133543154,30.615483431773082,-0.1882043610214902,-0.004054791583344333,0.00010324368020686592,9.0,0.052674739108305044,-0.003989329849072808
2025-04-22 ,13.579999923706056,13.789999961853027,13.550000190734863,13.789999961853027,1763000,0.0,0.0,1.3607296264320263,-1.0,1.0,1.0,0.0,0.014716689258244898,1.3628885463890485,1.0447205445976104,1.3939450768419823,0.05549850536899203,-0.8255420375021725,0.9999999446477742,1.0,-0.9999999993945029,526.8218878945394,8.525446113793434,30.589118844180827,-0.1579061630894517,0.01514909896601925,0.009601945274681792,10.0,-0.05255311263661285,-0.003088927771336101
2025-04-23 ,13.93000030517578,14.100000381469728,13.90999984741211,13.970000267028809,1607600,0.0,0.0,1.3507296264320265,-1.0,1.0,1.0,0.0,0.006484160795809605,1.1322374108753182,0.04641813886172133,1.2771630396266764,0.03997868719428767,0.7598180450742512,-0.38831122587698585,1.0,0.9999999993692285,512.3468690592003,8.445914913262401,30.304540546691594,-0.1355780259018616,0.011164068593795054,-0.001992515186112098,11.0,0.052966210688816476,-0.052613925872458944
2025-04-24 ,13.859999656677246,14.079999923706056,13.829999923706056,14.079999923706056,1416000,0.0,0.0,1.3407296264320263,-1.0,1.0,1.0,0.0,0.003921556361114808,1.4337270351343256,0.7853981646215865,1.0666307129801573,0.8029406354741576,0.7676409660563256,-0.24626886833269934,1.0,0.005121525959091087,516.6911112195637,8.4699401447077,30.390506796633755,-0.13057151724654792,0.0025032543276568425,-0.004330407133069106,12.0,0.0477542910206872,0.05275966166271466
2025-04-25 ,14.06999969482422,14.25,14.06999969482422,14.229999542236328,1499700,0.0,0.0,1.3307296264320265,-1.0,1.0,1.0,0.0,0.005298467727303381,1.492424322741289,0.05223993546342715,-0.03702011606502606,0.03702011599105346,0.8824978422164557,0.14933922120431015,1.0,0.06960437238049548,1228.1063608247994,11.326487935700207,40.61524921087104,-0.410291440169928,-0.13985996146169005,-0.07118160789467345,13.0,0.043553258507064325,-0.0026059598340646382
2025-04-28 ,14.329999923706056,14.43000030517578,14.289999961853027,14.369999885559082,1615700,0.0,0.0,1.3207296264320265,-1.0,1.0,1.0,0.0,0.004895116997334347,-0.8850665826576741,0.8850665814596549,-0.7853981661701728,0.7853981651701728,0.9197484509693843,-0.03956907224453337,1.0,0.020668988957336983,1434.2018827465022,11.930645489227986,11.930645489227986,0.18603235109132443,0.29816189563062623,0.21901092854615814,14.0,0.040093012741935004,-0.002100516256811437
2025-04-29 ,14.0,14.149999618530272,13.93000030517578,14.039999961853027,1367100,0.0,0.0,0.12999938964844104,-1.0,0.21666551166184722,0.21553037256843668,0.7833344883381528,-0.011615625676820082,0.40489055362814175,1.3787489472581234,0.3217505549299763,1.2998482465776797,0.22456550613279358,-0.9999999394333763,-0.5678041157697161,-0.6075106747710548,1488.510392682581,12.08006581912491,43.313432676758595,-0.48809932985720234,-0.33706584047426336,-0.3176138680524448,13.0,0.03711665669098544,-0.0017301228825646608
2025-06-25 ,14.850000381469728,14.880000114440918,14.770000457763672,14.880000114440918,1787500,0.0,0.0,0.6200003433227557,1.0,0.6391754357159788,0.3608245642840212,0.6349554471637627,-0.014569522621265513,0.034469101012902036,1.4738791537494367,0.06885658017488203,0.3408371533056401,0.5618197427138778,-0.999999964872355,-0.2741308828797415,0.999999998734609,2964.1624108805563,15.210738775523856,15.210738775523856,-0.021983639693587968,0.23305784508180719,0.28506184277803526,14.0,-0.03684299513119896,-0.0014881780254747817
2025-06-26 ,14.989999771118164,15.020000457763672,14.920000076293944,14.970000267028809,1270000,0.0,0.0,0.6100003433227557,1.0,0.6288661602034773,0.3711338397965227,0.6288661602034773,0.003015080450175166,0.7853981637595173,1.1210357011663596,1.2234102632895156,1.0934519276392582,-0.48947713887157873,0.999999943132072,-0.2577323204069546,-0.9999999990487938,2492.004290205191,14.353438337841796,51.45447170423927,-0.5962952292425164,-0.28715579477446423,-0.2601068199281357,15.0,0.03749051187762598,-0.036979825911092196
2025-06-27 ,15.18000030517578,15.31999969482422,15.109999656677246,15.270000457763672,1519100,0.0,0.0,0.6000003433227556,1.0,0.7228920463554707,0.27710795364452934,0.7228920463554707,0.009920640990226763,0.819864773739066,0.3217505550966448,1.5042264743214966,0.48447779184592027,0.5683652717439419,0.5338364804800986,-0.4457840927109413,0.9999999990546795,2486.8661640014557,14.343534792591766,51.419003524410634,-0.5757634138352585,0.010265907703628951,0.1487108512390466,16.0,0.03452855851610214,0.03716675350441247
2025-06-30 ,15.210000038146973,15.40999984741211,15.210000038146973,15.369999885559082,1067400,0.0,0.0,0.5900003433227556,1.0,0.9218764156116661,0.07812358438833389,0.9218764156116661,0.0032636888601472423,0.3487710049530916,0.1896138228211208,1.3633008593531541,0.17103945766163967,0.5867192493654994,-0.5049139168022836,-0.8437528312233322,0.015889726916294394,2317.4370423072387,14.009012762019195,50.22097318465395,-0.5456492614804298,0.015057076177414364,0.002395584236892706,17.0,0.032397438329305715,-0.001480976680761921
2025-07-01 ,15.170000076293944,15.270000457763672,15.079999923706056,15.220000267028809,1387200,0.0,0.0,0.019999732971189628,-1.0,0.04081580063915294,0.040726491830563274,0.9591841993608471,-0.0049035507611000645,0.5369126598503224,0.7853981648974484,0.5700400646869727,1.001483569797325,0.8056992681032357,-0.9999998775596256,-0.9184577075302838,0.15726594830019364,2312.9168243878507,13.999867607247696,50.18822185639112,-0.5548037538917504,-0.004577246205660301,-0.009817161191537332,16.0,0.030346579603586398,-0.001065560093398213
2025-07-02 ,15.3100004196167,15.43000030517578,15.18000030517578,15.399999618530272,1241000,0.0,0.0,0.00999973297118963,-1.0,0.028570634492450297,0.028570634492450297,0.9714293655075497,0.005878489620320144,0.7853981658386234,0.17526661763238138,1.0839009613261845,0.27609613769082014,-0.03925811978180511,0.9999999072531848,-0.9428587310150993,-0.9999999988165084,2229.356108834661,13.828617374936623,49.57493144735158,-0.5307452450449317,0.012029254423409352,0.008303250314534827,17.0,-0.030236724423690863,-0.0010254293628596586
2025-07-03 ,15.619999885559082,15.65999984741211,15.5600004196167,15.630000114440918,1532800,0.0,0.0,0.0,-1.0,0.0,0.0,1.0,0.007412197805024707,1.544486014628062,0.13682126582236662,-0.08314123218898563,0.08314123202346839,0.02376912864721312,0.1153971965650657,-1.0,0.9999999841338467,2241.21801855289,13.853185467857923,49.66291552884387,-0.5176946942584478,0.006525275393241936,-0.002751989515083708,18.0,0.030381133388987618,-0.03029165201363863
2025-07-07 ,15.34000015258789,15.449999809265137,15.289999961853027,15.399999618530272,4913100,0.0,0.0,0.0,-1.0,0.0,0.0,1.0,-0.007412197805024707,0.5713381695065872,1.4968592399967728,0.4636476100822851,1.1839222924533022,0.0,-0.9999999325436288,-1.0,-0.9999999579286236,2299.7953970966882,13.97325297734528,50.09290763077398,-0.5411447325885301,-0.01172501916504115,-0.009125147279141543,17.0,0.028664046102233554,0.03030892890633924
2025-07-08 ,15.65999984741211,15.760000228881836,15.539999961853027,15.739999771118164,6169000,0.0,0.0,0.0,-1.0,0.0,0.0,1.0,0.01091843799781561,-0.463647610691127,0.463647609891127,1.506368103013786,0.5549963344350041,-0.0,0.9999999454465216,-1.0,-0.0,2552.5778120333543,14.469176865182744,51.868974986268384,-0.5541655117396808,-0.006510389575575315,0.002607314794732918,18.0,-0.028476546371361044,-0.000858543643377032
2025-07-11 ,15.15999984741211,15.1899995803833,15.029999732971191,15.039999961853027,1432900,0.0,0.0,0.0,-1.0,0.0,0.0,1.0,-0.01699347880003837,0.09966865255446328,1.2990057610362444,0.12140018627010005,1.3923865466088985,-2.754376999521681e-07,-0.1696672978300353,-1.0,-0.996382548399972,3360.7612816675833,15.862770353260895,15.862770353260895,-0.05326156045672668,0.25045197564147703,0.12848118260852617,17.0,0.02870706371849199,-0.0285702962367973
2025-07-14 ,15.15999984741211,15.210000038146973,15.109999656677246,15.15999984741211,2233300,0.0,0.0,0.0,-1.0,0.0,0.0,1.0,0.003973506169436033,0.7853981637449057,1.5031017750370939,0.9521520123723073,1.3059793016916166,-0.0,0.9999999523059728,-1.0,0.996382548399972,2513.74755138719,14.39519738069355,51.604026209036405,-0.5865867960880484,-0.26666261781566086,-0.258557296728569,18.0,-0.028273197989330725,0.02859180504492652
2025-07-15 ,14.949999809265137,14.960000038146973,14.720000267028809,14.739999771118164,2576100,0.0,0.0,0.0,-1.0,0.0,0.0,1.0,-0.014046825473323879,0.10362729908134183,1.338386696583189,0.06656816387963618,1.3439967639895891,0.0,-0.9999999445071287,-1.0,0.0,2915.682462678758,15.12711624304023,15.12711624304023,-0.025924039791420817,0.2803313781483138,0.27349699798198734,17.0,0.02862136134731184,-0.028490130853911357
2025-07-16 ,14.8100004196167,14.920000076293944,14.670000076293944,14.899999618530272,4306500,0.0,0.0,0.0,-1.0,0.0,0.0,1.0,0.005398105624387645,0.07796700555692847,0.8301467788304465,0.062418811178831975,0.8960577197480478,-0.0,0.9999999485727183,-1.0,-0.0,2951.243674268162,15.188545173000842,15.188545173000842,-0.019180349358865097,0.0033718452162778603,-0.13847976646601798,18.0,-0.028389710580682966,0.028447279668321283
2025-07-17 ,14.729999542236328,14.859999656677246,14.710000038146973,14.850000381469728,1354600,0.0,0.0,0.0,-1.0,0.0,0.0,1.0,-0.0016806466238838092,0.022723361197515203,0.8760690020315347,0.2662480171705206,0.034077982719402454,0.0,-0.9999998587321856,-1.0,0.0,2873.328816412747,15.053297780894182,15.053297780894182,-0.01359719790843443,0.0027915757252153332,-0.0002901347455312635,17.0,0.028639104482821424,-0.0285055359639974
2025-07-18 ,14.890000343322754,14.90999984741211,14.739999771118164,14.770000457763672,1230500,0.0,0.0,0.0,-1.0,0.0,0.0,1.0,-0.002700875132997699,1.5167935743051875,1.075242926213593,0.7853981642488002,1.257178193035269,-0.0,-0.23284793112429797,-1.0,-0.0,3230.8750056774857,15.655174154441847,15.655174154441847,-0.05820335170559278,-0.022303076898579174,-0.012547326311897254,16.0,-0.028550112848207618,0.028514407531752196
2025-07-21 ,14.710000038146973,14.880000114440918,14.68000030517578,14.729999542236328,3796400,0.0,0.0,0.0,-1.0,0.0,0.0,1.0,-0.0013559632382150423,0.5880026103168804,1.1071360075710817,0.32175055909668665,1.4056424960723506,-0.0,0.3315171668679137,-1.0,0.0,3295.9286327473005,15.759831563953668,15.759831563953668,-0.067578197408654,-0.0046874228515306135,0.00880782702352428,15.0,-0.030266638746679116,-0.02859460866551452
2025-07-22 ,14.760000228881836,14.880000114440918,14.630000114440918,14.859999656677246,4480100,0.0,0.0,0.0,-1.0,0.0,0.0,1.0,0.004393380127083311,0.37089397149332176,0.7188181791679333,0.11614107780886825,0.7853981646831644,-0.0,0.999999826067124,-1.0,0.0,3335.9619006142984,15.82355272956957,15.82355272956957,-0.06282649297466446,0.002375852216994774,0.0035316375342626938,16.0,-0.03223865793773873,-0.0008582629492357493
2025-07-23 ,14.9399995803833,15.4399995803833,14.899999618530272,15.399999618530272,1975300,0.0,0.0,0.0,-1.0,0.0,0.0,1.0,0.017845339550138582,0.9994576420621011,0.11065722126013276,1.1215357696947765,0.22649847014976615,0.0,0.6048890859460949,-1.0,0.0,3403.6328286821354,15.930114033696961,15.930114033696961,-0.03384379767168002,0.01449134765149222,0.006057747717248723,17.0,0.03232035431709886,-0.0009860095955298073
2025-07-24 ,15.25,15.350000381469728,15.220000267028809,15.229999542236328,1801700,0.0,0.0,0.0,-1.0,0.0,0.0,1.0,-0.005550116909950604,0.48127081502942,0.19739556006673814,0.9877208450096723,0.14583211110542696,0.0,-0.9999999572566597,-1.0,0.0,2616.3109990712805,14.588989393246532,52.29807209603945,-0.5953461636670291,-0.28075118299767454,-0.1476212653245834,16.0,0.030535422634985425,0.0322795061274188
2025-07-25 ,15.260000228881836,15.449999809265137,15.210000038146973,15.420000076293944,1631300,0.0,0.0,0.0,-1.0,0.0,0.0,1.0,0.006199038708723035,0.7853981643260183,0.30805474903145336,1.266279199400124,0.2024658873331847,-0.0,0.999999914887508,-1.0,-0.0,2659.815414481483,14.669658740004074,52.58698349131225,-0.5884596051279611,0.003443279269533972,0.14209723113360426,17.0,-0.030227903378451448,-0.0008924658410567159
2025-07-28 ,15.420000076293944,15.420000076293944,15.239999771118164,15.3100004196167,1069400,0.0,0.0,0.0,-1.0,0.0,0.0,1.0,-0.0035795527140288323,0.6781235889054191,0.6043074834538574,0.7853981646215865,0.6781235889054481,0.0,-0.999999897735793,-1.0,0.0,2871.825766513157,15.050664796557516,15.050664796557516,0.017084074329560363,0.30277183972876076,0.1496642802296134,16.0,0.0303853486729104,-0.030381663006718435
2025-07-29 ,15.520000457763672,15.65999984741211,15.460000038146973,15.640000343322754,1252800,0.0,0.0,0.0,-1.0,0.0,0.0,1.0,0.010662355915066968,1.0427203970404615,0.07677189151193521,1.2870031333134295,0.08371975517269575,-0.0,0.999999929784697,-1.0,-0.0,3010.975116864732,15.290623365913259,15.290623365913259,0.022591968441939985,0.002753947056189811,-0.15000894633628548,17.0,-0.03025473084772523,0.030306626025680926
2025-07-30 ,15.369999885559082,15.630000114440918,15.359999656677246,15.539999961853027,1564300,0.0,0.0,0.0,-1.0,0.0,0.0,1.0,-0.003207196295412698,1.292499066380459,0.7853981652784002,0.8097817595404571,1.0516507029096112,0.0,-0.9999999278996241,-1.0,0.0,2974.113516928897,15.22779017977619,15.22779017977619,0.020295282639913023,-0.001148342901013481,-0.001951144978601646,16.0,0.030443571879899774,-0.030320039760317816
2025-08-01 ,16.649999618530273,16.700000762939453,16.440000534057617,16.65999984741211,1649300,0.0,0.0,0.0,-1.0,0.0,0.0,1.0,-0.0020964269572859005,1.405647504390252,0.7900493957602303,1.2658040825713652,0.7853981633604109,0.0,-0.99999997434106,-1.0,0.0,1656.5208831678947,12.520425433999277,44.890247095980996,-0.35278032377118695,-0.18653780320555,-0.09269473015226826,17.0,-0.030259781155626227,0.030349151363812502
2025-08-04 ,17.0,17.15999984741211,16.989999771118164,17.059999465942383,1458200,0.0,0.0,0.0,-1.0,0.0,0.0,1.0,0.011862385132726184,-0.8742726365000736,0.8742726353232592,-0.7853981648065405,0.7853981638065405,-0.0,0.9999999283606713,-1.0,-0.0,1942.451333216852,13.20574670005091,47.3443423220544,-0.38231319777873984,-0.014766437003776445,0.08588568310088678,18.0,0.03074288124786433,-0.030351676517763
2025-08-05 ,17.170000076293945,17.329999923706055,17.110000610351562,17.280000686645508,1474500,0.0,0.0,0.0,-1.0,0.0,0.0,1.0,0.006406558524332025,-0.7853981668386234,0.7853981658386234,-0.9561302948460869,0.9561302935112198,0.0,-0.2986393965721659,-1.0,0.0,1898.17728140657,13.104255042735831,46.98089700557796,-0.36178922803163,0.010261984873554925,0.012514210938665685,19.0,0.028718557428910402,0.03050133120174528
2025-08-06 ,17.59000015258789,17.760000228881836,17.59000015258789,17.739999771118164,1744200,0.0,0.0,0.0,-1.0,0.0,0.0,1.0,0.013135324913186228,-0.8402872008954623,0.8402871997859046,-0.785398164939116,0.785398163939116,0.0,0.3443253597353036,-1.0,0.0,1958.0593950966909,13.241157247718302,47.471149528500504,-0.3459040861557406,0.007942570937944704,-0.0011597069678051103,20.0,0.027102877871600914,-0.0010121619094769635
2025-08-07 ,17.969999313354492,18.1200008392334,17.860000610351562,18.1200008392334,1435100,0.0,0.0,0.0,-1.0,0.0,0.0,1.0,0.010596794803331403,-0.7853981652863349,0.7853981642863349,-0.9272952199749434,0.9272952186949434,0.0,-0.10696600359393926,-1.0,0.0,2005.3196971772259,13.347241810005325,47.85104671348646,-0.3326850280988091,0.006609529028465733,-0.0006665209547394857,21.0,0.025786921427322924,-0.0008078397786547443
2025-08-08 ,18.469999313354492,18.63999938964844,18.40999984741211,18.59000015258789,2061300,0.0,0.0,0.0,-1.0,0.0,0.0,1.0,0.012803031889299172,-0.8134289039447138,0.8134289028886816,-0.7853981648065405,0.7853981638065405,0.0,0.0942843304210565,-1.0,0.0,2094.668986611195,13.543326684896378,48.55325085856923,-0.32165373101251726,0.005515648543145929,-0.0005469402426599018,22.0,0.02450267949366684,-0.0006579782221389947
2025-08-11 ,18.549999237060547,18.68000030517578,18.489999771118164,18.6200008392334,1302300,0.0,0.0,0.0,-1.0,0.0,0.0,1.0,0.0008062533148575278,-1.1071391868874105,1.1071391852874257,-0.7853981701474543,0.7853981691474543,0.0,-0.8815141657302685,-1.0,0.0,2087.7709395645784,13.528389600505724,48.49975892438761,-0.3189383021023544,0.0013577144550814269,-0.002078967044032251,23.0,0.023384862540869317,-0.0006421209668280425
2025-08-12 ,18.420000076293945,18.479999542236328,18.350000381469727,18.38999938964844,1762300,0.0,0.0,0.04999946594238281,-1.0,0.060974981159110146,0.06080553391393216,0.9390250188408898,-0.006214575740679651,0.6848191480126742,0.9371648152138429,0.862171977327054,0.785398163917857,0.0,-0.9999998575666991,-0.8782194849269577,0.0,2152.090082589632,13.666409984066373,48.99403296490184,-0.3415127499105626,-0.011287223904104082,-0.0063224691795927546,22.0,0.022230143450843683,-0.000558908476398761
2025-08-13 ,18.649999618530273,18.760000228881836,18.649999618530273,18.719999313354492,1632700,0.0,0.0,0.03999946594238281,-1.0,0.09755970933856846,0.09755970933856846,0.9024402906614315,0.008892480065738931,-0.8198647748079416,0.819864773739063,-0.7853981655641192,0.7853981645641193,-0.06038210809635207,0.9999999338057696,-0.804880581322863,-0.999999983438803,2127.4519916132426,13.613869726287819,48.80587689849792,-0.31987748549893796,0.010817632205812305,0.011052428054958194,23.0,-0.022160467478238657,-0.0005773595450128174
2025-08-14 ,18.84000015258789,19.079999923706055,18.84000015258789,19.049999237060547,1396500,0.0,0.0,0.029999465942382814,-1.0,0.04109518459488412,0.04109518459488412,0.9589048154051159,0.00873709124625922,-0.7853981654599498,0.7853981644599498,-1.0349834383692393,1.034983436890542,0.023542462379186356,-0.00881410034966974,-0.9178096308102317,0.9999999880845385,2126.06560433369,13.610901231818525,48.79524621162797,-0.3021849020988458,0.008846291700046083,-0.0009856702528831113,24.0,0.02230843212325009,-0.022195305464541168
2025-08-15 ,19.3799991607666,19.38999938964844,19.190000534057617,19.239999771118164,1093100,0.0,0.0,0.01999946594238281,-1.0,0.019230274053248023,0.019230274053248023,0.9807697259467519,0.004962145180965746,-0.8459315812048281,0.8459315800840569,-0.7853981653260182,0.7853981643260183,0.007616294375030096,-0.2755588466399884,-0.9615394518935039,-0.5111297481685099,2326.912630273829,14.028144869977348,50.28949062307672,-0.3224394570420004,-0.010127277471577295,-0.009486784585811689,25.0,0.021357715756075764,0.022234449800744373
2025-08-18 ,18.959999084472656,19.079999923706055,18.950000762939453,19.06999969482422,955300,0.0,0.0,0.00999946594238281,-1.0,0.013512795993535564,0.013486059085756777,0.9864872040064644,-0.004437485739071218,0.3313967947278461,0.7853981644599498,0.4182243302441787,1.0947243479767736,0.004512591256293678,-0.9999998936128555,-0.9730011449207077,-0.25589348907927534,2319.7468353976797,14.013681260668307,50.23769237788593,-0.3302834336281586,-0.003921988293079104,0.0031026445892490956,24.0,0.020452631141524267,-0.0004753581835871632
2025-08-19 ,19.079999923706055,19.1299991607666,18.899999618530273,18.93000030517578,1080300,0.0,0.0,0.0,-1.0,0.0,0.0,1.0,-0.0036841944644325658,0.5880026048611754,1.0475249899484824,1.0475084779791501,1.3439996217217878,-0.012096550002370627,0.09275065787040175,-1.0,-0.9999999397921949,2272.8727090006437,13.918325625531752,49.89619842996139,-0.3308276077756308,-0.00027208707373610475,0.0018249506096714996,23.0,-0.02036778293381748,-0.00045254230727574847
2025-08-20 ,18.950000762939453,19.020000457763672,18.829999923706055,18.88999938964844,1082100,0.0,0.0,0.0,-1.0,0.0,0.0,1.0,-0.0010576656755715004,0.44159725884976464,0.7853981648205236,0.6389164934223326,0.9652512828446359,-0.0,0.5539025102828745,-1.0,0.9999999173318082,5463.5214729704985,18.65876913477799,18.65876913477799,0.01231641872548272,0.17157201325055677,0.08592205016214643,22.0,-0.021241686091561268,-0.020410207037670873
2025-08-21 ,18.959999084472656,19.059999465942383,18.940000534057617,18.979999542236328,796800,0.0,0.0,0.0,-1.0,0.0,0.0,1.0,0.0023765554562007437,0.8086547387559231,0.7419623861679329,1.4801348760304083,0.32175055682389975,-0.0,0.9999997088132446,-1.0,0.0,5587.862923765647,18.799524872368384,18.799524872368384,0.009554172293389415,-0.0013811232160466525,-0.08647656823330171,23.0,-0.022211799332720255,-0.0004369515788718945
2025-08-26 ,18.489999771118164,18.530000686645508,18.38999938964844,18.459999084472656,1562600,0.0,0.0,0.2800011444091761,-1.0,0.30769361687856833,0.30699040038736025,0.6923063831214317,-0.00511992834002019,0.09966865260739147,1.462523062570774,0.1819643318000768,1.4840599555016678,-0.3551120725063992,0.42553562702608005,-0.3853159827340714,-0.9999999971839876,4878.097516262932,17.965652427695797,64.3923702565178,-0.6111222646798731,-0.31033821848663123,-0.15447854763529228,22.0,0.02224551137508991,-0.0004850566205794934
2025-08-27 ,17.989999771118164,18.040000915527344,17.8799991607666,17.959999084472656,2279300,0.0,0.0,0.2700011444091761,-1.0,0.19014164077642265,0.18896029516667268,0.8098583592235773,-0.01372872117347719,0.06927677950969863,1.0687052826262782,0.06656816383959262,1.5288072773883854,-0.2801022610493577,-0.4567325829131538,-0.6208980640569046,0.11808582926501542,5204.208914456093,18.358195611709213,18.358195611709213,-0.02192909023523487,0.2945965872223191,0.30246740285447515,21.0,-0.022082509839895327,0.022228655353905082
2025-08-28 ,18.06999969482422,18.209999084472656,18.030000686645508,18.149999618530273,1190200,0.0,0.0,0.26000114440917615,-1.0,0.23423513643549065,0.23423513643549065,0.7657648635645093,0.00526171533874402,0.8441497118429566,0.8139653998140947,0.7853981642863422,0.8760512760622711,-0.13227245519742373,0.9999999473419189,-0.5315297271290187,0.35848416420608714,5153.298394574595,18.298017033312664,18.298017033312664,-0.008122155447515204,0.006903467393859834,-0.14384655991422962,22.0,-0.02311132611984099,-0.022164010607492617
2025-08-29 ,18.010000228881836,18.149999618530273,17.979999542236328,18.1299991607666,860900,0.0,0.0,0.25000114440917615,-1.0,0.38461624235594605,0.3845222927758584,0.615383757644054,-0.0005512805522773365,0.7419458320979522,0.7853981674429564,0.8329640090981353,0.8329735031320185,0.233504942915145,-0.9999998279716953,-0.23086146486819553,0.9999999972660968,4858.368900022379,17.941349977024377,64.30531927725363,-0.6278072500761237,-0.3098425473143043,-0.15837300735408205,21.0,0.023309519283030888,-0.0005144081399728311
2025-09-02 ,17.850000381469727,18.1200008392334,17.770000457763672,18.079999923706055,1007400,0.0,0.0,0.24000114440917614,-1.0,0.5454588488248014,0.5451246713907826,0.45454115117519855,-0.001380812988807482,0.3709035609818435,0.41240919165980366,0.05549850545406963,0.8621670645189173,-0.38399986531626007,-0.4293436055486113,0.09058352021558402,-0.9999999983805795,5062.256628938238,18.189404733233157,18.189404733233157,-0.0060329163043749585,0.31088716688587437,0.3103648571000893,20.0,-0.023250133293616013,0.02321042270143594
2025-09-05 ,18.649999618530273,18.68000030517578,18.229999542236328,18.299999237060547,1508000,0.0,0.0,0.3499989318847656,1.0,0.38461427535411713,0.6153857246458829,0.3838679314834547,-0.0043525531751285465,0.7853981645103544,0.2011873217971568,1.0378644377130581,1.31823608964638,0.4207038264885547,-0.9999999420186046,0.2315177931624282,0.999999998769015,5384.367629699778,18.568049275308166,18.568049275308166,-0.014541304587672927,-0.004254194141648984,-0.15757068051376166,21.0,-0.024375301126643746,-0.023279826288323452
2025-09-08 ,18.459999084472656,18.559999465942383,18.40999984741211,18.510000228881836,732300,0.0,0.0,0.3399989318847656,1.0,0.3953473146324586,0.6046526853675414,0.3953473146324586,0.005704998502257185,0.20982648203829232,0.6306824272534003,0.7853981650713657,0.14103223807359727,-0.3226804758844309,0.9999999005722334,0.20930537073508276,-0.9999999986548008,5388.498496412789,18.572805676499748,18.572805676499748,-0.0033873115119711136,0.005576996537850907,0.004915595339749945,22.0,0.024454894132591852,-0.0005625839165138667
2025-09-09 ,18.43000030517578,18.700000762939453,18.40999984741211,18.6200008392334,867200,0.0,0.0,0.010000457763671875,1.0,0.020834224088945755,0.9791657759110542,0.020834224088945755,0.0029625803174571862,0.7853981646215922,0.20425164379330318,0.9002740737646743,0.31171595350469816,0.32494839980673623,-0.3163995304159047,0.9583315518221085,0.9999999984559058,5006.548347567408,18.122300838206186,18.122300838206186,0.027093046540751075,0.015240179026361093,0.004831591244255093,23.0,0.023314001210323565,0.0244150976296178
2025-09-10 ,18.920000076293945,19.010000228881836,18.81999969482422,18.88999938964844,1057500,0.0,0.0,4.5776367187458367e-07,1.0,5.868759857677236e-07,0.9999994131240142,5.868759857677236e-07,0.007198041822648403,0.9551778747910165,0.10977215171884543,1.059566305240665,0.08314123200753298,0.0180111647921136,0.41685056583519753,0.9999988262480284,-0.8949662461773655,4907.728727269647,18.00203033074218,18.00203033074218,0.04814810151508834,0.010527527487168632,-0.0023563257695962308,24.0,0.02225122626997479,-0.0005704464611341435
2025-09-11 ,18.959999084472656,19.11000061035156,18.920000076293945,19.11000061035156,902600,0.0,0.0,0.0,1.0,0.0,1.0,0.0,0.0057895058079767865,0.7853981655290463,0.1451247425035983,0.9707457552852555,0.1451247425035932,4.604131660835455e-07,-0.10845280004189775,1.0,-0.999948820482856,4482.71238804678,17.4654783646889,62.600769972629166,-0.5482901326595885,-0.2982191170873384,-0.1543733222872535,25.0,0.021343597299610675,-0.0005313874701743868
2025-09-12 ,18.86000061035156,19.11000061035156,18.86000061035156,19.06999969482422,823900,0.0,0.0,0.0,1.0,0.0,1.0,0.0,-0.0010476929074806102,0.7853981655290463,0.26504006916062345,0.22244762590290393,0.5961851489474481,0.0,-0.9999998537412915,1.0,-0.997832744981059,4176.6756326821405,17.05771652196406,61.14021051098824,-0.5267698178070804,0.010760157426254024,0.1544896372567962,24.0,0.02045997469990944,-0.000453814485182058
2025-09-15 ,19.15999984741211,19.239999771118164,19.11000061035156,19.229999542236328,998100,0.0,0.0,0.0,1.0,0.0,1.0,0.0,0.004177541791104983,1.2610959659392162,0.09585976236011447,1.261093659334981,0.0499583958715687,-0.0,0.9999998086210732,1.0,-0.0,5823.357685409662,19.06048244446413,19.06048244446413,0.008854326008665323,0.2678120719078729,0.12852595724080942,25.0,-0.020398681632792473,-0.00044181129985061685
2025-09-26 ,19.100000381469727,19.290000915527344,19.100000381469727,19.25,829300,0.0,0.0,0.23,-1.0,0.37704880306176053,0.37704880306176053,0.6229511969382395,0.0120925098160261,1.2924990666760605,0.22324250607116541,1.314647878261265,0.19739556011544845,-0.2983243639877231,0.9999999599415649,-0.245902393876479,-0.9999999982297575,5655.215886608176,18.87489787876245,18.87489787876245,0.019678176010032463,0.00541192500068357,-0.13120007345359466,26.0,0.020445648379471226,-0.020429328166350957
2025-09-29 ,19.1200008392334,19.170000076293945,18.969999313354492,19.030000686645508,586500,0.0,0.0,0.22,-1.0,0.360655376841684,0.3597292151116439,0.639344623158316,-0.005747108396245194,0.879454283557626,0.8593355108104533,0.8398838365991597,0.7853981646215922,0.35975623010588437,-0.9999999439449919,-0.27961540804667206,0.9999999984804293,4676.956245751816,17.714729032277422,63.493570306556684,-0.5666508266143744,-0.2931645013122034,-0.14928821315644347,25.0,0.019612351006257488,0.02042216500613185
2025-09-30 ,19.170000076293945,19.309999465942383,19.079999923706055,19.25,783500,0.0,0.0,0.21,-1.0,0.33333377737276,0.33333377737276,0.66666622262724,0.005747108396245194,0.9505429772749115,0.14189705546416828,1.107137818728158,0.17985175697313519,-0.35909972739552776,0.9999999129997346,-0.33333244525447997,-0.9999999986089008,4603.076794645025,17.620757203543924,63.15696813111152,-0.5498393287280738,0.00840574894315027,0.15078512512767683,26.0,-0.01955749026538908,-0.00041664868660686895
2025-10-01 ,19.280000686645508,19.299999237060547,19.149999618530273,19.219999313354492,1003700,0.0,0.0,0.2,-1.0,0.5882350301248752,0.5880316933441775,0.4117649698751248,-0.0007798463005195158,1.0191282442454126,0.24497866470153648,1.1383894837471846,0.22810216787519508,0.2709519469680891,-0.9999998467892158,0.1762667234690527,0.9999999984128286,4612.486516626869,17.63278168526774,63.20003913296268,-0.5520809750146727,-0.001120823143299421,-0.004763286043224846,25.0,0.019657261667085302,-0.01958492063582328
2025-10-02 ,19.299999237060547,19.36000061035156,19.010000228881836,19.079999923706055,1219100,0.0,0.0,0.05999969482421875,-1.0,0.15384485971253067,0.15359442705650972,0.8461551402874693,-0.0036553366171602616,1.2277758399837517,0.25366747811387325,0.11065722184811509,0.8621565929265654,-0.5083379985654025,-0.6483362065726984,-0.6925607132309596,-0.9999999987167806,4614.179190970391,17.634942979947624,63.2077807664785,-0.5595142066313245,-0.003716615808325885,-0.001297896332513232,24.0,-0.019601065241364846,0.01960737596623719
2025-10-03 ,19.38999938964844,19.420000076293945,19.13999938964844,19.25,1079800,0.0,0.0,0.049999694824218746,-1.0,0.12195052056680838,0.12195052056680838,0.8780494794331917,0.004435170274780118,-0.8253780741968458,0.8253780720370966,1.4940221911656197,0.46364761167774904,-0.12145394870677383,0.9999998763983655,-0.7560989588663833,0.6143045348865425,4635.623157546026,17.66227804943311,63.30569348891655,-0.5521921649493761,0.003661020840974194,0.0036888183246500394,25.0,-0.020374942327226205,-0.019629163454225072
2025-10-06 ,19.059999465942383,19.09000015258789,18.719999313354492,18.799999237060547,1203100,0.0,0.0,0.03999969482421875,-1.0,0.05714235889722672,0.05683744389068318,0.9428576411027733,-0.01182656430913024,0.17985357264844343,1.186191519036095,0.1418970547974972,1.4758469770831306,0.054307574904047494,-0.9999999385059488,-0.88602019721209,0.9999999943104727,4443.396872007047,17.414156218609914,62.4169382647561,-0.5617032389061286,-0.0047555369783762735,-0.004208278909675234,24.0,0.02044794321235404,-0.00038693854293067945
2025-10-07 ,18.809999465942383,18.829999923706055,18.559999465942383,18.59000015258789,1055900,0.0,0.0,0.02999969482421875,-1.0,0.034883341317577754,0.03479581598221302,0.9651166586824222,-0.005616450599108469,0.04995839586389541,1.1071516529167758,0.08107206075894226,1.047519487424302,-0.04626291341725188,0.3560229344908527,-0.9303208427002092,-0.9999999900567254,3895.0280228088036,16.66443119104955,59.73152687825282,-0.5289444643830142,0.016379387261557188,0.01056746211996673,23.0,-0.020299264098988443,0.020411442769790122
2025-10-08 ,18.809999465942383,19.049999237060547,18.739999771118164,18.899999618530273,1630400,0.0,0.0,0.019999694824218747,-1.0,0.023255442593282587,0.023255442593282587,0.9767445574067174,0.008268857504267113,1.4219028805005984,0.5448648764757962,0.7853981641474496,0.6375475312118701,-0.027305947449380676,0.9999999279814377,-0.9534891148134348,0.25767648821639866,3868.524899123696,16.626457340618348,59.595511995113654,-0.5101258538313156,0.009409305275849322,-0.0034850409928539328,24.0,-0.021223210916436527,-0.020373603655671244
2025-10-09 ,18.649999618530273,18.670000076293945,18.399999618530273,18.479999542236328,940000,0.0,0.0,0.009999694824218752,-1.0,0.01449230012245722,0.014418899068536143,0.9855076998775428,-0.011235957349479294,0.0416425791664533,1.2774490111216794,0.04653488429327257,1.1501319872632512,0.020597497086296913,-0.9999999487306106,-0.9710888008090067,0.9999999791246749,3646.6245267888867,16.301488562999964,58.431546834664466,-0.5128671365762474,-0.0013706413724658972,-0.00538997332415761,23.0,0.0213534281757929,-0.00046197340872404166
2025-10-10 ,18.540000915527344,18.6200008392334,18.010000228881836,18.040000915527344,1205100,0.0,0.0,0.0,-1.0,0.0,0.0,1.0,-0.012048155016258945,0.2812358518339516,1.3994130905513373,0.03702011593178055,1.1174559082431936,-0.01123854275855319,-0.034882052583319396,-1.0,-0.999999968589059,3788.411818695379,16.51060432285831,59.180550591659376,-0.5497063402720329,-0.018419601847892764,-0.008524480237713433,22.0,-0.02116883337838281,0.021288319546114712
2025-10-13 ,18.149999618530273,18.3799991607666,18.13999938964844,18.34000015258789,707200,0.0,0.0,0.0,-1.0,0.0,0.0,1.0,0.008246267956365653,0.055003443906908964,0.7853981642488036,0.10130003719301592,0.10130077511374427,-0.0,0.9999999507253815,-1.0,0.9999999110205005,3470.457119939855,16.033963150760787,57.473343834373004,-0.5039307369764784,0.02288780164777726,0.020653701747835013,23.0,-0.022101378891375114,-0.021261130777087855
2025-10-14 ,18.399999618530273,18.6200008392334,18.309999465942383,18.56999969482422,1342200,0.0,0.0,0.0,-1.0,0.0,0.0,1.0,0.006231361235089634,1.3654053805267066,0.32175055534663344,1.2120273988773123,0.43984510539148364,0.0,-0.13917379395871152,-1.0,0.0,3440.6416433065783,15.98779446859536,57.30798144590231,-0.4885853869102788,0.007672675033099791,-0.0076075633073387355,24.0,0.022302253204673394,-0.0004662727564961524
2025-10-15 ,18.469999313354492,18.530000686645508,18.11000061035156,18.260000228881836,1133500,0.0,0.0,0.019998779296882103,-1.0,0.032784851289503106,0.03266101822950723,0.9672151487104969,-0.008417036833683186,0.6375452516941988,0.7266344500502607,0.3217505555966508,1.1071449042823203,0.0,-0.9999999317331543,-0.9345541304809897,0.0,3740.9091717827782,16.44113577872634,58.93172973259758,-0.533370174440779,-0.022392393765250124,-0.015032534399174957,23.0,0.021334692010817384,0.022201816048024254
2025-10-16 ,18.0,20.0,17.899999618530273,19.479999542236328,6357900,0.0,0.0,0.009998779296882105,-1.0,0.004761322609800796,0.004761322609800796,0.9952386773901992,0.032326426093095495,-0.032246882489399914,0.03224688242495085,0.2220807854596565,1.516428215763302,-0.030168875118366533,0.999999975456186,-0.9904773547803984,-0.9999999668532564,4411.544218640695,17.372353344344113,62.26720406577498,-0.5237691863041863,0.004800494068296357,0.01359644391677324,24.0,-0.021196231007310606,-0.0004837805969280049
2025-10-17 ,19.6299991607666,19.649999618530273,19.290000915527344,19.56999969482422,5164000,0.0,0.0,0.0,-1.0,0.0,0.0,1.0,0.002304741468534413,1.1042750981805087,0.8925567578482085,-0.4636476096885757,0.46364760888857565,0.003755210685671897,-0.8668978227267802,-1.0,0.9999999705224195,1808.2402980686697,12.893112960410106,46.22479996832513,-0.22110710402658906,0.15133104113879864,0.07326527353525114,25.0,0.021564865646716624,-0.021265461509063995
2025-10-20 ,19.969999313354492,20.15999984741211,19.950000762939453,20.1200008392334,3021300,0.0,0.0,0.0,-1.0,0.0,0.0,1.0,0.013857423457004714,-0.9129073939768798,0.9129073927246166,-0.7853981646550242,0.7853981636550242,0.0,0.7147978830123868,-1.0,-0.9999997337034278,1834.1376646628535,12.954617165964244,46.44504424118012,-0.19814662900817925,0.011480237509204905,-0.06992540181479687,26.0,0.02042890740762073,0.021380548327013617
2025-10-21 ,19.899999618530273,19.950000762939453,19.559999465942383,19.559999465942383,1960800,0.0,0.0,0.0,-1.0,0.0,0.0,1.0,-0.014112937726413529,0.7483818799950637,0.9151004648145782,0.4636476096264438,0.9652557327222622,0.0,-0.999999964247871,-1.0,0.0,1684.3901586166444,12.590545271040263,45.141334807131116,-0.19788561185030418,0.0001305085789375382,-0.005674864465133683,25.0,0.019725400965875453,-0.0005679791195479476
2025-10-22 ,19.799999237060547,19.850000381469727,19.5,19.670000076293945,1566700,0.0,0.0,0.0,-1.0,0.0,0.0,1.0,0.002803992139564829,0.6107221253448475,0.80977949210626,0.8621722992444245,0.7853981652784111,-0.0,0.9999999408876228,-1.0,-0.0,1512.8773846611152,12.145924488952103,43.54925088886594,-0.1563484549626811,0.02076857844381154,0.010319034932437,26.0,-0.019482534690118687,-0.0003517532208726377
2025-10-23 ,19.86000061035156,19.8700008392334,19.56999969482422,19.65999984741211,1291500,0.0,0.0,0.0,-1.0,0.0,0.0,1.0,-0.00025426465551067355,1.264918535770096,1.4141913543036906,0.7853981642132342,1.065937989516346,0.0,-0.999999673016447,-1.0,0.0,1504.725602724532,12.123971414671136,43.47064396726839,-0.1550491232414398,0.0006496658606206518,-0.010059456291595444,25.0,0.01963207130557574,-0.01960396782799707
2025-10-24 ,19.5,19.63999938964844,19.440000534057617,19.63999938964844,1098500,0.0,0.0,0.04999946594238281,-1.0,0.09803812451615074,0.09801601867743917,0.9019618754838492,-0.0005089175102275208,0.6036006813258774,0.7853981633478992,0.8840890125707693,1.3838173067741366,-0.0,-0.3336720018850684,-0.8039458568064101,-0.0,1653.697652035853,12.51327826764915,44.86465435676652,-0.1876520374342186,-0.016301457096389402,-0.008475561478505027,24.0,-0.019605635130329212,0.019557302997847213
2025-10-27 ,19.8799991607666,20.030000686645508,19.86000061035156,20.010000228881836,915800,0.0,0.0,0.14999984741210937,1.0,0.25423696376038535,0.7457630362396146,0.25423696376038535,0.009331673210419816,1.270627030512034,0.21214310613110607,1.3597026829659362,0.19739556011544845,-0.08870687620511783,0.9999998983800946,0.49152607247922925,-0.9999999887269169,1698.9939421012077,12.626979639359325,45.27180103093876,-0.17802789538983016,0.00481207102219422,0.01055676405929181,25.0,-0.020403561590335007,-0.019618853217952474
2025-10-28 ,19.88999938964844,20.09000015258789,19.8700008392334,20.09000015258789,992700,0.0,0.0,0.13999984741210938,1.0,0.2153845070381206,0.7846154929618794,0.2153845070381206,0.001995010547257321,0.8519680207248388,0.21867063120769176,0.7853981691474543,0.9272837761570677,0.2342477907223001,-0.6477325731335255,0.5692309859237588,0.9999999969035901,1686.8159065678406,12.596611743753748,45.16305793943448,-0.17163147308229024,0.0031982111537699615,-0.0008069299342121292,26.0,0.020491185185595912,-0.0003989632300028974
2025-10-29 ,20.170000076293945,20.540000915527344,20.149999618530273,20.299999237060547,1944800,0.0,0.0,0.12999984741210938,1.0,0.1181816384812655,0.8818183615187345,0.1181816384812655,0.00519928417048892,-0.7853981650085575,0.7853981640085576,-1.0141997265559393,1.0141997251141401,0.19761010042908028,0.4453908692309638,0.763636723037469,-0.08483737581059904,1876.640458597353,13.054312750993688,46.80205302299587,-0.19690196561050974,-0.01263524626410975,-0.007916728708939856,27.0,0.01962510408497069,0.02044737338796546
2025-10-30 ,19.829999923706055,20.059999465942383,19.81999969482422,19.93000030517578,1940600,0.0,0.0,0.040001144409179686,-1.0,0.05555705082015852,0.0553274704056345,0.9444429491798415,-0.009197090134100408,0.24497866338176466,1.4876587111302266,0.348772047954655,0.9011599260034108,0.022546528615944663,-0.999999930538071,-0.889115478774207,-0.7951773779301254,2196.610148202388,13.760338410586725,49.33040937010713,-0.2679394203679429,-0.03551872737871657,-0.01144174055730341,26.0,0.018910984217908124,-0.00043304055031261057
2025-10-31 ,20.149999618530273,20.18000030517578,19.959999084472656,20.1299991607666,1325100,0.0,0.0,0.030001144409179687,-1.0,0.041668185478743694,0.041668185478743694,0.9583318145212563,0.004992482732328851,0.7853981642863349,0.9827912778341421,1.0851737734286437,0.9097560924284338,-0.04361422402520116,0.9999999295257201,-0.9166636290425125,-0.9999999848852992,1991.6919919338623,13.316824781898093,47.74212059148521,-0.22520995027771987,0.021364735045111508,0.02844173121191404,27.0,-0.018789955919846335,-0.0003570599335312834
2025-11-03 ,20.059999465942383,20.059999465942383,19.84000015258789,19.8799991607666,1242400,0.0,0.0,0.02000114440917969,-1.0,0.02777932013732887,0.027701697558850755,0.9722206798626711,-0.006248438152656735,0.19739556126012597,1.3258288843383828,0.19739861793393232,1.1759995649330006,0.04018698039243992,-0.999999911039325,-0.9445189823038204,0.9999999880669974,1999.0096370377705,13.333174979943045,47.800672091748666,-0.2389333353697452,-0.006861692546012668,-0.014113213795562088,26.0,0.01890928561942578,-0.01885047006887723
2025-11-04 ,19.969999313354492,20.25,19.969999313354492,20.020000457763672,1357900,0.0,0.0,0.010001144409179687,-1.0,0.023258458863398446,0.023258458863398446,0.9767415411366016,0.003508804469563233,0.7853981646215809,0.3645261183466733,1.0153032472343722,0.5087339139477375,-0.02411665048396951,0.9999998975120394,-0.9534830822732032,-0.9999999844487789,2056.728674363462,13.460759413764842,48.2575659064349,-0.24143388550267847,-0.0012502750664666329,0.0028057087397730177,27.0,-0.018815202685248902,0.018849620769636057
2025-11-05 ,20.260000228881836,20.56999969482422,20.18000030517578,20.459999084472656,1636300,0.0,0.0,1.1444091796847244e-06,-1.0,1.5676847908409188e-06,1.5676847908409188e-06,0.9999984323152091,0.010869531415134906,-0.7853981654599498,0.7853981644599498,-0.9900373714726994,0.990037370074752,0.02152879782393319,0.5119317348451601,-0.9999968646304183,0.999999978092011,4839.78069423613,17.918391994201247,64.22308422817615,-0.50562347649283,-0.13209479549507577,-0.06542226021430457,28.0,0.01889706488477531,-0.01886224415233734
2025-11-06 ,20.56999969482422,20.770000457763672,20.56999969482422,20.68000030517578,1591300,0.0,0.0,0.0,-1.0,0.0,0.0,1.0,0.0053476233341530205,-1.096942807766116,1.0969428061825695,-0.7853981651795016,0.7853981641795016,3.0901942583042954e-07,-0.34049793726772,-1.0,-0.9999712464233929,4273.140377985957,17.188337426057416,61.60807816071076,-0.45334498466500533,0.02613924591391234,0.07911702070449406,29.0,0.01826775186042747,0.018856133785012108
2025-11-07 ,20.280000686645508,20.450000762939453,20.100000381469727,20.420000076293945,1287000,0.0,0.0,0.06999992370605469,-1.0,0.08749977946312981,0.08725221518879145,0.9125002205368702,-0.00632603957344631,0.4552794034143123,1.1684733280840667,0.321750554734941,1.3009446840211383,0.0,-0.9999999143370918,-0.8252480053480787,-0.9967743956775567,5238.311526604118,18.39828707381759,65.94207229117212,-0.5340022987962296,-0.040328657065612145,-0.03323395148976224,28.0,0.017585029842350015,-0.00031465651217391956
2025-11-10 ,20.90999984741211,21.1299991607666,20.850000381469727,21.100000381469727,1424300,0.0,0.0,0.059999923706054684,-1.0,0.0582524221504548,0.0582524221504548,0.9417475778495452,0.016377656495151376,-0.8343113431961864,0.834311342098516,-0.7853981645641149,0.785398163564115,-0.08087612992138847,0.9999999559543101,-0.8834951556990904,-0.9999999876354124,7379.628733327886,20.629041469132815,20.629041469132815,0.02257319551754658,0.2782877471568881,0.15930820211125013,29.0,-0.017494222576665424,-0.0003413610090387282
2025-11-11 ,21.31999969482422,21.520000457763672,21.299999237060547,21.450000762939453,1108700,0.0,0.0,0.04999992370605469,-1.0,0.03521121198567071,0.03521121198567071,0.9647887880143293,0.008225625665246651,-0.8567027252617347,0.8567027241196085,-0.7853981650085623,0.7853981640085623,0.013842778717087367,-0.33133914594887925,-0.9295775760286586,0.9999999894424461,5070.776569244942,18.199623988395548,65.23045620635423,-0.47393902580098796,-0.24825611065926728,-0.2632719289080777,30.0,0.01766764485863587,-0.01753962620950772
2025-11-12 ,21.760000228881836,21.899999618530273,21.719999313354492,21.829999923706055,1095100,0.0,0.0,0.03999992370605469,-1.0,0.022222189255688668,0.022222189255688668,0.9777778107443114,0.008780017438489881,-0.8353577499749643,0.8353577488752113,-0.7853981650879243,0.7853981640879243,0.008165267176291664,0.03260045722828086,-0.9555556214886227,-0.25797434766934013,4946.718390331283,18.04967485716603,64.69333777670106,-0.44810778112026867,0.012915622340359645,0.13058586649981346,31.0,0.017010042411222934,0.017580933717650647
2025-11-13 ,22.030000686645508,22.09000015258789,21.59000015258789,21.61000061035156,1181400,0.0,0.0,0.029999923706054685,-1.0,0.024193491325407577,0.024138802585870506,0.9758065086745924,-0.0050644408528957765,-0.651869283649382,0.6518692821771714,0.8398943980501403,0.7853981646215809,0.005274817100581343,-0.9999999277689379,-0.9516677060887219,-0.2150618851119982,4888.8932272347165,17.978923232571933,64.43990609122167,-0.454310421886503,-0.0031013203831171676,-0.008008471361738406,30.0,0.01645624752379495,-0.0003288012237064684
2025-11-14 ,21.260000228881836,21.399999618530273,21.15999984741211,21.190000534057617,3295200,0.0,0.0,0.01999992370605469,-1.0,0.021505287250711668,0.02141037492140431,0.9784947127492883,-0.009813085632330758,0.24497866323257572,1.1978082919396025,0.3815084029453219,1.1485461063938283,-0.014745242584035423,-0.31918238996032183,-0.957084337827884,-0.9999999500501014,4611.985205662546,17.63214148367389,63.197745968102375,-0.45446664884100163,-7.811347724931417e-05,0.0015116034529339267,29.0,-0.016356385684617142,-0.00027689744371399254
2025-11-17 ,20.920000076293945,20.989999771118164,20.6299991607666,20.770000457763672,1239300,0.0,0.0,0.00999992370605468,-1.0,0.006849258159462072,0.006818414554671319,0.993150741840538,-0.01000953447012097,0.21608466570294507,0.7853981638233759,0.16820625500911981,0.7947439193347738,-0.020245639344448195,-0.009910336114224313,-0.9863323272858666,-0.15719514056432357,3793.715639223361,16.518324549839132,59.20820277238863,-0.40925555811433645,0.02260554536333259,0.011341829420290953,28.0,-0.016874348447401873,-0.016406316604206043
2025-11-18 ,20.350000381469727,20.469999313354492,20.209999084472656,20.450000762939453,2131600,0.0,0.0,0.0,-1.0,0.0,0.0,1.0,-0.0077632141035332124,0.14189705473339442,1.5323565532008232,0.17506036704864195,1.3623336734833482,-0.005727273052095745,0.12639126868234496,-1.0,0.5589810457799594,3329.850898470365,15.813858951150223,56.68499987213291,-0.3812152439953896,0.014020157059473431,-0.00429269415192958,27.0,-0.01746485607505293,-0.00025898138139236575
2025-11-19 ,20.520000457763672,20.6299991607666,20.40999984741211,20.520000457763672,1212100,0.0,0.0,0.0,-1.0,0.0,0.0,1.0,0.0017085597446564445,0.7853981642863349,0.8441553017873926,1.0222490679397518,0.7328140484919394,-0.0,0.9999998944231662,-1.0,0.9999998253968657,3424.3142822439877,15.96239861885637,57.217021274820425,-0.387143606881843,-0.0029641814432267155,-0.008492169251350074,28.0,-0.018118543670077508,-0.00029525381382552833
2025-11-20 ,20.780000686645508,20.899999618530273,20.209999084472656,20.229999542236328,1417800,0.0,0.0,0.0,-1.0,0.0,0.0,1.0,-0.0071165868841065955,0.785398163749297,0.11065722147064293,0.14888963705968147,1.1839253217744714,0.0,-0.999999886687448,-1.0,0.0,3479.454333548496,16.04784313058151,57.52305783587795,-0.4067135361590558,-0.009784964638606397,-0.003410391597689841,27.0,0.018195532072125112,-0.0003268437975122891
2025-11-21 ,20.36000061035156,20.579999923706055,20.229999542236328,20.399999618530273,1282200,0.0,0.0,0.0,-1.0,0.0,0.0,1.0,0.00418410238260851,0.32175055503414307,1.239698251188615,0.8699406139167137,1.3854440559413161,-0.0,0.9999999115098303,-1.0,-0.0,3432.851020397979,15.975686862143073,57.26461568559743,-0.3938405683867262,0.006436483886164801,0.008110724262385599,28.0,-0.0181238740979722,0.01815703787110131
2025-11-24 ,20.56999969482422,20.790000915527344,20.530000686645508,20.63999938964844,1045500,0.0,0.0,0.0,-1.0,0.0,0.0,1.0,0.005847947780660008,0.828856832461946,0.27829941959130233,1.2490514945332163,0.1973955602985963,0.0,0.16585296176952555,-1.0,0.0,3416.777293890787,15.950648188035396,57.17493486430512,-0.3805766228718235,0.006631972757451365,9.774443564328217e-05,29.0,0.01821526609606351,-0.018159703085048655
2025-11-25 ,21.190000534057617,21.260000228881836,21.079999923706055,21.170000076293945,1013200,0.0,0.0,0.0,-1.0,0.0,0.0,1.0,0.01267640979228504,1.3215448954987687,0.16564154310216048,1.4263546859533944,0.14189705471870973,0.0,0.3686206993206257,-1.0,0.0,3701.0842729907017,16.38244011712954,58.72149554075014,-0.3819228560643462,-0.0006731165962613472,-0.0036525446768563563,30.0,0.01758884456556505,0.018169570097017855
2025-11-26 ,21.350000381469727,21.59000015258789,21.329999923706055,21.5,1442400,0.0,0.0,0.0,-1.0,0.0,0.0,1.0,0.007733768997328683,0.7853981638974483,0.1667862684642261,1.0912766745035085,0.21866894587394195,0.0,-0.24216547065751737,-1.0,0.0,3267.4737157225413,15.714224918211977,56.32814496028302,-0.3248273991689782,0.028547728447683995,0.014610422521972671,31.0,0.017042294516876885,-0.00031321076524922983
2025-11-28 ,21.530000686645508,21.579999923706055,21.489999771118164,21.549999237060547,421200,0.0,0.0,0.0,-1.0,0.0,0.0,1.0,0.001161422484242553,1.2679046624897117,0.19739556025853522,1.2679101008543483,0.1973955600662275,0.0,-0.738865013511793,-1.0,0.0,3344.040631635078,15.836349706027217,56.76555428486023,-0.33024302640309783,-0.0027078136170598233,-0.01562777103237191,32.0,0.01644885975183427,-0.0002732750243440822
2025-12-01 ,21.690000534057617,21.8700008392334,21.690000534057617,21.729999542236328,795700,0.0,0.0,0.0,-1.0,0.0,0.0,1.0,0.0041589720483514656,0.8794624827411787,0.08314123209105627,1.46771920550276,0.12025027044679579,0.0,0.5634072778509052,-1.0,0.0,4334.023767619751,17.26976819069325,61.89975412584711,-0.40854306528473794,-0.039150019440820055,-0.018221102911880116,33.0,0.01588116162784293,-0.00029671738252130646
2025-12-02 ,21.899999618530273,21.920000076293945,21.739999771118164,21.86000061035156,1322500,0.0,0.0,0.0,-1.0,0.0,0.0,1.0,0.0029823598912631067,0.7853981658386234,0.27610113985989154,-0.2761011416434354,0.27610113985989154,0.0,-0.164760860057571,-1.0,0.0,4593.056273857753,17.607934145102185,63.111036694975006,-0.4219641225391534,-0.006710528627207724,0.016219745406806166,34.0,0.015412748642600987,-0.00028384906199566996
2025-12-03 ,22.040000915527344,22.100000381469727,21.649999618530273,21.899999618530273,1083300,0.0,0.0,0.030000915527343748,-1.0,0.04918177952322585,0.04918177952322585,0.9508182204767741,0.0009140541126486313,-0.321750556363306,0.321750555763306,0.5880026051885888,0.8441553037253222,0.0,-0.5308227631137945,-0.9016364409535482,0.0,4650.209665674816,17.68082358409595,63.372122634506376,-0.42426572939584517,-0.0011508034283458923,0.0027798625994309156,35.0,0.014944982888462702,-0.00023420649262097248
2025-12-04 ,22.0,22.239999771118164,21.950000762939453,22.149999618530273,860800,0.0,0.0,0.02000091552734375,-1.0,0.03389984805870753,0.03389984805870753,0.9661001519412925,0.005675368997274981,-1.1341723015793947,1.134172299937054,-0.7853981655641087,0.7853981645641087,0.03400872400594929,0.7225691965183807,-0.932200303882585,0.9999999705957809,5292.829542845809,18.46201891443839,66.17036228267423,-0.4561366472869461,-0.015935458945550457,-0.007392327758602282,36.0,0.01449860933829527,-0.0002338828770691425
2025-12-05 ,22.06999969482422,22.149999618530273,21.770000457763672,21.799999237060547,1594300,0.0,0.0,0.010000915527343751,-1.0,0.016950699899783404,0.016890167693904987,0.9830493001002166,-0.007963603881304845,0.7853981651752213,1.299853849104509,0.4636476108230246,0.9827912798084993,0.005410738032198839,-0.9999999266807014,-0.9661591324063117,-0.7254788312584266,6364.1962247588535,19.63421187683234,70.36928128296756,-0.5336052507322654,-0.03873430172265965,-0.011399421388554598,35.0,0.014119565903484213,-0.00022318677508371618
2025-12-08 ,21.940000534057617,22.020000457763672,21.770000457763672,21.84000015258789,1455600,0.0,0.0,9.155273437491673e-07,-1.0,1.5517408592750896e-06,1.5517408592750896e-06,0.9999984482591407,0.0009166112760494701,0.3332468220301455,1.0636969243061225,0.4636476108230246,0.8441513573118767,-0.01529659879732114,0.9999998873901286,-0.9999968965182815,-0.9999999517079401,6961.076327138103,20.23079039699022,20.23079039699022,0.07653743690858854,0.30507134382042694,0.17190282277154328,36.0,-0.014034210223483702,-0.000189521717405528
2025-12-09 ,21.979999542236328,22.100000381469727,21.81999969482422,21.88999938964844,1516100,0.0,0.0,0.0,-1.0,0.0,0.0,1.0,0.0011433623961568762,1.0475281680789186,0.4964265962407361,0.7853981667435705,0.7141023195600096,1.4112083078771902e-06,0.1100747126490362,-1.0,0.9999999346320251,8810.766220257914,21.886516949175856,21.886516949175856,0.00015910085000727018,-0.038189168029290635,-0.17163025592485878,37.0,0.014090213704337183,-0.014076888063483957
2025-12-10 ,22.1299991607666,22.3799991607666,21.93000030517578,22.36000061035156,1171700,0.0,0.0,0.0,-1.0,0.0,0.0,1.0,0.01062149651306481,-0.24497866420249811,0.2449786637319099,1.4994869248657725,0.5667247301211774,0.0,0.8056308523893819,-1.0,-0.9992918891678925,8781.051843504765,21.861850813528413,21.861850813528413,0.02253052974351694,0.011185714446754834,0.024687441238022734,38.0,0.013705550924492825,0.014062211963910443
2025-12-12 ,22.86000061035156,22.8799991607666,22.420000076293945,22.6299991607666,1524600,0.0,0.0,0.0,-1.0,0.0,0.0,1.0,-0.00286409054556811,1.4909645198441688,0.7853981638974483,0.7469547282446998,0.795499063977759,0.0,-0.9999999147436468,-1.0,0.0,9477.123367167425,22.425661652454295,22.425661652454295,0.009070509924692912,-0.006730009909412014,-0.008957862178083423,39.0,0.01339493885970024,-0.0001923313899221792
2025-12-15 ,22.88999938964844,23.0,22.760000228881836,22.969999313354492,646700,0.0,0.0,0.0,-1.0,0.0,0.0,1.0,0.007456143946602267,-1.2315016600878153,1.231501658309356,-0.7853981653680359,0.7853981643680359,-0.0,0.9999999031029864,-1.0,-0.0,8453.256222585302,21.585973937134334,21.585973937134334,0.06214523780216037,0.02653736393873373,0.016633686924072872,40.0,0.013021178109981773,-0.00015530603239629227
2025-12-17 ,22.5,22.780000686645508,22.40999984741211,22.520000457763672,1605200,0.0,0.0,0.0,-1.0,0.0,0.0,1.0,0.00022207925226174142,0.7175467082297478,0.8760557059341922,1.012200580617439,0.785398163939116,-0.0,0.9999999032544824,-1.0,-0.0,7305.864059706679,20.559969025343317,73.68553373476527,-0.5471723904720304,-0.3046588141370954,-0.16559808903791456,39.0,0.012699501205561771,-0.00018688037485923344
2025-12-18 ,22.649999618530273,22.950000762939453,22.600000381469727,22.8700008392334,1038600,0.0,0.0,0.05000137329101207,1.0,0.08474806840590351,0.9152519315940965,0.08474806840590351,0.007710957732289865,1.3134770593625211,0.35662091003437035,0.8709053138775068,0.3217505556755851,0.0,0.9440114234435263,0.8305038631881929,0.0,7272.612108607178,20.52868006218904,73.57344903206408,-0.5302275300916086,0.008472430190210878,0.15656562216365313,40.0,-0.012601903656840845,-0.00016083845221000117
2025-12-19 ,23.34000015258789,23.34000015258789,23.049999237060547,23.049999237060547,1240400,0.0,0.0,0.04000137329101207,1.0,0.04301221523088783,0.9569877847691122,0.04301221523088783,0.003919825730141322,-0.8567051457539722,0.8567051446118411,-0.7853981650085623,0.7853981640085623,0.07163180991226556,-0.3259566897137807,0.9139755695382243,0.999999986039722,6827.238588626259,20.10008103094737,72.0381109987619,-0.5012938360819241,0.014466847004842243,0.0029972084073156824,41.0,0.012700893690617061,-0.012650702431201307
2025-12-22 ,23.209999084472656,23.299999237060547,23.1200008392334,23.13999938964844,855500,0.0,0.0,0.030001373291012073,1.0,0.0322595305872953,0.9677404694127048,0.0322595305872953,0.0019484770570192729,1.3460792382348379,0.785398164326026,-1.1902805565801795,1.1902805531319296,0.009974245875159684,-0.3359315987415667,0.9354809388254095,-0.7555513213647488,6789.4329785390955,20.062849816287148,71.90474116277483,-0.4955433249533654,0.0028752555642793665,-0.005795795720281438,42.0,0.01236696530074359,0.012651398673728952
2025-12-23 ,23.11000061035156,23.309999465942383,23.100000381469727,23.190000534057617,733800,0.0,0.0,0.02000137329101207,1.0,0.02702889118572204,0.972971108814278,0.02702889118572204,0.0010792390349992562,1.0303768346123456,1.1902899548547876,0.8960553931077059,0.7853981728972192,0.01134528666126812,-0.2870935413059052,0.9459422176285559,0.06430913620909177,6809.056037399245,20.082191950742306,71.97402863221589,-0.4943482208335684,0.000597552059898504,-0.0011388517521904312,43.0,0.012058552297550797,-0.0001669641949367355
2025-12-24 ,23.190000534057617,23.31999969482422,23.149999618530273,23.31999969482422,289400,0.0,0.0,0.01000137329101207,1.0,0.034487385230578885,0.9655126147694211,0.034487385230578885,0.0027950797705194276,1.1902768014573128,1.0303600035086797,-0.3217505606967337,0.3217505600967337,0.025473072790541878,0.4428753488744224,0.9310252295388421,0.3837157862519441,6997.951906502148,20.266508993669234,72.63429150216662,-0.49789208431040294,-0.0017719317384172761,-0.00118474189915789,44.0,0.011770316861882816,-0.00015420650159639684
2025-12-26 ,23.399999618530273,23.450000762939453,23.149999618530273,23.149999618530273,777300,0.0,0.0,1.3732910120745068e-06,1.0,3.9236843294506245e-06,0.9999960763156706,3.9172920880915455e-06,-0.003658275851213342,-0.4636476124777039,0.4636476116777039,1.5707963247948966,1.2036303599971485,0.02390686917360977,-0.9999998450418814,0.9999921590235825,-0.031717404332952046,8994.351327494323,22.037694899804528,22.037694899804528,0.04924037236217625,0.2735662283362896,0.13766908003735343,43.0,0.011508410657210881,-0.0001441177178339902
2025-12-29 ,23.190000534057617,23.25,23.1200008392334,23.1299991607666,815900,0.0,0.0,0.0,1.0,0.0,1.0,0.0,-0.0004321620201212922,0.24497716760367366,0.7853981645641193,1.0303936533425253,1.4382414613495267,-2.2691954831274662e-06,0.7886962579248687,1.0,-0.9999999581749898,8202.902459155875,21.370427070803732,76.58881906854607,-0.5590991373683712,-0.30416975486527376,-0.2888679916007817,42.0,-0.011475527096328032,-0.00013095310233596745
2025-12-30 ,23.510000228881836,23.59000015258789,23.40999984741211,23.450000762939453,1346100,0.0,0.0,0.1299993896484375,1.0,0.27659485015116775,0.7234051498488323,0.27659485015116775,0.006869935652575914,-0.7853981653680359,0.7853981643680359,-0.8645991466141555,0.8645991454564151,-0.0,0.9999998630530694,0.44681029969766456,0.9995595092988986,8084.201385482693,21.266693255423615,76.21721300191255,-0.5404942133395723,0.009302462014399493,0.15673610843983662,43.0,-0.01176245352120842,-0.011491968876769457
2025-12-31 ,23.440000534057617,23.559999465942383,23.309999465942383,23.309999465942383,648600,0.0,0.0,0.1199993896484375,1.0,0.25531822332244386,0.7446817766775562,0.2549781633342207,-0.0029940396987123397,1.379607274457141,0.7853981645103544,0.9978276613860935,1.0209455975541148,0.06357798298932749,-0.999999898621006,0.4897036133433355,0.9999999842712849,9247.151512131159,22.242537362306063,79.71301320813598,-0.5913372712465003,-0.025421528953464,-0.017361995483931747,42.0,0.011800084276155228,-0.00014346321244019383
2026-01-02 ,23.739999771118164,23.989999771118164,23.719999313354492,23.989999771118164,1695200,0.0,0.0,0.1099993896484375,1.0,0.12643623528380069,0.8735637647161993,0.12643623528380069,0.014376328036872074,-0.7853981650602382,0.7853981640602382,-0.8092037315930737,0.8092037305454806,-0.2278246168401956,0.9999999424306982,0.7471275294323987,-0.9999999965683215,10279.137814272794,23.0420164007877,23.0420164007877,0.04031771791731865,0.31582749458190945,0.17062451176768673,43.0,-0.01174903639469004,0.011781268898681824
2026-01-05 ,23.790000915527344,24.190000534057617,23.790000915527344,24.190000534057617,1223168,0.0,0.0,0.09999938964843749,1.0,0.11363553212794825,0.8863644678720517,0.11363553212794825,0.004151115850407495,-0.7853981663974388,0.7853981653974388,-1.2341155627036364,1.2341155609219068,0.030852286784228206,-0.5518954312736846,0.7727289357441034,0.9999999961341736,7094.7131689462685,20.3596411008847,72.96791163692865,-0.465847824181585,-0.2530827710494518,-0.28445513281568063,44.0,0.011837817908801031,-0.011774560335422634
