Date,Open,High,Low,Close,Volume,Dividends,Stock Splits,Capital Gains,Low_High_Avg,RV,Sd,Rs,G,Rf,Sf,R*,Ss,P↑,P↓,Y_High,Y_Close,Y_Low,cos_θ1,sin_θ1,cos_θ2,sin_θ2,cos_θ3,sin_θ3,cos_θ4,sin_θ4,E_Low,E_High
2025-03-04 00:00:00,31.354999542236328,31.86000061035156,30.32900047302246,30.32900047302246,800,0.0,0.0,0.0,31.09450054168701,0,1.0,4.0820007324218786,0.0,4.0820007324218786,0.0,-1.5289993286132848,2.0,0.5,0.5,0.3037679433195971,0.10691986328448189,0.10691986328448189,1.0,0.0,1.0,0.0,1.0,0.0,1.0,0.0,25.02544779412936,37.31784634100356
2025-03-05 00:00:00,33.16999816894531,33.65999984741211,31.81999969482422,32.45000076293945,2600,0.0,0.0,0.0,32.739999771118164,0,1.0,6.203001022338871,0.0,6.203001022338871,0.0,-1.5289993286132848,2.0,0.5,0.5,0.17857135163538004,0.21960371482563631,0.15593967586827573,1.0,0.0,1.0,0.0,1.0,0.0,1.0,0.0,31.024299224795293,37.31784634100356
2025-03-06 00:00:00,32.439998626708984,32.439998626708984,31.18000030517578,31.18000030517578,2100,0.0,0.0,0.0,31.809999465942383,0,-1.0,-1.2700004577636719,0.0,-1.2700004577636719,0.0,6.203001022338871,0.041918337451760504,0.9895204156370598,0.010479584362940126,-0.02981499619014149,-0.03224169678712883,-0.016410240760216348,1.0,0.0,1.0,0.0,1.0,0.0,1.0,0.0,31.024299224795293,37.31784634100356
2025-03-07 00:00:00,29.395000457763672,29.395000457763672,29.395000457763672,29.395000457763672,200,0.0,0.0,0.0,29.395000457763672,0,-1.0,-3.0550003051757812,0.0,-3.0550003051757812,0.0,6.203001022338871,0.24255979138728678,0.9393600521531783,0.060639947846821696,-0.009379795582035059,-0.00561287604875535,-0.00561287604875535,1.0,0.0,1.0,0.0,1.0,0.0,1.0,0.0,25.02544779412936,31.024299224795293
2025-03-10 00:00:00,28.839000701904297,28.839000701904297,28.839000701904297,28.839000701904297,300,0.0,0.0,0.0,28.839000701904297,0,-1.0,-3.6110000610351562,0.0,-3.6110000610351562,0.0,6.203001022338871,0.338884172775668,0.915278956806083,0.084721043193917,-0.028643047607268955,-0.028643047607268955,-0.028643047607268955,1.0,0.0,1.0,0.0,1.0,0.0,1.0,0.0,25.02544779412936,31.024299224795293
2025-03-11 00:00:00,29.770000457763672,29.90999984741211,29.770000457763672,29.88999938964844,1000,0.0,0.0,0.0,29.84000015258789,0,1.0,1.0509986877441442,0.5149993896484375,1.0509986877441442,0.24010935500359357,-3.6110000610351562,0.08471286229542402,0.26128757057744956,0.7387124294225504,0.12153388545549473,0.11930490741152759,0.10589951912256172,1.0,0.0,1.0,0.0,1.0,0.0,1.0,0.0,25.02544779412936,31.024299224795293
2025-03-12 00:00:00,29.349000930786133,29.349000930786133,29.349000930786133,29.349000930786133,200,0.0,0.0,0.0,29.349000930786133,0,-1.0,-0.5409984588623082,0.0,-0.5409984588623082,0.0,1.0509986877441442,0.2649645105870111,0.9337588723532473,0.06624112764675277,-0.0037867592045687792,-0.003652988442991602,-0.002848488757180384,1.0,0.0,1.0,0.0,1.0,0.0,1.0,0.0,25.02544779412936,31.024299224795293
2025-03-13 00:00:00,30.042999267578125,30.042999267578125,30.042999267578125,30.042999267578125,1000,0.0,0.0,0.0,30.042999267578125,0,1.0,0.6939983367919922,0.13299942016601562,0.6939983367919922,0.03672676159864592,-0.5409984588623082,1.6456019882586541,0.44812725866330944,0.5518727413366906,0.1168504738810103,0.1168504738810103,0.1168504738810103,1.0,0.0,1.0,0.0,1.0,0.0,1.0,0.0,25.02544779412936,31.024299224795293
2025-03-14 00:00:00,27.719999313354492,27.719999313354492,27.423999786376953,27.423999786376953,500,0.0,0.0,0.0,27.571999549865723,0,-1.0,-2.618999481201172,1.9250011444091797,-2.618999481201172,0.540245501465341,0.6939983367919922,2.0,0.0,1.0,-0.04021605545579221,-0.04557397331192159,-0.04557397331192159,1.0,0.0,1.0,0.0,1.0,0.0,1.0,0.0,25.02544779412936,31.024299224795293
2025-03-17 00:00:00,26.829999923706055,26.829999923706055,26.052000045776367,26.052000045776367,3200,0.0,0.0,0.0,26.44099998474121,0,-1.0,-3.990999221801758,0.0,-3.990999221801758,0.0,0.6939983367919922,2.0,0.5,0.5,-0.20883579004269595,-0.3284014648591629,-0.3284014648591629,1.0,0.0,1.0,0.0,1.0,0.0,1.0,0.0,25.02544779412936,31.024299224795293
2025-03-18 00:00:00,25.600000381469727,25.839000701904297,25.600000381469727,25.839000701904297,200,0.0,0.0,0.0,25.71950054168701,0,-1.0,-4.203998565673828,0.0,-4.203998565673828,0.0,0.6939983367919922,2.0,0.5,0.5,-0.0023519508867420095,-0.0005130931683794675,-0.0010938580804418702,1.0,0.0,1.0,0.0,1.0,0.0,1.0,0.0,25.02544779412936,31.024299224795293
2025-03-19 00:00:00,24.584999084472656,24.584999084472656,24.584999084472656,24.584999084472656,100,0.0,0.0,0.0,24.584999084472656,0,-1.0,-5.458000183105469,0.0,-5.458000183105469,0.0,0.6939983367919922,2.0,0.5,0.5,-0.024869142129626022,-0.024869142129626022,-0.020225192942084063,1.0,0.0,1.0,0.0,1.0,0.0,1.0,0.0,19.354789529985048,25.02544779412936
2025-03-20 00:00:00,24.28499984741211,24.28499984741211,24.28499984741211,24.28499984741211,100,0.0,0.0,0.0,24.28499984741211,0,-1.0,-5.757999420166016,0.0,-5.757999420166016,0.0,0.6939983367919922,2.0,0.5,0.5,-0.012277439886122659,-0.012277439886122659,-0.012277439886122659,1.0,0.0,1.0,0.0,1.0,0.0,1.0,0.0,19.354789529985048,25.02544779412936
2025-03-21 00:00:00,25.200000762939453,25.200000762939453,24.96299934387207,24.96299934387207,200,0.0,0.0,0.0,25.08150005340576,0,1.0,0.6779994964599609,0.6150016784667969,0.6779994964599609,0.8227991975450569,-5.757999420166016,0.013864860650278345,0.8262654127076265,0.17373458729237345,0.07396187970024505,0.055068186126834735,0.055068186126834735,1.0,0.0,1.0,0.0,1.0,0.0,1.0,0.0,19.354789529985048,31.024299224795293
2025-03-24 00:00:00,24.410999298095703,24.410999298095703,24.410999298095703,24.410999298095703,200,0.0,0.0,0.0,24.410999298095703,0,-1.0,-0.5520000457763672,0.0,-0.5520000457763672,0.0,0.6779994964599609,0.6628564473323411,0.8342858881669147,0.16571411183308526,-0.03180752106883802,-0.02235994899984335,-0.02235994899984335,1.0,0.0,1.0,0.0,1.0,0.0,1.0,0.0,19.354789529985048,25.02544779412936
2025-03-25 00:00:00,24.25900077819824,24.25900077819824,24.25900077819824,24.25900077819824,200,0.0,0.0,0.0,24.25900077819824,0,-1.0,-0.7039985656738317,0.0,-0.7039985656738317,0.0,0.6779994964599609,1.0781639488022188,0.7304590127994453,0.2695409872005547,-0.0062460866923852556,-0.0062460866923852556,-0.0062460866923852556,1.0,0.0,1.0,0.0,1.0,0.0,1.0,0.0,19.354789529985048,25.02544779412936
2025-03-26 00:00:00,23.332000732421875,23.332000732421875,23.332000732421875,23.332000732421875,400,0.0,0.0,0.0,23.332000732421875,0,-1.0,-1.6309986114501953,0.0,-1.6309986114501953,0.0,0.6779994964599609,2.0,0.5,0.5,-0.07791389265632495,-0.07791389265632495,-0.07791389265632495,1.0,0.0,1.0,0.0,1.0,0.0,1.0,0.0,19.354789529985048,25.02544779412936
2025-03-27 00:00:00,24.01499938964844,24.01499938964844,24.01499938964844,24.01499938964844,400,0.0,0.0,0.0,24.01499938964844,0,1.0,0.682998657226566,0.0,0.682998657226566,0.0,-1.6309986114501953,0.1753607996135699,0.043840199903392475,0.9561598000966075,0.028850767966952708,0.028850767966952708,0.028850767966952708,1.0,0.0,1.0,0.0,1.0,0.0,1.0,0.0,19.354789529985048,25.02544779412936
2025-03-28 00:00:00,24.80900001525879,24.80900001525879,24.80900001525879,24.80900001525879,200,0.0,0.0,0.0,24.80900001525879,0,1.0,1.476999282836914,0.0,1.476999282836914,0.0,-1.6309986114501953,0.8200746481080852,0.2050186620270213,0.7949813379729787,0.016262506867279376,0.016262506867279376,0.016262506867279376,1.0,0.0,1.0,0.0,1.0,0.0,1.0,0.0,19.354789529985048,25.02544779412936
2025-03-31 00:00:00,23.88599967956543,23.88599967956543,23.88599967956543,23.88599967956543,100,0.0,0.0,0.0,23.88599967956543,0,-1.0,-0.9230003356933594,0.12899971008301137,-0.9230003356933594,0.019533215909965925,1.476999282836914,0.390519881700462,0.8828368136649186,0.11716318633508142,-0.018954725156132713,-0.018954725156132713,-0.018954725156132713,1.0,0.0,1.0,0.0,1.0,0.0,1.0,0.0,19.354789529985048,25.02544779412936
2025-04-01 00:00:00,23.55500030517578,23.55500030517578,23.55500030517578,23.55500030517578,100,0.0,0.0,0.0,23.55500030517578,0,-1.0,-1.2539997100830078,0.0,-1.2539997100830078,0.0,1.476999282836914,0.7208324069820641,0.819791898254484,0.18020810174551602,-0.013954148289290282,-0.013954148289290282,-0.013954148289290282,0.8063578539462024,-0.5914279426771065,1.0,0.0,0.9943511983760214,-0.10613997497724514,0.9978802305709626,0.06507722670521866,19.354789529985048,25.02544779412936
2025-04-02 00:00:00,23.829999923706055,23.829999923706055,23.524999618530273,23.524999618530273,300,0.0,0.0,0.0,23.677499771118164,0,-1.0,-1.2840003967285156,0.0,-1.2840003967285156,0.0,1.476999282836914,0.7557353671776941,0.8110661582055765,0.18893384179442352,0.03482109746146932,-0.003823367038333616,-0.003823367038333616,0.9302098160834896,-0.3670281979111693,1.0,0.0,0.9948281355699956,-0.10157253899714402,0.9989127111940139,0.04661968913479076,19.354789529985048,25.02544779412936
2025-04-03 00:00:00,29.469999313354492,30.690000534057617,29.469999313354492,30.690000534057617,7000,0.0,0.0,0.0,30.079999923706055,0,1.0,7.165000915527344,7.135000228881836,7.165000915527344,0.9916433008654433,-1.2840003967285156,2.0,1.0,0.0,5.871851781520282,6.167420611458126,5.235084907698289,6.123233995736766e-17,1.0,0.6166917650670422,0.7872047172740367,1.0,0.0,0.1902034602820753,0.981744693745133,25.02544779412936,31.024299224795293
2025-04-04 00:00:00,34.630001068115234,38.72999954223633,34.630001068115234,38.689998626708984,12500,0.0,0.0,0.0,36.68000030517578,0,1.0,15.164999008178711,0.0,15.164999008178711,0.0,-1.2840003967285156,2.0,0.5,0.5,0.41363126102721504,0.41181063858567907,0.2874973102324892,6.123233995736766e-17,1.0,0.5047856128643508,0.8632447422632598,1.0,0.0,0.28136819473037916,0.9595998848448073,31.024299224795293,43.88006530523726
2025-04-07 00:00:00,42.869998931884766,46.0,36.95800018310547,40.11000061035156,19800,0.0,0.0,0.0,41.479000091552734,0,1.0,16.58500099182129,0.0,16.58500099182129,0.0,-1.2840003967285156,2.0,0.5,0.5,0.2718206252168644,0.05708840517429803,0.10302147102009367,6.123233995736766e-17,1.0,0.5358733574623308,0.8442983742505069,1.0,0.0,0.4476623733862762,0.89420266128779,31.024299224795293,50.690041805455756
2025-04-08 00:00:00,36.31999969482422,43.979000091552734,36.31999969482422,43.979000091552734,3200,0.0,0.0,0.0,40.14949989318848,0,-1.0,3.868999481201172,0.0,20.45400047302246,0.0,-1.2840003967285156,2.0,0.5,0.5,-0.007260055068349774,0.014872167351906553,-0.002814246846175401,6.123233995736766e-17,1.0,0.7019611168882564,0.7122152696881693,1.0,0.0,0.6448984893593682,0.7642682372191093,31.024299224795293,50.690041805455756
2025-04-09 00:00:00,46.70000076293945,46.72999954223633,30.100000381469727,31.25200080871582,13400,0.0,0.0,0.0,38.41499996185303,0,-1.0,-8.857999801635742,0.7299995422363281,-12.726999282836914,0.0032899790791462544,3.868999481201172,2.0,0.4967100209208537,0.5032899790791463,0.25399486812213556,-1.4168177708423744,-0.7842892831904147,6.123233995736766e-17,1.0,0.8158241500420729,0.5783000572437541,1.0,0.0,0.9467200420225473,0.3220576998502382,25.02544779412936,50.690041805455756
2025-04-10 00:00:00,34.900001525878906,38.75,34.900001525878906,38.71599960327149,2700,0.0,0.0,0.0,36.82500076293945,0,-1.0,-1.394001007080071,0.0,7.463998794555671,0.0,3.868999481201172,0.1298161820079816,0.5,0.5,-0.037620738515113106,0.042989367904295944,0.02975890404043337,0.4774137945958828,-0.8786785923928956,0.9417071521110262,0.3364337076794484,1.0,0.0,0.6703118468064729,0.7420795294514568,31.024299224795293,43.88006530523726
2025-04-11 00:00:00,39.959999084472656,39.959999084472656,35.880001068115234,35.880001068115234,1200,0.0,0.0,0.0,37.920000076293945,0,1.0,-2.835998535156257,0.0,-2.835998535156257,0.0,3.868999481201172,0.5372973039951733,0.8656756740012067,0.13432432599879332,0.013664778989505159,-0.03379387050400565,0.01230729969320438,0.8046764976972014,-0.5937135117662102,0.9495589776704657,0.3135885009457778,1.0,0.0,0.8461168363932438,0.5329974663841178,31.024299224795293,43.88006530523726
2025-04-14 00:00:00,35.82699966430664,35.82699966430664,35.82699966430664,35.82699966430664,600,0.0,0.0,0.0,35.82699966430664,0,-1.0,-0.05300140380859375,0.0,-2.888999938964851,0.0,3.868999481201172,0.00018766245877414243,0.9999530843853065,4.691561469353561e-05,-0.054534412081235585,-0.0007391384839308932,-0.0007391384839308932,0.7833849998853071,-0.6215367583294631,0.9769175946651237,0.2136165097404902,1.0,0.0,0.9230505300111828,0.38467872185250207,31.024299224795293,37.31784634100356
2025-04-15 00:00:00,36.83100128173828,36.83100128173828,36.83100128173828,36.83100128173828,200,0.0,0.0,0.0,36.83100128173828,0,1.0,1.0040016174316406,0.0,1.0040016174316406,0.0,-0.05300140380859375,2.0,0.5,0.5,0.009212122586721517,0.009212122586721517,0.009212122586721517,0.8800502544721821,-0.47488056351407726,0.9769622753592385,0.21341207211612825,1.0,0.0,0.938800978046597,0.34446004647673273,31.024299224795293,37.31784634100356
2025-04-16 00:00:00,34.310001373291016,35.73899841308594,34.310001373291016,35.73899841308594,3100,0.0,0.0,0.0,35.02449989318848,0,-1.0,-1.0920028686523438,1.516998291015625,-1.0920028686523438,1.929845868873384,1.0040016174316406,1.1829836262960083,0.0,1.0,-0.4664749768579237,-0.4664749768579237,-1.0985366278969695,0.9064259554292259,-0.42236475625247777,0.9844868048080053,0.17545863090462208,1.0,0.0,0.9844423968115109,0.1757076189583354,31.024299224795293,37.31784634100356
2025-04-17 00:00:00,35.13999938964844,35.13999938964844,31.49099922180176,32.736000061035156,2200,0.0,0.0,0.0,33.3154993057251,0,-1.0,-4.095001220703125,0.0,-4.095001220703125,0.0,1.0040016174316406,2.0,0.5,0.5,-0.011994980017417634,-0.06224637220300679,-0.0608070440854004,0.931932425788529,-0.36263198116535167,0.9891314375473997,0.14703400713921408,1.0,0.0,0.9989112946990711,0.046650030253210316,31.024299224795293,37.31784634100356
2025-04-21 00:00:00,35.11000061035156,35.11000061035156,34.66299819946289,34.66299819946289,400,0.0,0.0,0.0,34.88649940490723,0,-1.0,-2.1680030822753906,0.0,1.9269981384277344,0.0,1.0040016174316406,2.0,0.5,0.5,-0.0001552832315593659,0.010396691551461723,0.017435895314833808,0.9503179159120724,-0.31128099636266815,0.990943375508957,0.1342804026465304,1.0,0.0,0.8476532055137098,0.5305506980320849,31.024299224795293,37.31784634100356
2025-04-22 00:00:00,31.760000228881836,31.760000228881836,31.559999465942383,31.559999465942383,300,0.0,0.0,0.0,31.65999984741211,0,-1.0,-5.271001815795898,0.0,-3.102998733520508,0.0,1.0040016174316406,2.0,0.5,0.5,-0.07514581290772714,-0.07028522211872418,-0.07028522211872418,0.942274253470025,-0.33484209897727474,0.996614082106727,0.08222147740442294,1.0,0.0,0.9999785385450123,0.006551522676557949,31.024299224795293,37.31784634100356
2025-04-23 00:00:00,30.700000762939453,31.10300064086914,30.020000457763672,31.10300064086914,1000,0.0,0.0,0.0,30.561500549316406,0,-1.0,-5.728000640869141,0.0,-3.55999755859375,0.0,1.0040016174316406,2.0,0.5,0.5,-0.06967528105273095,-0.048619740973596316,-0.16672068962722508,0.951229195909597,-0.3084850350489981,0.9976176622936382,0.06898550485266049,0.9958326267038446,-0.09119966881585316,0.9962669235968759,0.08632622398099418,25.02544779412936,37.31784634100356
2025-04-24 00:00:00,30.670000076293945,30.670000076293945,29.89699935913086,29.89699935913086,1100,0.0,0.0,0.0,30.2834997177124,0,-1.0,-6.934001922607422,0.0,-4.765998840332031,0.0,1.0040016174316406,2.0,0.5,0.5,-0.015420996730061032,-0.043495128193839654,-0.004516287828481808,0.9507921563798213,-0.3098294294714585,0.9978246325761281,0.06592421879942949,0.9967469817524509,-0.0805943817358211,0.9963058852134975,0.08587539280229951,25.02544779412936,31.024299224795293
2025-04-25 00:00:00,30.450000762939453,30.450000762939453,30.06599998474121,30.06599998474121,1300,0.0,0.0,0.0,30.258000373840332,0,-1.0,-6.76500129699707,0.0,0.16900062561035156,0.0,1.0040016174316406,2.0,0.5,0.5,-0.008507826732324223,0.006661708529273967,0.006661708529273967,0.9476786705740525,-0.3192258406504655,0.9977246856145752,0.06741996525731205,0.9979027902103323,-0.06473037378567639,0.9956990930613006,0.0926461876004808,25.02544779412936,31.024299224795293
2025-04-28 00:00:00,30.049999237060547,30.049999237060547,29.11000061035156,29.113000869750977,1100,0.0,0.0,0.0,29.579999923706055,0,-1.0,-7.718000411987305,0.0,-0.9529991149902344,0.0,1.0040016174316406,2.0,0.5,0.5,-0.011188853870738636,-0.027252365024306995,-0.027339547770234254,0.9396084218328054,-0.34225138950903455,0.9976505155654581,0.06850874974757341,0.9946365055924759,-0.10343220844006304,0.9963146416632975,0.08577374194551032,25.02544779412936,31.024299224795293
2025-04-29 00:00:00,29.56999969482422,29.645000457763672,29.56999969482422,29.645000457763672,300,0.0,0.0,0.0,29.607500076293945,0,-1.0,-7.186000823974609,0.0,0.5319995880126953,0.0,1.0040016174316406,2.0,0.5,0.5,-0.0037006185811267593,0.004938588565053635,0.004275879179032838,0.9293047353231698,-0.36931383524846884,0.9975842068341363,0.06946762033571635,0.9965744990241107,-0.08269986635323508,0.9904639481676953,0.1377721574922191,25.02544779412936,31.024299224795293
2025-04-30 00:00:00,32.119998931884766,32.119998931884766,31.540000915527344,31.540000915527344,2500,0.0,0.0,0.0,31.829999923706055,0,1.0,1.8950004577636719,2.0699996948242188,2.427000045776367,0.7274463913535,-7.186000823974609,0.06954150944387764,0.7448317687144694,0.25516823128553057,0.6678535574566561,0.5161941693853568,0.5372828236042221,0.9103713096860648,-0.41379231324479554,0.9896865944722811,0.14324958890642084,1.0,0.0,0.8838661237539465,0.46773996545107566,31.024299224795293,37.31784634100356
2025-05-01 00:00:00,29.780000686645508,31.1200008392334,29.76499938964844,30.701000213623047,1500,0.0,0.0,0.0,30.44250011444092,0,-1.0,-0.8390007019042969,0.0,-0.8390007019042969,0.0,1.8950004577636719,0.19602253888836543,0.9509943652779086,0.04900563472209136,-0.018975295944413995,-0.016175845889689972,-0.03474434092572468,0.883609247416618,-0.468225050461675,0.9895940691879223,0.14388738036426157,0.9948760022985809,-0.1011026213824055,0.99337378442677,0.11492834469197338,25.02544779412936,37.31784634100356
2025-05-02 00:00:00,29.61000061035156,29.61000061035156,29.298999786376953,29.298999786376953,800,0.0,0.0,0.0,29.454500198364254,0,-1.0,-2.2410011291503906,0.0,-2.2410011291503906,0.0,1.8950004577636719,1.3985097944303877,0.650372551392403,0.3496274486075969,-0.026521766381718125,-0.024924452039930555,-0.008415722782472048,0.8038272251395706,-0.594862834714372,0.9931146046636856,0.1171468394951027,0.9917496641763793,-0.12818971723987355,0.9996120833147963,0.027851084198871293,25.02544779412936,31.024299224795293
2025-05-05 00:00:00,31.054000854492188,31.054000854492188,31.054000854492188,31.054000854492188,200,0.0,0.0,0.0,31.054000854492188,0,1.0,1.7550010681152344,0.0,1.7550010681152344,0.0,-2.2410011291503906,0.6132966882216813,0.15332417205542032,0.8466758279445796,0.011901623774170762,0.014539468207706671,0.014539468207706671,0.9814182065159428,-0.19188096288853235,0.9906859309606966,0.13616675877958628,0.9997611782442889,-0.021853751979721114,0.7193535364163522,0.6946441460527022,31.024299224795293,37.31784634100356
2025-05-06 00:00:00,31.049999237060547,31.049999237060547,30.608999252319336,30.91200065612793,900,0.0,0.0,0.0,30.82949924468994,0,-1.0,-0.1420001983642578,0.0,-0.1420001983642578,0.0,1.7550010681152344,0.0065467104297240045,0.998363322392569,0.0016366776074310011,-0.0005799072013344315,-0.02062424158607827,-0.06495004155844268,0.9888648357003226,-0.14881645310708747,0.9910045823260324,0.1338279410616713,0.9991461750042111,-0.041314900150602664,0.9383206383907674,0.34576636558511964,25.02544779412936,37.31784634100356
2025-05-07 00:00:00,32.0,32.0,31.405000686645508,31.405000686645508,500,0.0,0.0,0.0,31.70250034332275,0,1.0,0.4930000305175781,0.9459991455078125,0.4930000305175781,2.0,-0.1420001983642578,2.0,1.0,0.0,0.016741576780949542,0.008790182452348066,0.014262038233474324,0.9998973842210089,-0.014325537615883139,0.9875955497307627,0.15701920313131323,0.999992202478699,-0.00394904821450938,0.9222884103899414,0.38650237781984614,31.024299224795293,37.31784634100356
2025-05-08 00:00:00,27.88999938964844,28.5,27.700000762939453,28.5,1000,0.0,0.0,0.0,28.100000381469727,0,-1.0,-2.905000686645508,2.908998489379883,-2.905000686645508,1.002754253105746,0.4930000305175781,2.0,0.0,1.0,-0.23140495867768596,-0.19397383546266203,-0.2507401967913882,0.4235280675208267,-0.9058829814176189,0.9967709243334991,0.0802977235252767,0.9714330515065023,-0.23731377212619875,0.994832619139759,0.10152861614110252,25.02544779412936,31.024299224795293
2025-05-09 00:00:00,27.649999618530273,28.040000915527344,27.649999618530273,27.770000457763672,800,0.0,0.0,0.0,27.84500026702881,0,-1.0,-3.635000228881836,0.0,-3.635000228881836,0.0,0.4930000305175781,2.0,0.5,0.5,-0.01301730674281128,-0.020757050969900503,-0.0014453808582352025,0.6108214876549259,-0.7917683437843567,0.9973505422272423,0.07274541854320271,0.9774762840848682,-0.21104528910079462,0.9946492817029042,0.10330927551723845,25.02544779412936,31.024299224795293
2025-05-12 00:00:00,23.21500015258789,24.549999237060547,23.21500015258789,24.530000686645508,6700,0.0,0.0,0.0,23.88249969482422,0,-1.0,-6.875,0.0,-6.875,0.0,0.4930000305175781,2.0,0.5,0.5,-1.1115711721754429,-1.0376672080059919,-1.4604588889965089,0.5490155954365085,-0.8358121056598163,1.0,0.0,0.8492849273126993,-0.5279347613478991,6.123233995736766e-17,-1.0,19.354789529985048,25.02544779412936
2025-05-13 00:00:00,22.746000289916992,22.746000289916992,22.746000289916992,22.746000289916992,800,0.0,0.0,0.0,22.746000289916992,0,-1.0,-8.659000396728516,0.0,-8.659000396728516,0.0,0.4930000305175781,2.0,0.5,0.5,-0.009108713697341743,-0.00901154786122064,-0.0024368478955347703,0.5803388834162152,-0.8143750858144057,1.0,0.0,0.8695893582551123,-0.4937756049152913,6.123233995736766e-17,-1.0,19.354789529985048,25.02544779412936
2025-05-14 00:00:00,23.469999313354492,23.469999313354492,23.326000213623047,23.326000213623047,1000,0.0,0.0,0.0,23.39799976348877,0,1.0,0.5799999237060547,0.0,0.5799999237060547,0.0,-8.659000396728516,0.004486631010831401,0.0011216577527078503,0.9988783422472921,0.03916387342329876,0.03147247337683379,0.03147247337683379,0.6872966009035175,-0.7263768872881838,1.0,0.0,0.9076161695437317,-0.41980101093585287,0.9410948300703557,0.33814275212526496,19.354789529985048,25.02544779412936
2025-05-15 00:00:00,24.34000015258789,24.559999465942383,23.222999572753903,23.222999572753903,2700,0.0,0.0,0.0,23.891499519348145,0,1.0,0.4769992828369105,0.0,-0.10300064086914418,0.0,-8.659000396728516,0.0030345893763241293,0.5,0.5,0.12254842751550818,-0.011948773620183291,-0.011948773620183291,0.8029119405023626,-0.5960976562600548,1.0,0.0,0.9271258640967477,-0.37475009289239547,0.9899579900833139,0.141361868515542,19.354789529985048,25.02544779412936
2025-05-16 00:00:00,23.219999313354492,23.441999435424805,23.219999313354492,23.441999435424805,600,0.0,0.0,0.0,23.33099937438965,0,-1.0,0.218999862670902,0.10600090026855469,0.218999862670902,0.23427795395409903,-8.659000396728516,0.0006396643776753337,0.23443787004851788,0.7655621299514821,-0.010351421062136323,0.002085787514559244,-2.871150989259385e-05,0.7978093466245376,-0.6029098161736367,1.0,0.0,0.9360949158509018,-0.35174750676883726,0.9952647054497984,0.09720167738226591,19.354789529985048,25.02544779412936
2025-05-19 00:00:00,24.350000381469727,24.649999618530273,24.350000381469727,24.423999786376953,500,0.0,0.0,0.0,24.5,0,1.0,0.9820003509521484,0.09000015258789062,1.2010002136230504,0.005615653749771852,-8.659000396728516,0.012861385831257158,0.008831000207586141,0.9911689997924139,0.04186421188793437,0.034192689554080245,0.039590816178422306,0.8756803458509211,-0.4828912215917898,1.0,0.0,0.9654189180054379,-0.26070349586687497,0.8276021230180743,0.5613151752589415,19.354789529985048,25.02544779412936
2025-05-20 00:00:00,24.700000762939453,25.10199928283691,24.700000762939453,25.10199928283691,1100,0.0,0.0,0.0,24.901000022888184,0,1.0,1.6599998474121058,0.0,1.8789997100830078,0.0,-8.659000396728516,0.036751966091383086,0.009187991522845771,0.9908120084771542,0.0399742435855085,0.06023498446249851,0.031396567635805846,0.8949881978717725,-0.44608981794055436,0.9999859932460244,0.005292760315947318,0.9703172561409263,-0.24183552765287378,0.90108877027134,0.4336346712278483,19.354789529985048,31.024299224795293
2025-05-21 00:00:00,26.31999969482422,26.81999969482422,26.08300018310547,26.81999969482422,2500,0.0,0.0,0.0,26.451499938964844,0,1.0,3.378000259399414,0.0,3.597000122070316,0.0,-8.659000396728516,0.15218920138859696,0.03804730034714924,0.9619526996528508,0.15040046484189232,0.15040046484189232,0.12378868683703126,0.947418226021695,-0.31999797655907847,0.99937261644799,0.0354171355970337,0.9872388129912668,-0.15924674603769653,0.8490400047364056,0.5283285628822318,25.02544779412936,31.024299224795293
2025-05-22 00:00:00,27.285999298095703,27.285999298095703,26.861000061035156,26.861000061035156,400,0.0,0.0,0.0,27.07349967956543,0,1.0,3.4190006256103516,0.0,3.6380004882812536,0.0,-8.659000396728516,0.15590600439032232,0.03897650109758058,0.9610234989024194,0.0027560691202908605,0.00024440895749278433,0.004702326227513432,0.9598709638804884,-0.2804420309068204,0.9990139964875967,0.04439633793321452,0.9930259340861074,-0.11789611627366614,0.8496839274558999,0.5272923510000094,25.02544779412936,31.024299224795293
2025-05-23 00:00:00,26.913999557495117,26.913999557495117,26.913999557495117,26.913999557495117,100,0.0,0.0,0.0,26.913999557495117,0,1.0,3.4720001220703125,0.0,3.6909999847412145,0.0,-8.659000396728516,0.16077700878512616,0.04019425219628154,0.9598057478037184,-0.003431731996819162,0.0004927893708594086,0.0004927893708594086,0.963825995306819,-0.2665322696613295,0.9991960336553335,0.040090975636041803,0.9930871077130607,-0.11737971074298836,0.8765095421719392,0.4813844850860251,25.02544779412936,31.024299224795293
2025-05-27 00:00:00,26.041000366210938,26.041000366210938,26.041000366210938,26.041000366210938,200,0.0,0.0,0.0,26.041000366210938,0,-1.0,-0.8729991912841797,0.8199996948242188,-0.8729991912841797,0.8822663161840021,3.4720001220703125,0.06322199836946964,0.10192818422363048,0.8980718157763695,-0.06594272061500801,-0.06594272061500801,-0.06594272061500801,0.9110780071144631,-0.41223399296071933,0.9997495004301875,0.02238160828873631,0.9892237908963639,-0.14641137771575938,0.9462685509163663,0.3233818633545183,25.02544779412936,31.024299224795293
2025-05-28 00:00:00,27.20299911499023,27.20299911499023,27.20299911499023,27.20299911499023,200,0.0,0.0,0.0,27.20299911499023,0,1.0,1.1619987487792933,0.28899955749511363,1.1619987487792933,0.061856171254923785,-0.8729991912841797,1.771673291264008,0.5047744940709258,0.4952255059290742,0.043648064011027554,0.043648064011027554,0.043648064011027554,0.9997994037780836,-0.02002878441115153,0.999107442200367,0.04224119955494035,0.9960387129499241,-0.08892065173545817,0.7651864614995442,0.6438087286902894,25.02544779412936,31.024299224795293
2025-05-29 00:00:00,27.020000457763672,27.020000457763672,26.319000244140625,26.319000244140625,2800,0.0,0.0,0.0,26.66950035095215,0,-1.0,-0.8839988708496058,0.0,-0.8839988708496058,0.0,1.1619987487792933,0.5787514601637458,0.8553121349590636,0.14468786504093645,-0.09449795184179281,-0.4624634483047628,-0.4624634483047628,0.988178757698639,-0.15330604304193068,0.9990056194059291,0.044584441180482555,0.9902937825278407,-0.13899001506116093,0.9931284221100203,0.11702964238713827,25.02544779412936,31.024299224795293
2025-05-30 00:00:00,26.979000091552734,26.979000091552734,26.979000091552734,26.979000091552734,200,0.0,0.0,0.0,26.979000091552734,0,-1.0,-0.22399902343749645,0.0,0.6599998474121094,0.0,1.1619987487792933,0.0371604469691505,0.5,0.5,-0.00010846858485171019,0.0017690287045216144,0.0017690287045216144,0.9954184463270016,-0.09561441686240699,0.9990647103985233,0.04324007905074734,0.9945613943039048,-0.10415197050595262,0.9658765413808085,0.2590029088837562,25.02544779412936,31.024299224795293
2025-06-02 00:00:00,26.256999969482425,26.256999969482425,26.256999969482425,26.256999969482425,200,0.0,0.0,0.0,26.256999969482425,0,-1.0,-0.9459991455078054,0.0,-0.722000122070309,0.0,1.1619987487792933,0.6627811792239363,0.8343047051940159,0.16569529480598408,-0.027124506771452953,-0.027124506771452953,-0.027124506771452953,0.9428463048743776,-0.3332279180752001,0.9993204508721538,0.03685968622594626,0.9857784094975888,-0.1680503715211727,0.998173470227959,0.06041294011280874,25.02544779412936,31.024299224795293
2025-06-03 00:00:00,24.540000915527344,24.700000762939453,24.25,24.700000762939453,3700,0.0,0.0,0.0,24.475000381469727,0,-1.0,-2.5029983520507777,0.0,-2.2789993286132812,0.0,1.1619987487792933,2.0,0.5,0.5,-1.1305408445170857,-1.1305408445170857,-1.4702714260541878,0.823448159188516,-0.5673915130921896,1.0,0.0,0.9302521736633527,-0.3669208271475027,0.9947264189675271,0.10256388939602337,19.354789529985048,25.02544779412936
2025-06-04 00:00:00,26.43000030517578,26.43000030517578,26.32699966430664,26.32699966430664,800,0.0,0.0,0.0,26.37849998474121,0,1.0,1.6269989013671875,0.17300033569335582,1.6269989013671875,0.011306270517744015,-2.5029983520507777,0.42252595498798,0.11693775926473901,0.883062240735261,0.014631486300178695,0.013788133470362396,0.017758309566775664,0.9877842337526684,-0.15582781378705673,0.9993541260748838,0.035935090052831596,0.9906322709569425,-0.13655659536870032,0.42671942023301,0.9043840646517406,25.02544779412936,31.024299224795293
2025-06-05 00:00:00,26.299999237060547,26.617000579833984,26.04800033569336,26.617000579833984,1400,0.0,0.0,0.0,26.332500457763672,0,1.0,1.9169998168945312,0.0,1.9169998168945312,0.0,-2.5029983520507777,0.5865742789826919,0.14664356974567297,0.8533564302543271,0.012338133172174534,0.019171260193132738,-0.018644346542176313,0.9944737369566135,-0.10498564903618231,0.9991366410833001,0.04154482452461127,0.9885288333675605,-0.15103226675439238,0.7171669177525661,0.6969014364178654,25.02544779412936,31.024299224795293
2025-06-06 00:00:00,24.983999252319336,24.983999252319336,24.983999252319336,24.983999252319336,200,0.0,0.0,0.0,24.983999252319336,0,-1.0,-1.6330013275146484,1.3430004119873047,-1.6330013275146484,0.676362025762725,1.9169998168945312,0.725652895935645,0.14222475025336379,0.8577752497466362,-0.009041914098156691,-0.009041914098156691,-0.005957052672630218,0.5319746836384082,-0.846760258850057,0.9999936857517097,0.0035536539942650045,0.9918088450404674,-0.1277310255947793,0.9727211732981227,0.23197741057595156,19.354789529985048,25.02544779412936
2025-06-09 00:00:00,24.479999542236328,24.479999542236328,24.010000228881836,24.410999298095703,3000,0.0,0.0,0.0,24.24499988555908,0,-1.0,-2.2060012817382812,0.0,-2.2060012817382812,0.0,1.9169998168945312,1.324242061374844,0.668939484656289,0.331060515343711,-0.3056766875094304,-0.3480109146913731,-0.5963989674763458,0.6866503646343178,-0.726987810590768,1.0,0.0,0.9982373920211883,-0.05934736026763361,0.9986410915575806,0.052114971483095456,19.354789529985048,25.02544779412936
2025-06-10 00:00:00,22.76499938964844,22.76499938964844,22.76499938964844,22.76499938964844,400,0.0,0.0,0.0,22.76499938964844,0,-1.0,-3.8520011901855433,0.0,-3.8520011901855433,0.0,1.9169998168945312,2.0,0.5,0.5,-0.009680037768289391,-0.009304165701388754,-0.007097813500869545,0.6431209427213725,-0.7657646198625091,1.0,0.0,0.9641020073698366,-0.26553214378950724,0.9999995700642679,0.0009272924454895354,19.354789529985048,25.02544779412936
2025-06-11 00:00:00,22.719999313354492,22.719999313354492,21.611000061035156,21.611000061035156,3500,0.0,0.0,0.0,22.165499687194824,0,-1.0,-5.006000518798828,0.0,-5.006000518798828,0.0,1.9169998168945312,2.0,0.5,0.5,-0.017313429869178255,-0.4550880769046293,-0.4550880769046293,0.7291660514251924,-0.6843368099474071,1.0,0.0,0.9207604214280214,-0.3901284997685921,6.123233995736766e-17,-1.0,19.354789529985048,25.02544779412936
2025-06-12 00:00:00,21.6200008392334,21.66900062561035,21.426000595092773,21.426000595092773,2300,0.0,0.0,0.0,21.54750061035156,0,-1.0,-5.190999984741211,0.0,-5.190999984741211,0.0,1.9169998168945312,2.0,0.5,0.5,-0.031118352811157487,-0.005649607350226435,-0.005649607350226435,0.7184511609206771,-0.6955774071745944,1.0,0.0,0.9301703979237128,-0.36712808504177646,6.123233995736766e-17,-1.0,19.354789529985048,25.02544779412936
2025-06-13 00:00:00,20.0,20.736000061035156,20.0,20.194000244140625,5600,0.0,0.0,0.0,20.368000030517575,0,-1.0,-6.423000335693359,0.0,-6.423000335693359,0.0,1.9169998168945312,2.0,0.5,0.5,-0.10714083300304325,-0.14414478461891747,-0.1676242649082963,0.7525835344546942,-0.658496790931953,1.0,0.0,0.9035435612045425,-0.42849624619804216,6.123233995736766e-17,-1.0,19.354789529985048,25.02544779412936
2025-06-16 00:00:00,20.290000915527344,20.90999984741211,19.979999542236328,20.402999877929688,17600,0.0,0.0,0.0,20.44499969482422,0,-1.0,-6.214000701904297,0.0,0.2089996337890625,0.0,1.9169998168945312,2.0,0.5,0.5,0.026262136708092458,0.032359829048126454,-0.0031445013638163083,0.8095492614536582,-0.5870519510910737,1.0,0.0,0.921324088668214,-0.38879547790539565,6.123233995736766e-17,-1.0,19.354789529985048,25.02544779412936
2025-06-17 00:00:00,19.13999938964844,19.469999313354492,19.049999237060547,19.45400047302246,6900,0.0,0.0,0.0,19.25999927520752,0,-1.0,-7.163000106811523,0.0,-0.9489994049072266,0.0,1.9169998168945312,2.0,0.5,0.5,-0.027961648125482432,-0.018669287692711756,-0.018683187485183873,0.7865572206158757,-0.617517399509543,1.0,0.0,0.909533653198187,-0.41563028486860787,6.123233995736766e-17,-1.0,14.057503246595152,25.02544779412936
2025-06-18 00:00:00,19.989999771118164,20.135000228881836,19.989999771118164,20.135000228881836,800,0.0,0.0,0.0,20.0625,0,1.0,0.680999755859375,0.0,0.680999755859375,0.0,-7.163000106811523,0.00903865889632853,0.0022596647240821326,0.9977403352759179,0.0038935263888204828,0.003988809620505176,0.005583277250763687,0.8418533612026979,-0.5397063259141214,1.0,0.0,0.9454031733219047,-0.32590311424236595,0.7669405565440269,0.6417181489781462,19.354789529985048,25.02544779412936
2025-06-20 00:00:00,19.90999984741211,19.959999084472656,19.540000915527344,19.659000396728516,2700,0.0,0.0,0.0,19.75,0,-1.0,-0.4759998321533203,0.0,-0.4759998321533203,0.0,0.680999755859375,0.48856200212257594,0.877859499469356,0.12214050053064399,-0.029461472627298934,-0.08074078545817563,-0.0768401776492809,0.8593751586499322,-0.5113456137441719,1.0,0.0,0.9436148609505295,-0.3310453053485474,0.9768514223883366,0.21391890654611095,19.354789529985048,25.02544779412936
2025-06-23 00:00:00,19.475000381469727,21.479999542236328,19.475000381469727,21.38400077819824,7200,0.0,0.0,0.0,20.477499961853027,0,-1.0,1.2490005493164027,1.3449993133544922,1.725000381469723,0.6079470204823527,-0.4759998321533203,2.0,1.0,0.0,0.19562426102128275,0.22415519750357552,-0.008885544109943192,0.9329704630792293,-0.35995293445355936,1.0,0.0,0.9569121803969303,-0.2903774767573973,0.9932205349236027,0.11624529670516731,19.354789529985048,25.02544779412936
2025-06-24 00:00:00,22.07699966430664,22.524999618530273,21.65999984741211,22.524999618530273,4700,0.0,0.0,0.0,22.09249973297119,0,1.0,1.1409988403320348,2.565000534057617,2.865999221801758,0.800982049648403,-0.4759998321533203,2.0,1.0,0.0,0.031003424183175747,0.03392555880158277,0.06934819924090085,0.9586427720365612,-0.28461207919211307,1.0,0.0,0.9872753415481534,-0.1590201244213351,0.4652932294366501,0.8851566023254941,19.354789529985048,25.02544779412936
2025-06-25 00:00:00,23.0,23.0,22.100000381469727,22.64900016784668,8200,0.0,0.0,0.0,22.550000190734863,0,1.0,1.264999389648441,0.0,2.989999771118164,0.0,-0.4759998321533203,2.0,0.5,0.5,0.03640742786347775,0.009578137200017066,0.0350850320938309,0.968893113603902,-0.2474795636228098,1.0,0.0,0.9914535587955979,-0.13046011172593652,0.6386383805000255,0.7695069973381039,19.354789529985048,25.02544779412936
2025-06-26 00:00:00,22.59000015258789,22.59000015258789,21.809999465942383,21.891000747680664,2800,0.0,0.0,0.0,22.199999809265137,0,-1.0,-0.7579994201660156,0.0,-0.7579994201660156,0.0,1.264999389648441,0.3590518054747864,0.9102370486313034,0.0897629513686966,-0.006141695434448066,-0.011622319936251228,-0.004510348586067307,0.9379090673888771,-0.3468812207510327,1.0,0.0,0.9906702180990397,-0.13628102939001188,0.8184218993691884,0.5746177813407187,19.354789529985048,25.02544779412936
2025-06-27 00:00:00,22.361000061035156,22.361000061035156,22.336999893188477,22.336999893188477,400,0.0,0.0,0.0,22.348999977111816,0,-1.0,-0.3120002746582031,0.0,0.4459991455078125,0.0,1.264999389648441,0.06083161138108935,0.5,0.5,-0.0014555537646672087,0.0028811686135817665,0.0034106859543693666,0.9547363814190089,-0.2974532601854227,1.0,0.0,0.9940333506014114,-0.10907656894187458,0.8201138440122153,0.5722003869795159,19.354789529985048,25.02544779412936
2025-06-30 00:00:00,22.826000213623047,22.826000213623047,22.826000213623047,22.826000213623047,200,0.0,0.0,0.0,22.826000213623047,0,1.0,0.4890003204345703,0.23600006103515625,0.9349994659423828,0.0637091051320676,-0.3120002746582031,2.0,0.5637091051320676,0.4362908948679324,0.010290573611027512,0.010827454316101088,0.010827454316101088,0.9982912100394392,-0.05843509183694486,1.0,0.0,0.9968278582116171,-0.07958782000557757,0.8283166381975933,0.5602602492458638,19.354789529985048,25.02544779412936
2025-07-01 00:00:00,22.72800064086914,22.930999755859375,21.059999465942383,21.459999084472656,2700,0.0,0.0,0.0,21.99549961090088,0,1.0,-0.8770008087158203,1.2770004272460938,-1.3660011291503906,0.8739366819109068,0.4890003204345703,2.0,0.0,1.0,0.06195746317004286,-0.8328146834579043,-1.0864973006318468,0.9998532904187829,-0.017128853981892102,1.0,0.0,0.9863822682539631,-0.16446890549330812,0.967266861046415,0.2537613436310096,19.354789529985048,25.02544779412936
2025-07-02 00:00:00,20.16200065612793,20.16200065612793,20.16200065612793,20.16200065612793,300,0.0,0.0,0.0,20.16200065612793,0,-1.0,-1.2979984283447266,2.663999557495117,-2.663999557495117,1.0,0.4890003204345703,2.0,0.0,1.0,-0.014279189831081836,-0.006930087381321839,-0.004840990016955444,0.3448266475793039,-0.9386663854209432,1.0,0.0,0.9804028685536058,-0.19700308457448373,0.9953778524749806,0.09603609114440223,19.354789529985048,25.02544779412936
2025-07-03 00:00:00,19.899999618530273,19.899999618530273,19.840999603271484,19.840999603271484,500,0.0,0.0,0.0,19.87049961090088,0,-1.0,-1.6189994812011719,0.0,-2.9850006103515625,0.0,0.4890003204345703,2.0,0.5,0.5,-0.021799630223272436,-0.02674808145846681,-0.02674808145846681,0.5594063647858981,-0.8288935510890567,1.0,0.0,0.9795743688779848,-0.20108221163817006,0.999001081556491,0.04468600506826621,19.354789529985048,25.02544779412936
2025-07-07 00:00:00,20.534000396728516,20.534000396728516,20.534000396728516,20.534000396728516,400,0.0,0.0,0.0,20.534000396728516,0,1.0,0.6930007934570312,0.37199974060058594,0.6930007934570312,0.2881494602168864,-1.6189994812011719,0.18322049180448818,0.33395458316800847,0.6660454168319916,0.025087828182578466,0.027462570143188855,0.027462570143188855,0.7719991715754619,-0.6356235356614798,1.0,0.0,0.9851879405439562,-0.1714780505101401,0.9927290183763519,0.12037066118255298,19.354789529985048,25.02544779412936
2025-07-08 00:00:00,19.100000381469727,19.100000381469727,18.200000762939453,18.295000076293945,4500,0.0,0.0,0.0,18.65000057220459,0,-1.0,-2.2390003204345703,1.6409988403320312,-2.2390003204345703,0.5371656545271484,0.6930007934570312,2.0,0.0,1.0,-0.814073767719937,-1.2974196244062224,-1.3557853613877484,0.5982871235909796,-0.8012817967140099,1.0,0.0,0.9929845730807917,-0.11824397499897395,6.123233995736766e-17,-1.0,14.057503246595152,19.354789529985048
2025-07-09 00:00:00,18.540000915527344,18.63999938964844,18.40999984741211,18.49799919128418,1800,0.0,0.0,0.0,18.524999618530273,0,-1.0,-2.036001205444336,0.0,0.20299911499023438,0.0,0.6930007934570312,2.0,0.5,0.5,-0.009750948481421395,0.00441386392044677,0.004588890051278033,0.7256441345068226,-0.688070192680837,1.0,0.0,0.9953339006351349,-0.09649055003702396,6.123233995736766e-17,-1.0,14.057503246595152,19.354789529985048
2025-07-10 00:00:00,18.010000228881836,18.209999084472656,17.78700065612793,17.78700065612793,3400,0.0,0.0,0.0,17.998499870300293,0,-1.0,-2.746999740600586,0.0,-0.71099853515625,0.0,0.6930007934570312,2.0,0.5,0.5,-0.044082650328236876,-0.07402492703434314,-0.06502064998940245,0.7907962861651171,-0.6120794342137778,1.0,0.0,0.9902673333998068,-0.13917833308829308,6.123233995736766e-17,-1.0,14.057503246595152,19.354789529985048
2025-07-11 00:00:00,17.799999237060547,17.799999237060547,17.68899917602539,17.79199981689453,1000,0.0,0.0,0.0,17.74449920654297,0,-1.0,-2.7420005798339844,0.0,0.0049991607666015625,0.0,0.6930007934570312,2.0,0.5,0.5,-0.0066974838120565615,8.265220396264435e-05,-0.0016249839256068882,0.816403647578125,-0.5774816743595701,1.0,0.0,0.9900433822993322,-0.14076257018575092,6.123233995736766e-17,-1.0,14.057503246595152,19.354789529985048
2025-07-14 00:00:00,18.39699935913086,18.83300018310547,18.39699935913086,18.83300018310547,4000,0.0,0.0,0.0,18.614999771118164,0,1.0,1.0410003662109375,0.6230010986328125,1.045999526977539,0.3547436651495941,-2.7420005798339844,0.14413407987646723,0.3907771851187109,0.609222814881289,0.22558916002412133,0.22738574552047783,0.15695842417456402,0.9350679309035844,-0.35446856644234265,1.0,0.0,0.9963393108518723,-0.08548671037779043,0.7850937120844402,0.6193769960577112,14.057503246595152,19.354789529985048
2025-07-15 00:00:00,19.100000381469727,19.649999618530273,19.100000381469727,19.55699920654297,1100,0.0,0.0,0.0,19.375,0,1.0,1.7649993896484375,0.0,1.769998550415039,0.0,-2.7420005798339844,0.41433730270108715,0.10358432567527179,0.8964156743247282,0.01167657645713323,0.010372479010718515,0.010311506652830246,0.9860961699300411,-0.16617564096251733,1.0,0.0,0.9995914199291044,-0.028583092976736977,0.7782252748141874,0.6279852081382034,14.057503246595152,25.02544779412936
2025-07-16 00:00:00,20.457000732421875,20.457000732421875,20.457000732421875,20.457000732421875,500,0.0,0.0,0.0,20.457000732421875,0,1.0,2.6650009155273438,0.0,2.6700000762939453,0.0,-2.7420005798339844,0.9446254465656244,0.2361563616414061,0.7638436383585939,0.0182920031377434,0.0204474235665635,0.031186304521212644,0.9999208605035276,-0.012580649024790825,1.0,0.0,0.98899432138275,-0.14795348009652856,0.6878192501883456,0.7258820007896202,19.354789529985048,25.02544779412936
2025-07-17 00:00:00,20.020000457763672,20.163999557495117,19.757999420166016,19.757999420166016,2800,0.0,0.0,0.0,19.960999488830566,0,-1.0,-0.6990013122558594,0.0,-0.6990013122558594,0.0,2.6650009155273438,0.06879569414216365,0.9828010764644591,0.01719892353554091,-0.08078612382162963,-0.19467399397142188,-0.19467399397142188,0.9470582305550552,-0.32106184441307845,1.0,0.0,0.9853226306431562,-0.1707024122338357,0.8580711548678516,0.5135308103548913,19.354789529985048,25.02544779412936
2025-07-18 00:00:00,18.850000381469727,19.89699935913086,18.829999923706055,19.89699935913086,17000,0.0,0.0,0.0,19.363499641418457,0,-1.0,-0.5600013732910156,0.0,0.13899993896484375,0.0,2.6650009155273438,0.044155362948960324,0.5,0.5,-0.08093021525996343,0.04256352171664062,-0.2920225330610762,0.9554985121913951,-0.2949959206498122,1.0,0.0,0.9992203660899722,-0.039479868173815866,0.969772029572967,0.24401272642616073,14.057503246595152,25.02544779412936
2025-07-21 00:00:00,19.760000228881836,20.08099937438965,19.732999801635746,20.08099937438965,800,0.0,0.0,0.0,19.906999588012695,0,1.0,0.18400001525878906,0.0,0.3229999542236328,0.0,-0.5600013732910156,0.10795867208327693,0.026989668020819233,0.9730103319791807,0.0004331794748000844,0.0004331794748000844,0.0022038799992340095,0.9903760160310602,-0.13840284271085318,1.0,0.0,0.9878396714227071,-0.15547599031193865,0.7046893842953251,0.709515941795162,19.354789529985048,25.02544779412936
2025-07-22 00:00:00,19.709999084472656,19.709999084472656,19.63400077819824,19.63400077819824,800,0.0,0.0,0.0,19.67199993133545,0,-1.0,-0.4469985961914098,0.0,-0.4469985961914098,0.0,0.18400001525878906,2.0,0.5,0.5,-0.01864744813079012,-0.022510315723228452,-0.005029543626862953,0.9735104389336524,-0.22864257102999747,1.0,0.0,0.9848768012045862,-0.17325612961457348,0.8924299610870212,0.4511859534096975,19.354789529985048,25.02544779412936
2025-07-23 00:00:00,19.170000076293945,19.170000076293945,18.802000045776367,18.802000045776367,800,0.0,0.0,0.0,18.986000061035156,0,-1.0,-1.2789993286132812,0.0,-1.2789993286132812,0.0,0.18400001525878906,2.0,0.5,0.5,-0.02777772735775253,-0.04329278356674962,-0.04329278356674962,0.9473892439084872,-0.3200837711076662,1.0,0.0,0.9999249684751077,-0.012249792653543059,0.9837319871638147,0.17964235978947796,14.057503246595152,19.354789529985048
2025-07-24 00:00:00,19.325000762939453,19.450000762939453,19.086000442504883,19.086000442504883,3400,0.0,0.0,0.0,19.268000602722168,0,1.0,0.2840003967285156,0.0,0.2840003967285156,0.0,-1.2789993286132812,0.04930571493190547,0.012326428732976367,0.9876735712670236,0.061626250252926174,0.06371419291284673,0.06371419291284673,0.9779112022313446,-0.2090207658354697,1.0,0.0,0.9997465558953433,-0.022512751395580885,0.940381313438098,0.3401220153657177,14.057503246595152,25.02544779412936
2025-07-25 00:00:00,19.368999481201172,19.368999481201172,19.25,19.256999969482425,1500,0.0,0.0,0.0,19.309499740600582,0,1.0,0.45499992370605824,0.0,0.45499992370605824,0.0,-1.2789993286132812,0.1265557886862402,0.03163894717156005,0.96836105282844,-0.0018411530109311458,0.003935058131790052,0.0037746632470041066,0.9795091117119057,-0.201399851224755,1.0,0.0,0.9999162731184644,-0.012940121826334553,0.9587907959307562,0.2841130226484997,14.057503246595152,25.02544779412936
2025-07-28 00:00:00,18.200000762939453,18.200000762939453,17.985000610351562,17.985000610351562,1000,0.0,0.0,0.0,18.092500686645508,0,-1.0,-1.271999359130863,1.1009998321533203,-1.271999359130863,0.7492050921910542,0.45499992370605824,2.0,0.0,1.0,-0.041488060569974464,-0.0455399580877021,-0.04529786021799284,0.9236727952648655,-0.38318215940671085,1.0,0.0,0.9283332295548101,-0.3717491289893443,0.999218095359383,0.039537297661412014,14.057503246595152,19.354789529985048
2025-07-29 00:00:00,18.040000915527344,18.040000915527344,17.60700035095215,17.60700035095215,800,0.0,0.0,0.0,17.823500633239746,0,-1.0,-1.649999618530277,0.0,-1.649999618530277,0.0,0.45499992370605824,2.0,0.5,0.5,-0.007064010596100104,-0.016992593804900515,-0.016992593804900515,0.931251517377595,-0.36437701818573415,1.0,0.0,0.9169069239165171,-0.3991011060795877,6.123233995736766e-17,-1.0,14.057503246595152,19.354789529985048
2025-07-30 00:00:00,17.8799991607666,18.784000396728516,17.8799991607666,18.0,4000,0.0,0.0,0.0,18.33199977874756,0,1.0,0.39299964904785156,0.5839996337890625,0.39299964904785156,2.0,-1.649999618530277,0.0567305034221948,1.0,0.0,0.20204199834023798,0.11037145650415413,0.07692924551829232,0.9740255775587865,-0.22643801417004275,1.0,0.0,0.9687038974496787,-0.24821917545951713,0.9349842523811083,0.3546892270697547,14.057503246595152,19.354789529985048
2025-07-31 00:00:00,19.399999618530273,19.399999618530273,18.951000213623047,18.969999313354492,2500,0.0,0.0,0.0,19.17549991607666,0,1.0,1.3629989624023438,0.0,1.3629989624023438,0.0,-1.649999618530277,0.6823754014758858,0.17059385036897146,0.8294061496310285,0.020165488868230053,0.032796839713630455,0.036348492813405825,0.9930658447648586,-0.11755946563955516,1.0,0.0,0.9997142983319682,-0.02390233692801449,0.7702841375792313,0.6377008290678473,14.057503246595152,25.02544779412936
2025-08-01 00:00:00,19.6299991607666,20.709999084472656,19.6299991607666,19.81999969482422,6400,0.0,0.0,0.0,20.16999912261963,0,1.0,2.2129993438720703,0.0,2.2129993438720703,0.0,-1.649999618530277,1.7988497191772548,0.4497124297943137,0.5502875702056863,0.16722008183767031,0.1121939176179767,0.09010846441895722,0.9932060248666613,-0.11636920627281507,0.9997007781024544,0.024461280860725382,0.9915568527611432,-0.1296726946678312,0.7875033333876464,0.6163103924998713,19.354789529985048,25.02544779412936
2025-08-04 00:00:00,21.020000457763672,21.020000457763672,20.17799949645996,20.448999404907227,3300,0.0,0.0,0.0,20.598999977111816,0,1.0,2.841999053955078,0.0,2.841999053955078,0.0,-1.649999618530277,2.0,0.5,0.5,0.007660889521045693,0.016108072351553124,0.014196276257188493,0.9956609170221905,-0.09305556573645007,0.9988155303865439,0.04865733509602702,0.9941057243933998,-0.10841498387341893,0.8103787734806261,0.5859063436181895,19.354789529985048,25.02544779412936
2025-08-05 00:00:00,20.719999313354492,21.049999237060547,20.070999145507812,20.152000427246097,9000,0.0,0.0,0.0,20.56049919128418,0,1.0,2.545000076293949,0.0,-0.29699897766112926,0.0,-1.649999618530277,2.0,0.5,0.5,0.003889462953236313,-0.03990035788042911,-0.014500690641089586,0.9961846450098202,-0.08727057377294259,0.9988810971450107,0.04729221676322365,0.994151351320336,-0.10799579004734312,0.8759072327724546,0.4824795535324797,19.354789529985048,25.02544779412936
2025-08-06 00:00:00,19.61000061035156,21.1299991607666,19.420000076293945,20.847999572753903,2900,0.0,0.0,0.0,20.274999618530273,0,1.0,3.2409992218017543,0.7579994201660156,0.6959991455078054,1.186097345625157,-1.649999618530277,2.0,1.0,0.0,0.0012222737872603186,0.010939823967331359,-0.010623502614787476,0.997235672214893,-0.07430352657923184,0.9989250446550979,0.04635466708769059,0.9999983163521281,-0.0018350185037599434,0.9544732825992851,0.2982964176857396,19.354789529985048,25.02544779412936
2025-08-07 00:00:00,20.440000534057617,21.1200008392334,20.440000534057617,21.104000091552734,1600,0.0,0.0,0.0,20.780000686645508,0,1.0,3.496999740600586,0.0,0.9519996643066371,0.0,-1.649999618530277,2.0,0.5,0.5,-0.0002611273528361559,0.006733489067237642,0.028236771933353912,0.9999433424191085,-0.010644808673781626,0.9990281605703202,0.044076460695961765,0.9959614224377179,-0.08978220879348939,0.6773743190797792,0.735638519825604,19.354789529985048,25.02544779412936
2025-08-08 00:00:00,20.450000762939453,20.56599998474121,20.450000762939453,20.56599998474121,600,0.0,0.0,0.0,20.508000373840332,0,1.0,2.9589996337890625,0.0,-0.5380001068115234,0.0,-1.649999618530277,2.0,0.5,0.5,-0.009967390314644343,-0.009683227246697167,0.00018342312114154322,0.9595459642214303,-0.28155202458225287,0.999977746747399,0.006671282485009509,0.9963262316633346,-0.08563901038393314,0.881426241252813,0.472321692526331,19.354789529985048,25.02544779412936
2025-08-11 00:00:00,21.18000030517578,21.225000381469727,21.18000030517578,21.225000381469727,600,0.0,0.0,0.0,21.20250034332275,0,1.0,3.618000030517578,0.0,0.6590003967285156,0.0,-1.649999618530277,2.0,0.5,0.5,0.03153790964340417,0.03153790964340417,0.035070839467041995,0.9980579749852416,-0.06229188204219616,0.9994742818382115,0.03242159687602364,0.997768970222482,-0.06676138151032991,0.8571292996750401,0.5151013139553957,19.354789529985048,25.02544779412936
2025-08-12 00:00:00,19.920000076293945,20.597999572753903,19.90999984741211,20.597999572753903,1200,0.0,0.0,0.0,20.253999710083008,0,-1.0,-0.6270008087158239,0.5400009155273438,-0.6270008087158239,0.741741862206742,3.618000030517578,0.030033024446761387,0.25074988168156764,0.7492501183184324,-0.05996708121388639,-0.05996708121388639,-0.12363109788732243,0.8497678772865904,-0.5271570493997421,0.9999730462286516,0.00734212613560174,0.996022473531214,-0.0891023693330436,0.9927350581314206,0.12032083924576426,19.354789529985048,25.02544779412936
2025-08-13 00:00:00,19.88999938964844,19.88999938964844,19.88999938964844,19.88999938964844,2500,0.0,0.0,0.0,19.88999938964844,0,-1.0,-1.3350009918212855,0.0,-1.3350009918212855,0.0,3.618000030517578,0.13615263297922003,0.965961841755195,0.03403815824480501,-0.07286111535615358,-0.07286111535615358,-0.002093850308528451,0.8355163294999057,-0.549465615975199,1.0,0.0,0.9961794622413396,-0.08732971435058862,0.9957390178779075,0.09221609553402306,19.354789529985048,25.02544779412936
2025-08-14 00:00:00,20.15999984741211,20.15999984741211,18.670000076293945,18.670000076293945,3900,0.0,0.0,0.0,19.414999961853027,0,-1.0,-2.5550003051757812,0.0,-2.5550003051757812,0.0,3.618000030517578,0.4987062147436026,0.8753234463140993,0.12467655368590065,0.021033743926844404,-0.09871363875479246,-0.09871363875479246,0.9517667402420474,-0.3068225418202303,1.0,0.0,0.9936192149471706,-0.11278677088988931,0.9967802014980925,0.08018247876825794,14.057503246595152,25.02544779412936
2025-08-15 00:00:00,19.63999938964844,19.950000762939453,19.56999969482422,19.683000564575195,1000,0.0,0.0,0.0,19.760000228881836,0,-1.0,-1.5419998168945312,0.06000137329101207,1.01300048828125,0.003508351281458148,3.618000030517578,0.18164837283930985,0.9810519909653952,0.018948009034604838,-0.0026849124046962173,0.013544896649735724,0.012069515394232571,0.9606080525151411,-0.27790676393903724,1.0,0.0,0.9965495576236675,-0.08299987469913882,0.7744605331470612,0.6326222273976546,19.354789529985048,25.02544779412936
2025-08-18 00:00:00,20.31999969482422,20.31999969482422,19.933000564575195,19.933000564575195,500,0.0,0.0,0.0,20.126500129699707,0,1.0,0.25,0.15999984741210938,1.26300048828125,0.0160484132890036,-1.5419998168945312,0.026285205278228904,0.022619714608560826,0.9773802853914392,0.009187954499102405,0.006310581403332102,0.009189197462656106,0.9871097732168761,-0.16004466757667218,1.0,0.0,0.9972462518895115,-0.07416139893718919,0.8703905213957095,0.4923620012394386,19.354789529985048,25.02544779412936
2025-08-19 00:00:00,19.5,19.972999572753903,19.5,19.972999572753903,300,0.0,0.0,0.0,19.736499786376953,0,-1.0,0.039999008178707385,0.06999969482421875,1.3029994964599574,0.0028860496455317027,-1.5419998168945312,0.0006728678856467391,0.0030542666169433874,0.9969457333830566,-0.010334305066722517,0.001202796813744045,-0.01317679786095253,0.9508958172073221,-0.30951113843869843,1.0,0.0,0.9964848947995063,-0.08377263536750418,0.9679356029411454,0.2511984644836853,19.354789529985048,25.02544779412936
2025-08-20 00:00:00,19.479999542236328,19.75,19.38999938964844,19.400999069213867,1400,0.0,0.0,0.0,19.56999969482422,0,-1.0,-0.5320014953613281,0.0,-0.5720005035400355,0.0,0.039999008178707385,2.0,0.5,0.5,-0.052396077035700005,-0.13558875274311885,-0.02639939263034527,0.9622566479606532,-0.27214360814747707,1.0,0.0,0.9999955684598474,-0.0029770892943937954,0.9844189777863,0.1758387789259696,19.354789529985048,25.02544779412936
2025-08-21 00:00:00,19.760000228881836,19.799999237060547,19.33300018310547,19.33300018310547,700,0.0,0.0,0.0,19.566499710083008,0,-1.0,-0.6000003814697266,0.0,-0.639999389648434,0.0,0.039999008178707385,2.0,0.5,0.5,0.0012642032370431707,-0.0017555348639690688,-0.0014719729145951238,0.9825922518190972,-0.18577531231322403,1.0,0.0,0.9999627897815744,-0.008626647799167938,0.9897015436221472,0.14314626978003614,14.057503246595152,25.02544779412936
2025-08-22 00:00:00,18.969999313354492,18.969999313354492,17.565000534057617,17.565000534057617,3600,0.0,0.0,0.0,18.267499923706055,0,-1.0,-2.368000030517578,0.0,-2.4079990386962855,0.0,0.039999008178707385,2.0,0.5,0.5,-0.2201997005830103,-0.4928489049242856,-0.4928489049242856,0.9431110386552667,-0.3324779222242946,1.0,0.0,0.981995131690132,-0.1889062236584075,6.123233995736766e-17,-1.0,14.057503246595152,19.354789529985048
2025-08-25 00:00:00,17.709999084472656,17.709999084472656,16.459999084472656,16.459999084472656,6800,0.0,0.0,0.0,17.084999084472656,0,-1.0,-3.473001480102539,0.0,-3.5130004882812464,0.0,0.039999008178707385,2.0,0.5,0.5,-0.1297710216079695,-0.12268772865410585,-0.12268772865410585,0.8819454610089702,-0.471351465263104,1.0,0.0,0.9515247531773721,-0.307572177042627,6.123233995736766e-17,-1.0,14.057503246595152,19.354789529985048
2025-08-26 00:00:00,17.549999237060547,17.549999237060547,17.260000228881836,17.260000228881836,1600,0.0,0.0,0.0,17.40499973297119,0,-1.0,-2.6730003356933594,0.0,0.8000011444091797,0.0,0.039999008178707385,2.0,0.5,0.5,-0.0021353956161424643,0.011164624390478339,0.011164624390478339,0.8961686220825519,-0.4437136472936801,1.0,0.0,0.9826001462861598,-0.1857335524842442,6.123233995736766e-17,-1.0,14.057503246595152,19.354789529985048
2025-08-27 00:00:00,16.75,16.75,16.280000686645508,16.43000030517578,4700,0.0,0.0,0.0,16.515000343322754,0,-1.0,-3.503000259399414,0.0,-0.8299999237060547,0.0,0.039999008178707385,2.0,0.5,0.5,-0.1370261114365405,-0.14473877929576207,-0.17166061876799157,0.8818625429443844,-0.47150658039062804,1.0,0.0,0.9633627267826432,-0.2682018953063349,6.123233995736766e-17,-1.0,14.057503246595152,19.354789529985048
2025-08-28 00:00:00,16.549999237060547,16.549999237060547,16.0,16.079999923706055,8700,0.0,0.0,0.0,16.274999618530273,0,-1.0,-3.8530006408691406,0.0,-1.1800003051757812,0.0,0.039999008178707385,2.0,0.5,0.5,-0.022235086287632738,-0.03985684663113447,-0.03211270956258148,0.8951690681208122,-0.44572675427857894,1.0,0.0,0.9624340908706022,-0.2715154152715414,6.123233995736766e-17,-1.0,14.057503246595152,19.354789529985048
2025-08-29 00:00:00,15.800000190734863,15.975000381469728,15.800000190734863,15.920000076293944,2600,0.0,0.0,0.0,15.887500286102297,0,-1.0,-4.013000488281252,0.0,-1.3400001525878924,0.0,0.039999008178707385,2.0,0.5,0.5,-0.01056656359525538,-0.0029885028970652945,-0.0037591231184155543,0.8853522013601801,-0.46492093902800613,1.0,0.0,0.9620101060264693,-0.2730138382993458,6.123233995736766e-17,-1.0,14.057503246595152,19.354789529985048
2025-09-02 00:00:00,15.75,15.918999671936035,15.600000381469728,15.600000381469728,15700,0.0,0.0,0.0,15.75950002670288,0,-1.0,-4.333000183105467,0.0,-1.6599998474121076,0.0,0.039999008178707385,2.0,0.5,0.5,-0.02120512510688686,-0.1226082374018182,-0.07692300216173971,0.8876483419417457,-0.4605219007257633,1.0,0.0,0.9574066374653155,-0.2887430181620986,6.123233995736766e-17,-1.0,14.057503246595152,19.354789529985048
2025-09-03 00:00:00,16.170000076293945,17.06999969482422,15.56999969482422,16.900999069213867,9300,0.0,0.0,0.0,16.31999969482422,0,-1.0,-3.032001495361328,1.0949993133544904,1.3009986877441388,0.7083925361290936,0.039999008178707385,2.0,0.7384453964189597,0.2615546035810404,0.04133514652861245,0.04742348153331446,-0.0011402699603787997,0.9506082239055745,-0.31039330637610246,1.0,0.0,0.9669847019037329,-0.2548344291577353,6.123233995736766e-17,-1.0,14.057503246595152,19.354789529985048
2025-09-04 00:00:00,17.170000076293945,17.170000076293945,16.368000030517578,16.600000381469727,8200,0.0,0.0,0.0,16.76900005340576,0,1.0,-0.3009986877441406,1.2510004043579102,-0.3009986877441406,2.0,0.039999008178707385,2.0,0.0,1.0,0.00515025583818949,-0.015844105953331453,0.044061193892190015,0.9560288403126078,-0.2932726657745828,1.0,0.0,0.9820344906316008,-0.18870150823438733,0.7313391753776239,0.6820139372168116,14.057503246595152,19.354789529985048
2025-09-05 00:00:00,17.209999084472656,17.649999618530273,16.969999313354492,17.42799949645996,4000,0.0,0.0,0.0,17.309999465942383,0,1.0,0.5270004272460938,0.0,0.8279991149902344,0.0,-0.3009986877441406,2.0,0.5,0.5,0.01344894429731238,0.023739391604634237,0.017617025168229963,0.9713386503832144,-0.2376998659480388,1.0,0.0,0.9910055194347464,-0.13382100152766996,0.7679533107852223,0.640505825464543,14.057503246595152,19.354789529985048
2025-09-08 00:00:00,17.190000534057617,18.1299991607666,17.190000534057617,17.600000381469727,3100,0.0,0.0,0.0,17.65999984741211,0,1.0,0.6990013122558594,0.0,1.0,0.0,-0.3009986877441406,2.0,0.5,0.5,0.020793720398246732,0.0076110932024159314,0.009982491030827021,0.9838907793387388,-0.17877061932042743,1.0,0.0,0.994277589256756,-0.10682731627151172,0.8471480363997705,0.531356946340229,14.057503246595152,19.354789529985048
2025-09-09 00:00:00,17.190000534057617,17.29599952697754,16.489999771118164,17.29599952697754,2600,0.0,0.0,0.0,16.89299964904785,0,-1.0,-0.3040008544921875,0.4799995422363281,-0.3040008544921875,2.0,0.6990013122558594,0.18914446048978437,0.0,1.0,-0.03948984303807789,-0.014613047872265191,-0.034863266553357405,0.7358963728164923,-0.677094179915564,1.0,0.0,0.9901404238653052,-0.14007833889589652,0.9692827891766088,0.24594892682427746,14.057503246595152,19.354789529985048
2025-09-10 00:00:00,17.399999618530273,17.639999389648438,16.639999389648438,16.639999389648438,8200,0.0,0.0,0.0,17.139999389648438,0,1.0,-0.6560001373291016,0.0,-0.9600009918212891,0.0,0.6990013122558594,0.8807484315660674,0.7798128921084831,0.22018710789151685,0.062109152590562135,-0.1219309038240407,0.028558752306901452,0.9674226064594842,-0.2531669419792756,1.0,0.0,0.9928225240781817,-0.11959697188068073,0.9874068162234066,0.1582017044015506,14.057503246595152,19.354789529985048
2025-09-11 00:00:00,16.610000610351562,16.940000534057617,16.610000610351562,16.739999771118164,9400,0.0,0.0,0.0,16.77500057220459,0,-1.0,0.10000038146972656,0.0,0.10000038146972656,0.0,-0.6560001373291016,0.023237823717275227,0.005809455929318807,0.9941905440706812,-0.046410509790455204,0.006868459348001692,-0.0020685019284109665,0.9192795244873292,-0.39360533006852183,1.0,0.0,0.9932214006412802,-0.11623789962044896,0.9979093019940941,0.0646299078883754,14.057503246595152,19.354789529985048
2025-09-12 00:00:00,16.649999618530273,17.229000091552734,16.489999771118164,17.229000091552734,2300,0.0,0.0,0.0,16.85949993133545,0,-1.0,0.5890007019042969,0.0,0.5890007019042969,0.0,-0.6560001373291016,0.8061646750269301,0.20154116875673253,0.7984588312432674,0.004138994784177266,0.007044600374348992,-0.0017741333615475929,0.9668523937888784,-0.2553359524718671,1.0,0.0,0.9919328918135797,-0.12676410429750676,0.9883353013652524,0.15229357200898425,14.057503246595152,19.354789529985048
2025-09-15 00:00:00,17.420000076293945,17.600000381469727,17.187999725341797,17.450000762939453,2800,0.0,0.0,0.0,17.39400005340576,0,1.0,0.22100067138671875,0.6599998474121094,0.8100013732910156,0.6639206242000696,-0.6560001373291016,0.1134956785028577,0.692294543825784,0.30770545617421596,0.025935428563636547,0.015516265692318633,0.050462562350020286,0.9911857849512691,-0.13247920482300787,1.0,0.0,0.9960641934736693,-0.08863477015059479,0.976638184444743,0.21489033641482377,14.057503246595152,19.354789529985048
2025-09-16 00:00:00,16.822999954223633,16.822999954223633,15.958000183105469,16.1200008392334,7500,0.0,0.0,0.0,16.39050006866455,0,-1.0,-1.3299999237060547,0.5319995880126953,-1.3299999237060547,0.15999977054459447,0.22100067138671875,2.0,0.34000022945540553,0.6599997705445945,-0.1209221232381142,-0.2122430518687036,-0.19879573041032467,0.7266292144283878,-0.6870298281291607,1.0,0.0,0.991722163838556,-0.12840229651907398,0.9986267892128156,0.052388318034681386,14.057503246595152,19.354789529985048
2025-09-17 00:00:00,16.360000610351562,16.360000610351562,15.68000030517578,15.98799991607666,9000,0.0,0.0,0.0,16.020000457763672,0,-1.0,-1.462000846862793,0.0,-1.462000846862793,0.0,0.22100067138671875,2.0,0.5,0.5,-0.033486978464486374,-0.009866768659639412,-0.021088554799105767,0.7905474343330643,-0.6124008116172033,1.0,0.0,0.9860709667590051,-0.1663251289341487,0.999905565409466,0.013742643966000343,14.057503246595152,19.354789529985048
2025-09-18 00:00:00,16.170000076293945,16.40999984741211,16.1299991607666,16.209999084472656,3800,0.0,0.0,0.0,16.269999504089355,0,1.0,0.2219991683959961,0.0,0.2219991683959961,0.0,-1.462000846862793,0.02305724672717735,0.005764311681794337,0.9942356883182056,0.0012884216470078413,0.0058222861743702555,0.011945898773650607,0.8939477540967891,-0.44817118709853127,1.0,0.0,0.9978941924126441,-0.06486278400683118,0.8692463514731377,0.4943791869108553,14.057503246595152,19.354789529985048
2025-09-19 00:00:00,16.639999389648438,17.08099937438965,16.639999389648438,16.899999618530273,3100,0.0,0.0,0.0,16.860499382019043,0,1.0,0.9119997024536133,0.0,0.9119997024536133,0.0,-1.462000846862793,0.3891294900368504,0.0972823725092126,0.9027176274907874,0.03268904264874973,0.034001521870771656,0.02539230007338956,0.9880974094414912,-0.15382948174850686,1.0,0.0,0.9952873295393807,-0.09696974609829762,0.8665564840493627,0.49907901173261804,14.057503246595152,19.354789529985048
2025-09-22 00:00:00,17.110000610351562,17.110000610351562,16.690000534057617,16.690000534057617,5700,0.0,0.0,0.0,16.90000057220459,0,1.0,0.702000617980957,0.0,-0.20999908447265625,0.0,-1.462000846862793,0.2305577581130449,0.5,0.5,0.0031192333212887286,-0.02299061310598589,0.005516806979757026,0.9932722102473754,-0.1158029203012325,1.0,0.0,0.9959211221140452,-0.09022814708892786,0.9283097390555956,0.37180778417689453,14.057503246595152,19.354789529985048
2025-09-23 00:00:00,16.6200008392334,16.6200008392334,15.199999809265137,15.850000381469728,19000,0.0,0.0,0.0,15.910000324249268,0,-1.0,-0.8400001525878888,1.4399995803833008,-1.049999237060545,1.8808179636267346,0.702000617980957,1.4318045593150326,0.0,1.0,-0.09684746517637509,-0.1720959084110044,-0.3114875527859028,0.8637417248691918,-0.5039347504588202,1.0,0.0,0.9899461074181164,-0.1414450579119651,6.123233995736766e-17,-1.0,14.057503246595152,19.354789529985048
2025-09-24 00:00:00,15.5,15.5,14.859999656677246,15.43000030517578,11000,0.0,0.0,0.0,15.179999828338625,0,-1.0,-1.2600002288818377,0.0,-1.469999313354494,0.0,0.702000617980957,2.0,0.5,0.5,-0.04037493907606151,-0.01554718245328143,-0.013096619900245538,0.7273878455941684,-0.6862265821737557,1.0,0.0,0.982026355420548,-0.18874384032183822,6.123233995736766e-17,-1.0,14.057503246595152,19.354789529985048
2025-09-25 00:00:00,15.399999618530272,15.479999542236328,14.836999893188477,14.836999893188477,14700,0.0,0.0,0.0,15.158499717712402,0,-1.0,-1.8530006408691406,0.0,-2.062999725341797,0.0,0.702000617980957,2.0,0.5,0.5,-0.0017254928896663557,-0.052364897858051644,-0.0020699766331440457,0.8349109895287352,-0.550384992132006,1.0,0.0,0.9857799393563383,-0.16804139716931032,6.123233995736766e-17,-1.0,14.057503246595152,19.354789529985048
2025-09-26 00:00:00,14.8100004196167,14.8100004196167,13.81999969482422,14.37399959564209,13300,0.0,0.0,0.0,14.31500005722046,0,-1.0,-2.3160009384155273,0.0,-2.5260000228881836,0.0,0.702000617980957,2.0,0.5,0.5,-0.0400257301507805,-0.028681321313471286,-0.06421768153286904,0.8219221570321807,-0.5695998312671513,1.0,0.0,0.9523555842092025,-0.30498990348132593,6.123233995736766e-17,-1.0,9.198875729995578,19.354789529985048
2025-09-29 00:00:00,14.65999984741211,15.465999603271484,14.65999984741211,15.270000457763672,22600,0.0,0.0,0.0,15.062999725341797,0,1.0,0.896000862121582,0.0,0.896000862121582,0.0,-2.3160009384155273,0.14967159713811484,0.03741789928452871,0.9625821007154713,0.0736362385322712,0.1027208054247072,0.10023656624154804,0.9294681653943481,-0.36890233059505717,1.0,0.0,0.9883628257334706,-0.1521148405256674,0.7021857756253853,0.7119937756113995,14.057503246595152,19.354789529985048
2025-09-30 00:00:00,15.890000343322754,16.200000762939453,15.720000267028809,15.788999557495115,11800,0.0,0.0,0.0,15.96000051498413,0,1.0,1.4149999618530256,0.0,1.4149999618530256,0.0,-2.3160009384155273,0.3732805782798503,0.09332014456996257,0.9066798554300375,0.024205112051497783,0.017449488438140478,0.03643525638187565,0.9834569372858581,-0.18114207822678746,1.0,0.0,0.9980624513942399,-0.06222011826507928,0.654973805353971,0.7556515826094315,14.057503246595152,19.354789529985048
2025-10-01 00:00:00,16.06999969482422,16.100000381469727,15.800000190734863,15.913000106811523,11400,0.0,0.0,0.0,15.950000286102297,0,1.0,1.5390005111694336,0.0,1.5390005111694336,0.0,-2.3160009384155273,0.4415705145676639,0.11039262864191597,0.889607371358084,-0.005982076446260261,0.007557702487763524,0.004904064769229639,0.9849442500293997,-0.17287227751731482,1.0,0.0,0.9986268657409556,-0.05238685923392873,0.779783611219926,0.6260491351905306,14.057503246595152,19.354789529985048
2025-10-02 00:00:00,16.1200008392334,16.739999771118164,15.979999542236328,16.656999588012695,3400,0.0,0.0,0.0,16.359999656677246,0,1.0,2.2829999923706055,0.0,2.2829999923706055,0.0,-2.3160009384155273,0.9717048223170807,0.24292620557927017,0.7570737944207299,0.011624665655352497,0.01362570366544351,0.003378478135025013,0.9984449442528872,-0.05574668865366813,1.0,0.0,0.9993448354338673,-0.03619253917116845,0.8377184618448512,0.546102351839192,14.057503246595152,19.354789529985048
2025-10-03 00:00:00,16.1299991607666,16.469999313354492,15.880000114440918,16.469999313354492,12900,0.0,0.0,0.0,16.174999713897705,0,-1.0,-0.18700027465820312,0.0,-0.18700027465820312,0.0,2.2829999923706055,0.006709229822431063,0.9983226925443922,0.0016773074556077658,-0.06169307616717598,-0.042835213911046645,-0.023817300551340924,0.9535246937737794,-0.3013148824131001,1.0,0.0,0.9992143657274484,-0.03963144362615537,0.9007507999066481,0.4343362711857412,14.057503246595152,19.354789529985048
2025-10-06 00:00:00,16.15999984741211,16.15999984741211,15.699999809265137,16.125,3700,0.0,0.0,0.0,15.929999828338625,0,-1.0,-0.5319995880126953,0.0,-0.5319995880126953,0.0,2.2829999923706055,0.054301368134218354,0.9864246579664454,0.013575342033554589,-0.005449866858088209,-0.006071685443276896,-0.0032696640045921472,0.9405242256997083,-0.3397266266749844,1.0,0.0,0.9986616560874421,-0.05171940313545385,0.9315685020426255,0.3635658482339325,14.057503246595152,19.354789529985048
2025-10-07 00:00:00,16.975000381469727,16.979999542236328,16.198999404907227,16.198999404907227,3300,0.0,0.0,0.0,16.589499473571777,0,1.0,0.07399940490722656,0.5100002288818359,0.07399940490722656,2.0,-0.5319995880126953,0.0193479012658284,1.0,0.0,0.044137060509179746,0.0040836202485241245,0.027903928297084647,0.9998949697933542,-0.014493080485084842,0.9952210618277955,0.0976475196528584,0.999840816684577,-0.017842121272934594,0.8529438524245025,0.5220026672453393,14.057503246595152,19.354789529985048
2025-10-08 00:00:00,16.1200008392334,16.825000762939453,16.1200008392334,16.229999542236328,11000,0.0,0.0,0.0,16.472500801086426,0,-1.0,0.031000137329101562,0.0,0.10499954223632812,0.0,-0.5319995880126953,0.003395507104904081,0.0008488767762260202,0.999151123223774,-0.030567229285138945,0.006372925125775871,-0.01629558775066594,0.9995962928107317,-0.02841216991082915,0.9996767636688574,0.025423771957747643,0.9997777609709958,-0.021081476889021854,0.9698392447955306,0.24374543945361282,14.057503246595152,19.354789529985048
2025-10-09 00:00:00,16.200000762939453,17.059999465942383,15.9399995803833,16.976999282836914,5000,0.0,0.0,0.0,16.499999523162842,0,-1.0,0.7779998779296875,0.07999992370605469,0.8519992828369141,0.008816590853954143,-0.5319995880126953,2.0,0.5088165908539541,0.49118340914604586,0.006304712501256713,0.02045022728041615,-0.005104101868489612,0.9999898427795338,-0.004507142971248672,0.9971994710687863,0.07478779913951818,0.9995711462745542,-0.029283502785247856,0.9956344767196543,0.0933380349438539,14.057503246595152,19.354789529985048
2025-10-10 00:00:00,17.389999389648438,18.68600082397461,17.389999389648438,18.68600082397461,6900,0.0,0.0,0.0,18.038000106811523,0,1.0,1.7090015411376953,1.8610000610351562,2.5610008239746094,0.528047922544674,-0.5319995880126953,2.0,1.0,0.0,0.1255458991711256,0.13226156631278857,0.12007199511677531,0.998967296642819,-0.04543501114931019,0.945888679723684,0.3244913027657075,0.9994276787206052,-0.03382772542076676,0.546177256055837,0.8376696275783888,14.057503246595152,19.354789529985048
2025-10-13 00:00:00,18.100000381469727,18.200000762939453,17.847999572753906,17.847999572753906,4400,0.0,0.0,0.0,18.02400016784668,0,1.0,0.8710002899169922,0.0,-0.8380012512207031,0.0,-0.5319995880126953,2.0,0.5,0.5,-0.016803831755468828,-0.02925371454925166,0.01657631513577236,0.8796527816780972,-0.47561642495396,0.974119094609424,0.22603537227017387,0.99975134171837,-0.022299209230801947,0.6857590322707838,0.7278286540519259,14.057503246595152,19.354789529985048
2025-10-14 00:00:00,17.600000381469727,17.902999877929688,17.600000381469727,17.902999877929688,1800,0.0,0.0,0.0,17.751500129699707,0,-1.0,0.05500030517578125,0.0,0.05500030517578125,0.0,-0.5319995880126953,0.010688274685823385,0.0026720686714558463,0.9973279313285441,-0.006730762534563918,0.0012587130536406619,-0.005724115027492096,0.9082472342186025,-0.41843393927149225,0.9856806388771528,0.16862288736327524,0.9995509164382241,-0.029966071606173057,0.8380049820121225,0.5456625790017694,14.057503246595152,19.354789529985048
2025-10-15 00:00:00,17.608999252319336,18.347000122070312,17.450000762939453,18.149999618530273,9100,0.0,0.0,0.0,17.898500442504883,0,-1.0,0.3020000457763672,0.14699935913085938,0.3020000457763672,0.23692826009901974,-0.5319995880126953,0.32224888669554624,0.3174904817729063,0.6825095182270937,0.12384374625838122,0.06927140200563257,-0.04327140542264429,0.9916308403450175,-0.129105679490232,0.979487256291322,0.20150611594415196,0.9994661289990561,-0.03267196020507798,0.9170159536503133,0.39885052432058615,14.057503246595152,19.354789529985048
2025-10-16 00:00:00,18.170000076293945,19.2450008392334,18.170000076293945,18.93000030517578,6700,0.0,0.0,0.0,18.707500457763672,0,1.0,0.7800006866455078,1.342000961303711,1.082000732421875,1.5383336652707986,-0.5319995880126953,2.0,1.0,0.0,0.035175853707100926,0.03097552432683516,0.029764703653449544,0.9995709756791916,-0.029289325354962606,0.9874423987731095,0.1579794578583161,0.999915389633164,-0.013008211820148682,0.77165000703215,0.6360473776750304,14.057503246595152,19.354789529985048
2025-10-17 00:00:00,19.01499938964844,19.01499938964844,18.746999740600582,18.746999740600582,2600,0.0,0.0,0.0,18.88099956512451,0,1.0,0.597000122070309,0.0,-0.18300056457519887,0.0,-0.5319995880126953,1.2592914302949767,0.5,0.5,-0.004665671371398104,-0.0037696814701667493,0.012130472064507175,0.9623785447084601,-0.27171223138612394,0.9967538790329976,0.08050903447857516,0.9998688283070344,-0.016196486653533727,0.7823726568641489,0.622810585805454,14.057503246595152,19.354789529985048
2025-10-20 00:00:00,18.32900047302246,18.6299991607666,18.268999099731445,18.270000457763672,2200,0.0,0.0,0.0,18.449499130249023,0,-1.0,-0.4769992828369105,0.0,-0.6599998474121094,0.0,0.597000122070309,0.6383907891782076,0.8404023027054481,0.1595976972945519,-0.017307447840764382,-0.02180699546814782,-0.021853365755713627,0.9306922942131983,-0.3658030255372056,0.9803320558984835,0.19735516253154534,0.9999379281766109,-0.01114180388747512,0.9441686079132287,0.329462653166024,14.057503246595152,19.354789529985048
2025-10-21 00:00:00,18.280000686645508,18.86000061035156,18.280000686645508,18.554000854492188,1000,0.0,0.0,0.0,18.570000648498535,0,1.0,0.2840003967285156,0.0,0.2840003967285156,0.0,-0.4769992828369105,0.35448873714384943,0.08862218428596236,0.9113778157140376,0.005577280025925684,0.007011247274700054,0.00027364477024281254,0.9874468368744087,-0.15795171523831247,0.9995203763375455,0.030968004231001107,0.9999465178223242,-0.01034221905628027,0.9681433216718218,0.2503967026585043,14.057503246595152,19.354789529985048
2025-10-22 00:00:00,17.75,17.75,17.71299934387207,17.71299934387207,600,0.0,0.0,0.0,17.731499671936035,0,-1.0,-0.8410015106201172,0.555999755859375,-0.8410015106201172,0.43707468172873865,0.2840003967285156,2.0,0.06292531827126135,0.9370746817287386,-0.036383521174955795,-0.027826999951036987,-0.018903720466513747,0.9066654949367317,-0.4218503055482257,0.9959913419074317,0.08944968890629872,0.9996921273269381,-0.024812306634832096,0.9978630093954871,0.06534075665449575,14.057503246595152,19.354789529985048
2025-10-23 00:00:00,16.739999771118164,16.739999771118164,15.869000434875488,16.12700080871582,17300,0.0,0.0,0.0,16.304500102996826,0,-1.0,-2.427000045776367,0.0,-2.427000045776367,0.0,0.2840003967285156,2.0,0.5,0.5,-1.6887024331313187,-2.702696467147705,-3.1664960728782647,0.8689110804369425,-0.4949682154380271,1.0,0.0,0.9579311422887689,-0.2869981300171387,0.9998907762968539,0.014779562797151322,14.057503246595152,19.354789529985048
2025-10-24 00:00:00,16.049999237060547,16.58099937438965,16.049999237060547,16.58099937438965,10100,0.0,0.0,0.0,16.315499305725098,0,-1.0,-1.973001480102539,0.0,0.4539985656738281,0.0,0.2840003967285156,2.0,0.5,0.5,-0.0055716709337607015,0.01620711656208915,0.006621123595032755,0.8890925711191419,-0.4577274297884645,1.0,0.0,0.9741485457176347,-0.22590841258398808,0.9786788800855334,0.2053963234201773,14.057503246595152,19.354789529985048
2025-10-27 00:00:00,16.458999633789062,16.700000762939453,16.458999633789062,16.50200080871582,1600,0.0,0.0,0.0,16.579500198364258,0,1.0,-0.07899856567382812,0.0,-0.07899856567382812,0.0,0.2840003967285156,0.0773749744928359,0.980656256376791,0.019343743623208974,0.0011328809253935868,-0.0007565592114316009,0.0039861050359259595,0.9139102374166426,-0.40591634353035855,1.0,0.0,0.9887424824041263,-0.14962721506907076,0.940772435126939,0.3390386781848488,14.057503246595152,19.354789529985048
2025-10-28 00:00:00,17.06999969482422,17.450000762939453,17.040000915527344,17.427000045776367,2500,0.0,0.0,0.0,17.2450008392334,0,1.0,0.8460006713867188,0.0,0.9249992370605469,0.0,-0.07899856567382812,2.0,0.5,0.5,0.0686310364649297,0.08519621984186698,0.054199497765887214,0.9658135103953343,-0.2592378505115363,0.9988885761563602,0.04713398375184668,0.9985183431618172,-0.05441615908330412,0.9060861961091679,0.42309314012451044,14.057503246595152,19.354789529985048
2025-10-29 00:00:00,17.3799991607666,17.3799991607666,16.639999389648438,16.954999923706055,4900,0.0,0.0,0.0,17.00999927520752,0,-1.0,-0.4720001220703125,0.0,-0.4720001220703125,0.0,0.8460006713867188,0.31127397128368506,0.9221815071790788,0.07781849282092126,-0.007878446199214927,-0.053814219072709696,-0.046555996651946256,0.9963058971227627,-0.08587525463372428,0.9991409928830934,0.04144003306690466,0.995063139486029,-0.09924388362114671,0.9729727071093561,0.2309201403522245,14.057503246595152,19.354789529985048
2025-10-30 00:00:00,16.989999771118164,17.16699981689453,16.540000915527344,17.16699981689453,1300,0.0,0.0,0.0,16.853500366210938,0,-1.0,-0.26000022888183594,0.0,0.21199989318847656,0.0,0.8460006713867188,0.09445088795506472,0.5,0.5,-0.0032714870570040807,0.003296692459352477,-0.0015991686061403408,0.9819613795734177,-0.18908159356814788,0.9995782210185027,0.029041006619699813,0.9937229296395051,-0.11186929475364993,0.98373068422986,0.1796494945850154,14.057503246595152,19.354789529985048
2025-10-31 00:00:00,16.649999618530273,17.299999237060547,16.649999618530273,16.851999282836914,1400,0.0,0.0,0.0,16.97499942779541,0,1.0,-0.3150005340576172,0.0,-0.3150005340576172,0.0,0.8460006713867188,0.1386376425370609,0.9653405893657347,0.034659410634265225,0.00831114682017755,-0.019943640515421253,0.007138303090649603,0.9976068447330264,-0.0691417626461417,0.9993175433159173,0.036938430137728066,0.9957574079340356,-0.092017305679371,0.9885747569160753,0.15073138355472854,14.057503246595152,19.354789529985048
2025-11-03 00:00:00,17.190000534057617,17.190000534057617,16.94300079345703,16.94300079345703,1100,0.0,0.0,0.0,17.066500663757324,0,1.0,-0.2239990234375,0.0,0.09100151062011719,0.0,0.8460006713867188,0.07010529716013471,0.5,0.5,-0.005011745603536882,0.004231465409343913,0.01370614152041472,0.9959932751744087,-0.08942816003560977,0.9996010674238196,0.02824368965203609,0.9985520172348298,-0.05379469189662014,0.9633775527200359,0.26814863586293786,14.057503246595152,19.354789529985048
2025-11-04 00:00:00,18.13999938964844,18.2450008392334,17.73699951171875,17.73699951171875,1300,0.0,0.0,0.0,17.991000175476074,0,1.0,0.5699996948242188,0.0,0.8850002288818359,0.0,-0.2239990234375,2.0,0.5,0.5,0.07037214585352058,0.05411546212945024,0.05411546212945024,0.9948206700968687,-0.10164563122936991,0.9784176154503171,0.20663729038224274,0.9997637321069225,-0.02173660423428089,0.8835801339154806,0.4682799877743029,14.057503246595152,19.354789529985048
2025-11-05 00:00:00,17.219999313354492,17.79400062561035,17.18000030517578,17.79400062561035,1800,0.0,0.0,0.0,17.487000465393066,0,-1.0,0.05700111389160156,0.0,0.9420013427734375,0.0,-0.2239990234375,0.0647551681123969,0.016188792028099225,0.9838112079719008,-0.03465478003637042,0.004442577970193781,-0.04417502503893811,0.8469701825224667,-0.5316403953029335,0.9968314374058286,0.07954297831631466,0.9996863405867991,-0.025044369510418,0.9760911269874104,0.2173617073369802,14.057503246595152,19.354789529985048
2025-11-06 00:00:00,17.260000228881836,17.260000228881836,16.5,17.150999069213867,7000,0.0,0.0,0.0,16.880000114440918,0,-1.0,-0.5860004425048828,0.0,-0.6430015563964844,0.0,0.05700111389160156,2.0,0.5,0.5,-0.11848394813019793,-0.1431141296349139,-0.15703358713050627,0.849136704283695,-0.5281731320677195,0.9996551286598667,0.02626068818643766,0.9999489587876091,-0.01010345582344522,0.996839543325465,0.07944132968850975,14.057503246595152,19.354789529985048
2025-11-07 00:00:00,16.799999237060547,16.8700008392334,16.31999969482422,16.565000534057617,2500,0.0,0.0,0.0,16.59500026702881,0,-1.0,-1.1719989776611328,0.0,-1.2290000915527344,0.0,0.05700111389160156,2.0,0.5,0.5,-0.008162056369411369,-0.012414592098104372,-0.0039174786029752915,0.8721356818362083,-0.48926409276391014,0.9999812733264145,0.0061198853324703,0.9989944170248747,-0.04483474939297397,0.9987431812878306,0.0501204332689138,14.057503246595152,19.354789529985048
2025-11-10 00:00:00,16.670000076293945,16.799999237060547,15.993000030517578,15.993000030517578,2000,0.0,0.0,0.0,16.396499633789062,0,-1.0,-1.7439994812011719,0.0,-1.8010005950927734,0.0,0.05700111389160156,2.0,0.5,0.5,-0.0033264794541957906,-0.02810985901449516,-0.01619160917704278,0.9173543609539803,-0.3980715720052293,0.9999964374061157,0.0026693023576636154,0.9956235389756137,-0.09345463411556776,0.9999229754332326,0.012411414131796958,14.057503246595152,19.354789529985048
2025-11-11 00:00:00,15.369999885559082,15.369999885559082,14.791000366210938,15.15999984741211,12200,0.0,0.0,0.0,15.08050012588501,0,-1.0,-2.5769996643066406,0.0,-2.634000778198242,0.0,0.05700111389160156,2.0,0.5,0.5,-0.5423062655929979,-0.3262158467469582,-0.4763642059366473,0.8307929072901121,-0.5565816608517057,1.0,0.0,0.969056041168699,-0.24684081727795487,0.9993756351155493,0.03533185442900756,14.057503246595152,19.354789529985048
2025-11-12 00:00:00,15.43000030517578,15.73900032043457,15.270000457763672,15.73900032043457,3500,0.0,0.0,0.0,15.50450038909912,0,1.0,0.5790004730224609,0.0,0.5790004730224609,0.0,-2.5769996643066406,0.050481135259968786,0.012620283814992196,0.9873797161850077,0.006805797666018885,0.010751590160063745,0.009142613704492411,0.878473657580085,-0.4777907836468463,1.0,0.0,0.9835328176377185,-0.18072962299969078,0.8484723575542109,0.5292396984981372,14.057503246595152,19.354789529985048
2025-11-13 00:00:00,15.427000045776367,15.75,15.350000381469728,15.725000381469728,1400,0.0,0.0,0.0,15.550000190734863,0,1.0,0.565000534057619,0.0,-0.013999938964841974,0.0,-2.5769996643066406,0.048069432251627735,0.5,0.5,0.00027945452579621006,-0.0003559608098786918,0.002090135114654931,0.9050695850738075,-0.42526350204823105,1.0,0.0,0.9879178420724622,-0.15497850597708568,0.9383325626535007,0.3457340044949499,14.057503246595152,19.354789529985048
2025-11-14 00:00:00,15.529999732971191,15.529999732971191,14.640000343322754,14.708999633789062,7500,0.0,0.0,0.0,15.085000038146973,0,-1.0,-1.0160007476806658,0.630000114440918,-1.0300006866455078,0.3741159534472744,0.565000534057619,2.0,0.12588404655272556,0.8741159534472744,-0.07535632155652541,-0.35768292998359574,-0.25365598806310397,0.9657521914046546,-0.25946619201180604,1.0,0.0,0.9981161916608381,-0.061352000329778084,0.9995909470724266,0.028599624662734583,14.057503246595152,19.354789529985048
2025-11-17 00:00:00,14.890000343322754,15.68000030517578,14.890000343322754,15.496000289916992,3300,0.0,0.0,0.0,15.285000324249268,0,1.0,0.7870006561279297,0.0,0.7870006561279297,0.0,-1.0160007476806658,0.6000150361444684,0.1500037590361171,0.8499962409638829,0.004229429778234462,0.022928673370034666,0.0074500506225687844,0.9990914414629489,-0.042617972681567876,1.0,0.0,0.9862473354570661,-0.1652761123206776,0.9565820606025565,0.2914631388930116,14.057503246595152,19.354789529985048
2025-11-18 00:00:00,15.505999565124512,15.505999565124512,14.770000457763672,14.770000457763672,2900,0.0,0.0,0.0,15.138000011444092,0,-1.0,-0.7259998321533203,0.0,-0.7259998321533203,0.0,0.7870006561279297,0.8509868550630655,0.7872532862342336,0.21274671376576637,-0.009806306797480424,-0.04215950814362306,-0.007110886179166333,0.9950795824598292,-0.09907888055267877,1.0,0.0,0.9999867820517305,-0.005141568031708216,0.9968489966425339,0.07932261904887816,14.057503246595152,19.354789529985048
2025-11-19 00:00:00,15.880000114440918,16.15399932861328,15.539999961853027,15.583999633789062,4000,0.0,0.0,0.0,15.846999645233154,0,1.0,0.8139991760253906,0.4739990234375018,0.8139991760253906,0.33908373892507687,-0.7259998321533203,1.2571146569861653,0.6533624031716182,0.3466375968283818,0.05646195884123529,0.07397756347015409,0.07008038711970366,0.9769993377460812,-0.21324233642435722,0.9933427847116814,0.1151959724176256,0.9966536945862091,-0.08173991110626101,0.945480090083407,0.3256799030580064,14.057503246595152,19.354789529985048
2025-11-20 00:00:00,14.899999618530272,16.280000686645508,14.630000114440918,16.277000427246094,6100,0.0,0.0,0.0,15.455000400543211,0,1.0,1.5069999694824219,0.1400003433227539,1.5069999694824219,0.008630415690861107,-0.7259998321533203,2.0,0.5086304156908611,0.4913695843091389,0.011848805013797021,0.06633980151266078,-0.09199534397044234,0.9852361327202644,-0.17120094270306305,0.9937330779758609,0.11177911136085156,0.9999964808598225,-0.0026529734206588826,0.9997572148875831,0.02203432050740499,14.057503246595152,19.354789529985048
2025-11-21 00:00:00,16.368999481201172,16.700000762939453,15.800000190734863,16.041000366210938,8500,0.0,0.0,0.0,16.250000476837158,0,1.0,1.2709999084472656,0.0,-0.23600006103515625,0.0,-0.7259998321533203,2.0,0.5,0.5,0.035490963142934887,-0.020351044989884385,0.10715267557104789,0.9927632936843398,-0.12008764596335986,0.9872623218999353,0.15910093575070056,0.9988938647916159,-0.04702177029492753,0.643076905275685,0.765801602179734,14.057503246595152,19.354789529985048
2025-11-24 00:00:00,16.399999618530273,16.399999618530273,15.864999771118164,15.883999824523926,4100,0.0,0.0,0.0,16.13249969482422,0,1.0,1.113999366760254,0.0,-0.39300060272216797,0.0,-0.7259998321533203,2.0,0.5,0.5,-0.008743591099357538,-0.004744223811845559,0.0019802772026459715,0.9514870697691052,-0.3076887324264604,0.9950280887131391,0.09959469198645782,0.999085346503048,-0.04276061742870962,0.8324544099287279,0.5540935438986936,14.057503246595152,19.354789529985048
2025-11-25 00:00:00,16.399999618530273,16.399999618530273,16.2189998626709,16.2189998626709,400,0.0,0.0,0.0,16.309499740600586,0,1.0,1.4489994049072266,0.0,0.33500003814697266,0.0,-0.7259998321533203,2.0,0.5,0.5,0.0,0.0020361293878690505,0.002152885842914407,0.9869873942038404,-0.16079764824994472,0.996128858533869,0.08790504647636059,0.9998124720211131,-0.019365453545703928,0.8668021644016427,0.49865219120006643,14.057503246595152,19.354789529985048
2025-11-26 00:00:00,15.649999618530272,15.843000411987305,15.649999618530272,15.843000411987305,100,0.0,0.0,0.0,15.746500015258787,0,-1.0,-0.37599945068359375,0.2150001525878924,-0.37599945068359375,0.32696639230093544,1.4489994049072266,0.06733455691728743,0.6561999684697427,0.3438000315302573,-0.008637521415745685,-0.005863630582349904,-0.008927174580367162,0.9499793008604892,-0.31231286866957014,0.9999292965423218,0.011891253776517343,0.9985501243501476,-0.053829816647512616,0.9595349129335187,0.2815896852898998,14.057503246595152,19.354789529985048
2025-11-28 00:00:00,15.25,15.25,15.107000350952148,15.180999755859377,700,0.0,0.0,0.0,15.178500175476074,0,-1.0,-1.0380001068115217,0.0,-1.0380001068115217,0.0,1.4489994049072266,0.5131666001001226,0.8717083499749694,0.12829165002503065,-0.2670056172713904,-0.29873675656424115,-0.24716291425160253,0.9218292513557022,-0.3875962220468432,1.0,0.0,0.9965644064997727,-0.08282139637651416,0.993933436508361,0.10998328868823667,14.057503246595152,19.354789529985048
2025-12-01 00:00:00,14.885000228881836,14.885000228881836,14.239999771118164,14.503000259399414,6500,0.0,0.0,0.0,14.5625,0,-1.0,-1.7159996032714844,0.0,-1.7159996032714844,0.0,1.4489994049072266,1.4024841182309655,0.6493789704422586,0.3506210295577414,-0.22494000751365786,-0.4241820244407167,-0.5486570781612858,0.9231574247168151,-0.38442212370026,1.0,0.0,0.9972315112538883,-0.07435935020080506,0.9999426863476243,0.010706260780340338,14.057503246595152,19.354789529985048
2025-12-02 00:00:00,15.350000381469728,15.350000381469728,14.899999618530272,14.947999954223633,2200,0.0,0.0,0.0,15.125,0,1.0,0.44499969482421875,0.10000038146972834,0.44499969482421875,0.05049912894824082,-1.7159996032714844,0.06724888066988065,0.06731134911571099,0.932688650884289,0.010410759970407567,0.010228194644163604,0.0153318166381868,0.966432282056469,-0.25692147477220645,1.0,0.0,0.9961435493359714,-0.08773841300327391,0.7885740187106104,0.6149398482897315,14.057503246595152,19.354789529985048
2025-12-03 00:00:00,14.527000427246094,14.630999565124512,14.350000381469728,14.45699977874756,1600,0.0,0.0,0.0,14.49049997329712,0,-1.0,-0.49100017547607244,0.0,-0.49100017547607244,0.0,0.44499969482421875,1.2174296325168816,0.6956425918707796,0.3043574081292204,-0.0348827381038773,-0.024287776905467705,-0.02735038941093611,0.7626297744605792,-0.6468352395364727,1.0,0.0,0.9991487609856419,-0.0412523141272904,0.9979018681309126,0.0647445872705568,14.057503246595152,19.354789529985048
2025-12-04 00:00:00,14.31999969482422,14.609000205993652,14.300000190734863,14.406999588012695,2500,0.0,0.0,0.0,14.454500198364258,0,-1.0,-0.5410003662109375,0.0,-0.5410003662109375,0.0,0.44499969482421875,1.4780042806500173,0.6304989298374957,0.36950107016250433,-0.0023511627162132007,-0.005413338396424416,-0.0054537728769905565,0.9151682636432652,-0.40307201493054684,1.0,0.0,0.9990514043527271,-0.04354642879552607,0.9997174867904484,0.02376860545740279,14.057503246595152,19.354789529985048
2025-12-05 00:00:00,14.550000190734863,14.550000190734863,13.800000190734863,14.532999992370604,6300,0.0,0.0,0.0,14.175000190734863,0,-1.0,-0.4149999618530291,0.0,0.12600040435790838,0.0,0.44499969482421875,0.8697144530134359,0.5,0.5,-0.010197883084416676,0.021943401768198898,-0.08967971408504997,0.9506747858248424,-0.31018938021294357,1.0,0.0,0.9910637606313143,-0.1333889889133171,6.123233995736766e-17,-1.0,9.198875729995578,19.354789529985048
2025-12-08 00:00:00,15.100000381469728,15.100000381469728,14.527999877929688,14.90999984741211,2100,0.0,0.0,0.0,14.814000129699709,0,1.0,0.3769998550415057,0.491000175476076,0.5030002593994141,0.9528551303091608,-0.4149999618530291,0.8252513678642022,1.0,0.0,0.01236650208253201,0.008536264581122652,0.01713262932858462,0.9968755548016558,-0.07898815252233081,1.0,0.0,0.9999309086043776,-0.011754914615763399,0.7348545901541896,0.6782246908874063,14.057503246595152,19.354789529985048
2025-12-09 00:00:00,14.670000076293944,14.890000343322754,14.510000228881836,14.706000328063965,2100,0.0,0.0,0.0,14.700000286102297,0,-1.0,-0.20399951934814453,0.0,-0.20399951934814453,0.0,0.3769998550415057,0.29280326954587693,0.9267991826135308,0.07320081738646923,-0.014004670428258387,-0.013776304574516384,-0.00123973062756683,0.9643071982037418,-0.2647860032034349,1.0,0.0,0.9999145260103613,-0.013074428227440683,0.9070447764222156,0.42103417149344663,14.057503246595152,19.354789529985048
2025-12-10 00:00:00,14.399999618530272,14.399999618530272,13.93000030517578,13.963000297546388,2100,0.0,0.0,0.0,14.164999961853027,0,-1.0,-0.9469995498657209,0.0,-0.9469995498657209,0.0,0.3769998550415057,2.0,0.5,0.5,-0.03345856779997636,-0.05183299133586441,-0.04078761693492178,0.8996909667732841,-0.4365273923897027,1.0,0.0,0.9981208149910136,-0.06127673850389592,0.9982005460394994,0.059963904863219626,9.198875729995578,19.354789529985048
2025-12-11 00:00:00,14.399999618530272,14.515000343322754,14.279999732971191,14.515000343322754,1300,0.0,0.0,0.0,14.397500038146973,0,1.0,0.5520000457763654,0.0,0.5520000457763654,0.0,-0.9469995498657209,0.3397650338089711,0.08494125845224278,0.9150587415477572,0.004924151821923387,0.02399847646338186,0.015360957968932422,0.9569528404431503,-0.2902434515502229,1.0,0.0,0.9992448498305976,-0.03885524529618295,0.8782908911506626,0.47812666786299945,14.057503246595152,19.354789529985048
2025-12-12 00:00:00,14.6899995803833,14.989999771118164,14.6899995803833,14.894000053405762,34300,0.0,0.0,0.0,14.839999675750732,0,1.0,0.9309997558593732,0.0,0.9309997558593732,0.0,-0.9469995498657209,0.9664949497601674,0.24162373744004184,0.7583762625599582,0.849529039937898,0.680047702847682,0.7468200578612233,0.9989938309189736,-0.044847806923338035,1.0,0.0,0.9999719170675592,-0.007494336276860013,0.8497750683458155,0.527145457362448,14.057503246595152,19.354789529985048
2025-12-15 00:00:00,14.9399995803833,15.630000114440918,14.9399995803833,15.395000457763672,4100,0.0,0.0,0.0,15.28499984741211,0,1.0,1.4320001602172834,0.0,1.4320001602172834,0.0,-0.9469995498657209,2.0,0.5,0.5,0.004996832073837261,0.003954329604790818,0.002017103123227027,0.9935889761039475,-0.11305284854752357,0.9860056242684683,0.16671205388617882,0.9966282883281079,-0.08204910056902368,0.8810046311648849,0.47310764088738305,14.057503246595152,19.354789529985048
