Date,Open,High,Low,Close,Volume,Dividends,Stock Splits,Capital Gains,G,Gd,S,P↑,P↓,Y,ϴ1,ϴ2,ϴ3,ϴ4,W,Wd,Yd,Pd,λ,E_High,E_Low,Ö,Öd,Ödd,I,Im,Id
2025-04-25 ,12.251928764901114,12.40300731839332,11.696352326830295,11.706099510192873,4296500,0.0,0.0,0.0,0.05476106498135308,1.0,0.01872757554600225,0.9812724244539978,0.018521114015691585,-0.02397394387526238,0.7853981635680128,-0.7853981645680128,0.9388975916745619,-0.938897592976761,-0.1975717521214766,0.294744610670944,0.19999053027838767,0.9627513104383062,6.084433532902404,12.998949180870417,12.998949180870417,-0.10475849033548738,-0.03131789737376138,-0.05661631059222392,1.0,0.0,0.0
2025-04-28 ,11.628122966574397,12.115470940971749,11.49166519910784,11.53065299987793,3446700,0.0,0.0,0.0,0.044761064981353085,1.0,0.02136952356001521,0.9786304764399848,0.02129721893664813,-0.007550388559627888,0.7853981646363588,-0.7853981656363588,0.95215148063784,-0.9521514819651985,-0.08442066712990544,0.4012557674092894,0.5209802563963922,0.9573332575033366,6.0928217490122645,13.005481172062638,13.005481172062638,-0.12036192968911379,-0.007801719676813201,0.01175808884847409,0.0,0.0,0.0
2025-04-29 ,11.598881445076232,11.657363611134896,11.335714021668483,11.384449005126951,2524900,0.0,0.0,0.0,0.03476106498135309,1.0,0.01917393074565354,0.9808260692543465,0.019119212077617524,-0.006380246298665656,0.7853981639888956,-0.7853981649888956,1.2426769284114898,-1.2426769302037826,-0.090258124734575,-0.03341823875093057,0.08399776383973122,0.9617068571767289,6.187859425001437,13.079055157131117,13.079055157131117,-0.13876380594532747,-0.009200938128106843,-0.000699609225646821,-1.0,-0.9966164596956368,0.0
2025-04-30 ,11.83280988412726,11.910785490485384,11.111534131000784,11.140775680541992,5951200,0.0,0.0,0.0,0.02476106498135308,1.0,0.019172728650561688,0.9808272713494384,0.019079298061437856,-0.010817797734998382,0.891385990374405,0.4636476101792019,0.5144532300556675,-0.5144532310241554,-0.21989185831535438,-0.4179711115506953,-0.258026504038483,0.9617479732880005,6.413774233811876,13.250850918634526,13.250850918634526,-0.17344990835920143,-0.01734305120693698,-0.004071056539415068,-2.0,-0.9971461935736912,0.0
2025-05-01 ,11.023812226420835,11.37470245361328,10.984824423399456,11.37470245361328,3270800,0.0,0.0,0.0,0.014761064981353086,1.0,0.013055419843372286,0.9869445801566277,0.013055419843372286,0.010389598287785313,0.7853981638301396,-0.7853981648301396,1.338693951686532,-1.3386939535807099,0.24557006354891422,0.9999999978515965,0.9999999528466412,0.9738891603132553,6.577068312585703,13.372428526071417,13.372428526071417,-0.161803207994038,0.0058233501825817185,0.011583200694759349,-1.0,-0.33170896716892956,-0.00026486693902716407
2025-05-02 ,11.101787960315503,11.15052201749656,10.565704965440874,10.585198402404783,6068700,0.0,0.0,0.0,0.004761064981353091,1.0,0.0035396133485729726,0.996460386651427,0.0034800161411003318,-0.035952077214963116,1.0796322446508846,-1.079632246205972,0.7853981640904256,-0.7853981650904256,-0.6250564088210386,-0.9999999988514018,-0.9999999784211518,0.9929803705103266,6.4958075761936245,13.312192446233531,13.312192446233531,-0.2292236924291143,-0.033710242217538156,-0.019766796200059937,-2.0,0.33484042909140216,0.33271861320238083
2025-05-05 ,10.643679927459054,10.82887175033656,10.507222158809704,10.624185562133787,13541700,0.0,0.0,0.0,0.0,1.0,0.0,1.0,0.0,0.001838203306337856,0.7853981644519318,-0.7853981654519318,1.3909399980487607,-1.3909399999847587,0.046139119753338495,0.9999999985101212,0.9999999735381702,1.0,6.410924024466129,13.248709872531101,13.248709872531101,-0.2207671206839412,0.004228285872586557,0.018969264045062356,-1.0,-0.32772093044381384,0.33327469813016586
2025-05-06 ,11.58913574803048,12.211966431109945,11.501412959505055,11.90103816986084,11400800,0.0,0.0,0.0,1.0514444136133851,1.0,0.6167754487860241,0.3832245512139759,0.6167754487860241,0.05668545728642075,1.4335391493663907,0.1418970545653862,1.430774317762813,0.1961832198915644,0.9810313212197213,0.9101626792049986,0.9371808339973963,-0.23355089757204817,6.493952323536829,13.310811115428578,13.310811115428578,-0.11195093337593742,0.054408093654001885,0.025089903890707664,0.0,0.33360377474410774,-0.331280679767608
2025-05-07 ,12.027748134743272,12.115470918700336,11.579387961940212,11.735339164733888,5878100,0.0,0.0,0.0,1.0414444136133851,1.0,0.610909466326082,0.389090533673918,0.6089919375520204,-0.0070103384618264075,1.0303741930746058,0.2449786630744507,1.4801358187913587,1.1193467770488041,-0.22712802660021886,-0.9999999991722945,-0.999999984300377,-0.21990140387810242,6.5419505051501625,13.346460497168515,13.346460497168515,-0.1286464875292912,-0.008347777076676888,-0.031377935365339386,-1.0,1.0227314247575168,0.3306623525939608
2025-05-08 ,11.530652756923716,11.559893374499552,10.682667410884724,10.819125175476074,7791700,0.0,0.0,0.0,0.8087455486203312,-1.0,0.4744087202763127,0.46532007672697995,0.5255912797236872,-0.04062228991288406,0.4935920606072751,0.8868454966230273,0.3217505544311946,1.3775849207416977,-0.7507665150110889,-0.5354754174336416,-0.7056497172692969,-0.060271202996707296,6.558661785981229,13.358829761857576,13.358829761857576,-0.21086215399091468,-0.04110783323081174,-0.016380028077067427,-2.0,-0.996861188969677,0.3445638250067045
2025-05-09 ,10.858113591198569,11.206079469849154,10.838619225347486,10.984824180603027,3352100,0.0,0.0,0.0,0.7987455486203312,-1.0,0.5222952071876039,0.5222952071876039,0.4777047928123961,0.007599495046559307,0.48220516960132415,1.099806959626045,0.4636476091407857,0.8709018709955656,0.2100189202548213,0.9999999989591849,0.9999999792624852,0.04459041437520783,6.638567780892979,13.417673840251952,13.417673840251952,-0.20005808091620572,0.005402036537354479,0.02325493488408311,-1.0,-0.3269473885379866,-1.009796306863597
2025-05-12 ,10.653427406199777,11.20900381981527,10.653427406199777,10.897101402282717,4486300,0.0,0.0,0.0,0.7887455486203312,-1.0,0.539481583055846,0.5385179047382491,0.46051841694415396,-0.004008914937034624,0.38050637775026136,1.5291498972378217,0.36222668168186034,1.176002132350137,-0.13660404546869837,-0.9999999971150209,-0.9999999138555655,0.07799948779409516,6.3656421120940765,6.6162409036552035,13.214605607957232,0.15307179113437822,0.17656493602529197,0.08558144974396875,-2.0,0.3344408310021046,0.33495690021584523
2025-05-13 ,10.750895902629804,10.789883702847566,9.78594715008331,10.000380516052246,10193400,0.0,0.0,0.0,0.7787455486203312,-1.0,0.4389905048427244,0.43007641741650754,0.5610094951572756,-0.04291047551732578,1.1207221306392725,-1.1207221322607663,0.7853981634738303,-0.7853981644738303,-0.8117679365799476,-0.7119188495434677,-0.8291147726869309,-0.13093307774076807,6.702540471822776,6.745552892556548,13.464431284979549,0.04815567094601773,-0.05245806009418025,-0.11451149805973611,-3.0,-0.3327378984341276,0.3306941097700456
2025-05-14 ,9.93215086678145,10.049115193423912,9.58126067548142,9.84442901611328,8293700,0.0,0.0,0.0,0.7687455486203312,-1.0,0.4722769383463988,0.47061292974677177,0.5277230616536013,-0.007858553627647175,0.785398163572423,-0.785398164572423,1.3012066975720424,-1.3012066994301728,-0.21917157028926482,0.5748119669169387,0.6904193716048243,-0.05711013190682951,6.60835490758046,6.709870804519884,13.395482651377684,0.03765709747155743,-0.005249286737230147,0.023604386678475052,-4.0,-0.19593882446031197,-0.33358936471811607
2025-05-15 ,9.980886151172124,10.17582515226094,9.849301976858746,10.000380516052246,5452400,0.0,0.0,0.0,0.7587455486203312,-1.0,0.466133462924733,0.466133462924733,0.533866537075267,0.007858553627647175,0.7177058411234637,1.1292061424117692,0.7853981635192419,0.7853991108852815,0.24463596840726945,0.9999999978439332,0.9999999363750645,-0.06773307415053398,8.93939895107217,7.505459490336348,14.934817200860506,-0.0570398059839127,-0.047348451727735066,-0.02104958249525246,-3.0,-0.14235380360213337,0.06839953698690782
2025-05-16 ,9.912658046526634,10.112470645151774,9.844429626374392,9.893163681030272,4042900,0.0,0.0,0.0,0.7487455486203312,-1.0,0.6195029646688195,0.6180119243177195,0.3804970353311805,-0.005389529083394716,1.1220790353194001,1.3345511969129358,1.5337849261502567,0.7853981647973686,-0.17882712253278743,-0.999999997638519,-0.9999999245173852,0.23751488898653894,7.183048303036802,6.922307897499884,13.806108745596786,0.01191379025629366,0.03447679812010318,0.04091262492391912,-4.0,0.14334775389417762,0.026792510429089297
2025-05-19 ,10.263548875851214,10.302536679642438,10.029622053103864,10.14658546447754,4553600,0.0,0.0,0.0,0.7387455486203313,-1.0,1.0,1.0,0.0,0.012645955875354716,0.7972562475995525,0.5808675369939683,0.7853981636989804,0.5928446481075531,0.40983218514064435,0.9999999983012245,0.9999999445537535,1.0,7.238834546220332,6.942285662940192,13.84474048429115,0.03436900213690809,0.011227605940307216,-0.011624596089897982,-3.0,-0.142513309514592,0.1428507787481555
2025-05-20 ,10.078356721717308,10.274270824632234,10.010128299624562,10.195320129394531,3954200,0.0,0.0,0.0,0.7287455486203313,-1.0,1.0,1.0,0.0,0.0023957767718512843,1.2420078437715012,0.7973014431570604,1.3397080388391842,0.785398165914974,0.09210566451348508,-0.6329997233982166,-0.6814493158777214,1.0,6.993888314523518,6.85374618673579,13.673549181623619,0.05179948351665946,0.008715240689875683,-0.001256182625215766,-2.0,0.1436403506286912,-0.1429305317043848
2025-05-21 ,10.24405444573487,10.69241461064412,10.088103245686863,10.614439010620115,5346200,0.0,0.0,0.0,0.7187455486203312,-1.0,0.847592306412483,0.847592306412483,0.15240769358751705,0.020140496504818705,1.372296965757828,0.19079148856994818,0.7853981637818966,0.8029453487647288,0.6564280801400747,0.7539037737488621,0.7873847964007573,0.6951846128249659,7.553018899264826,7.052828731370584,14.058549908022004,0.06388548505902356,0.0060430007711820485,-0.0013361199593468175,-1.0,0.20021129092671083,0.14307683007164163
2025-05-22 ,10.497475609357265,10.536463409364709,10.107596679740343,10.468234062194824,7147600,0.0,0.0,0.0,0.7087455486203312,-1.0,1.0,0.9968953699133797,0.0,-0.006934839236008228,0.4124114649156622,0.4798720979679496,0.7853981638134832,1.292503713374194,-0.27074278670476465,-0.9999999989214502,-0.999999963066018,0.9968953699133797,7.623183904390455,7.077073972531702,14.105455144018382,0.04663426731258698,-0.00862560887321829,-0.007334304822200169,-2.0,0.3362071686754051,0.02828547014900981
2025-05-23 ,10.60469183116233,10.633932448793791,10.205066648543257,10.380511283874512,6381000,0.0,0.0,0.0,0.6987455486203312,-1.0,1.0,0.99812457220106,0.0,-0.004207580689590565,1.0400204094090562,0.47249980542628683,0.7853981640126217,0.47249594138527945,-0.156701574108205,0.2667977935487635,0.24476355404524444,0.99812457220106,7.437439084288495,7.012544353241263,13.980623579688762,0.04724366483471447,0.0003046987610637458,0.0044651538171410175,-3.0,-0.3322984565341344,0.06799793887434714
2025-05-27 ,10.097850741871536,10.594945950388254,10.010128878200282,10.390259742736816,7264700,0.0,0.0,0.0,0.6887455486203312,-1.0,1.0,1.0,0.0,0.00046933543534879123,0.896068593030038,1.030367699863942,0.24497866409859173,1.5707933577927662,0.02231789609890545,0.9999999944140154,0.9999997861839384,1.0,7.9473741535559235,7.187112346324009,14.318384481353188,0.023951899167175897,-0.011645882833769286,-0.005975290797416516,-2.0,-0.19962491440457375,-0.3342528126047698
2025-05-28 ,10.312283196870457,10.424373009337144,10.195319793051844,10.361018180847168,4103400,0.0,0.0,0.0,0.6787455486203312,-1.0,1.0,0.9993747467246686,0.0,-0.0014091451137288843,0.21382056556322657,0.8896695336871495,1.439969390273694,0.1973955606960025,-0.07018129829991382,-0.9999999891890952,-0.9999994676551386,0.9993747467246686,8.051076693459896,7.221647782837023,14.38522784912426,0.016408018072554553,-0.003771940547310672,0.003936971143229307,-3.0,0.200041522669894,0.06633677106478034
2025-05-29 ,10.21481414178967,10.541337355208968,10.131965870030568,10.477982521057127,4352000,0.0,0.0,0.0,0.6687455486203312,-1.0,1.0,1.0,0.0,0.0056127614698564116,1.1562872623783036,0.48017211224575995,0.7658031879072232,0.7853981670012922,0.3039650887313055,0.9999999973272493,0.9999998575885558,1.0,8.481075411202074,7.361619196988493,14.656217168996493,0.008703885972812953,-0.0038520660498707997,-4.0062751280063764e-05,-2.0,-0.1998749493092389,0.19983321853723388
2025-05-30 ,10.38051239378078,10.446792497494537,9.66898473490146,9.67873191833496,14571500,0.0,0.0,0.0,0.6587455486203312,-1.0,0.71141807842785,0.698133683629065,0.28858192157215,-0.03965182942514677,0.4188358660357248,1.310505409925911,0.09065988730532765,1.3835396583256117,-0.9617591868056748,-0.9999999992099384,-0.9999999779076767,0.409551762056915,8.606145869381505,7.401398732210735,14.733252999712466,-0.0759571315184384,-0.042330508745625675,-0.019239221347877436,-3.0,0.20049239483106288,-0.19995823598956647
2025-06-02 ,9.698224709553008,9.888291055673577,9.48379133601462,9.659236907958984,8702300,0.0,0.0,0.0,0.6487455486203312,-1.0,0.6134442727273031,0.6131700490238025,0.38655572727269694,-0.0010081208916557622,0.7853981637927011,-0.7853981647927011,1.2506157437272973,-1.2506157455291773,-0.044020113721687716,0.9124656589077954,0.9504120708949712,0.22661432175110552,8.229759508343465,7.280431101993514,14.499019896042887,-0.06172091569502797,0.007118107911705217,0.024724308328665446,-4.0,-0.1962653760638577,0.2001836720701509
2025-06-03 ,9.591008186340332,9.805441553144238,9.425309802384016,9.591008186340332,5669400,0.0,0.0,0.0,0.6387455486203313,-1.0,0.5723385117181937,0.5714353061470236,0.4276614882818063,-0.0035443040483083147,0.7853981689324876,-0.7853981699324876,0.9561371513621346,-0.9561371526970147,-0.18219251767025174,-0.6108076392001152,-0.5571058574261102,0.14377381786521737,8.63314392337504,7.409932643309019,14.749780716140872,-0.08619877034451501,-0.01223892732474352,-0.009678517618224369,-5.0,-0.14279328241043174,-0.1983788854474603
2025-06-04 ,9.62024910174472,10.122217860376402,9.62024910174472,9.805441856384276,5282400,0.0,0.0,0.0,0.22392680470282555,1.0,0.21921742362810898,0.780782576371891,0.21921742362810898,0.011055304943513372,0.7853981644379261,0.32911761975825826,1.4217574186546722,0.5066747964669526,0.5100231779256524,0.9999999985553636,0.9999999315050196,0.5615651527437819,8.927391418201418,7.501757443489037,14.927645329494574,-0.07623857895855739,0.00498009569297881,0.008609511508861165,-4.0,-0.11093576701299356,0.026736046826712975
2025-06-05 ,9.86392299485715,10.643679948070178,9.600755569253977,10.565704345703123,9888700,0.0,0.0,0.0,0.21392680470282557,1.0,0.1755844112401049,0.8244155887598951,0.1755844112401049,0.037320555347098966,1.4776092770893752,0.09966865258202193,1.2130565869530465,0.5363230703381401,0.947486197209516,0.30014422304703825,0.5429412459614965,0.6488311775197901,8.82381299320216,7.469678126722382,14.86550222016555,0.0026657413249987607,0.039452160141778075,0.017236032224399633,-3.0,0.11164507099322044,0.01592875769871909
2025-06-06 ,10.253802006372853,10.400006029425514,9.854175879580064,9.893163681030272,7427400,0.0,0.0,0.0,0.20392680470282556,1.0,0.16737672490159222,0.8326232750984077,0.16481188844118205,-0.032872818955283815,0.18776308451995494,0.3217525222152267,0.7853981646973692,0.18070101461155388,-0.8073679778195061,-0.999999999430152,-0.9999999857536414,0.6678113866572257,8.40685692404839,7.337819575579395,14.61013200780521,-0.04553451821533019,-0.024100129770164475,-0.031776144955971274,-4.0,0.14507202531901853,0.11129041900310699
2025-06-09 ,9.94189870984926,10.125141284533411,9.542273510805408,9.571514129638672,7904600,0.0,0.0,0.0,0.04848205844856835,-1.0,0.04401831767841181,0.04368768112710936,0.9559816823215882,-0.016524781685073552,0.27642450012159825,1.5582997997893684,0.24497866364595397,1.2120247568604605,-0.5310828575971323,0.20642156790910374,0.3309479960025848,-0.9122940011944789,8.843448821545584,7.475779636472436,14.877321435295155,-0.09696179836869537,-0.02571364007668259,-0.0008067551532590575,-5.0,-0.1406680379403402,0.016713477162899046
2025-06-10 ,9.629995991672052,9.751832984082563,9.42530980724069,9.50328540802002,7001700,0.0,0.0,0.0,0.03848205844856835,-1.0,0.03158486666651984,0.03153456158596023,0.9684151333334802,-0.0035769037301781772,0.19739556017271753,-0.1973955605573329,0.5681288906779864,1.5707963127850733,-0.10591645334545086,0.667451905018705,0.6441189901893727,-0.9368805717475199,7.455511607740799,7.018872167140815,13.992863433125516,-0.0419374237808187,0.027512187293938332,0.026612913685310463,-6.0,-0.11027651776563913,-0.14287003162967937
2025-06-11 ,9.425310479291513,9.49353890245268,9.054925884409002,9.25961208343506,10021700,0.0,0.0,0.0,0.028482058448568354,-1.0,0.021174989872606225,0.021050683983047838,0.9788250101273938,-0.012986977341635633,0.9618386529278016,-0.9618386542734042,0.7853981642473989,-0.7853981652473989,-0.34550276896843063,-0.5307401706647974,-0.5681079816107998,-0.9577743261443459,9.507380250369435,7.67675213818764,15.266740693272743,-0.15627444904899132,-0.05716851263408631,-0.04234034996401232,-7.0,-0.09076430038698706,0.015195760087350532
2025-06-12 ,9.259611753010695,9.376575158345728,9.210876768402136,9.337587356567385,4925500,0.0,0.0,0.0,0.01848205844856835,-1.0,0.017269475328443105,0.017269475328443105,0.9827305246715569,0.00419285029360926,0.7419461264786987,-0.7419461283051092,0.7853981652291785,0.6022885959119123,0.12714103871632546,0.9999999978842418,0.9999999417922018,-0.9654610493431137,8.734259247784909,7.441730091891396,14.81136689064509,-0.11720123421909401,0.019536607414948656,0.03835256002451748,-6.0,-0.07647150685635898,0.009756108689326033
2025-06-13 ,9.4642979751417,9.4642979751417,9.015937788478888,9.191383361816406,8608400,0.0,0.0,0.0,0.00848205844856835,-1.0,0.01152617723181395,0.01148539869002066,0.9884738227681861,-0.007890562134998676,1.421905975987682,0.8379796629666244,0.4636476106527303,-0.4636476114527303,-0.22582610012621912,-0.999999997166875,-0.9999999172419279,-0.9769884240781654,8.043844141067817,7.219249290579583,14.380585326500068,-0.10304855932569211,0.007076337446700949,-0.006230134984123854,-7.0,0.07706488114688446,0.007146396765314041
2025-06-16 ,9.015937813770307,9.015937813770307,8.70013596678539,8.928215026855469,6474200,0.0,0.0,0.0,0.0,-1.0,0.0,0.0,1.0,-0.014523960703536716,0.7853981640126233,-0.7853981650126233,0.9571578429394665,-0.9571578442762694,-0.3844800545977216,-0.25995797844003116,-0.2959419801340504,-1.0,7.606030586358067,7.07116118815893,14.094015824218335,-0.11167101294980099,-0.004311226812054439,-0.005693782129377694,-8.0,-0.07665093023554165,0.07676819400162171
2025-06-17 ,8.928214683945637,9.264485044356396,8.9087212484591,9.123153686523438,5175600,0.0,0.0,0.0,0.0,-1.0,0.0,0.0,1.0,0.010799106857946373,0.8936676526941016,0.4636476102101582,1.163540182152826,0.5373202516361926,0.2959703099300005,0.9999999985303851,0.999999960510315,-1.0,7.142506093686028,6.907720837695586,13.777902924429332,-0.06703736646204354,0.022316823243878722,0.01331402502796658,-7.0,-0.06622792539772422,-0.07685790569121306
2025-06-18 ,9.084166226247827,9.18163619595863,9.006190622296197,9.01593780517578,3897100,0.0,0.0,0.0,0.0,-1.0,0.0,0.0,1.0,-0.00591076357913085,0.5880045145174957,0.5880026058714423,1.5120392854029119,0.5155501655720682,-0.17501380803189343,-0.9999999978767861,-0.999999940155135,-1.0,6.878010894301446,6.81110085748515,13.591113669188678,-0.06499108789875488,0.0010231392816443322,-0.010646841981117195,-8.0,0.06697975216390023,0.005211502418908713
2025-06-20 ,8.986697460682034,9.240117716497227,8.889227487992887,9.201129913330078,5124600,0.0,0.0,0.0,0.009493760466213317,-1.0,0.016822496648838458,0.016822496648838458,0.9831775033511615,0.0101658571519812,1.3798533314979837,0.822817202535944,0.4942750811665957,0.7853981655416705,0.33203408448049054,0.9999999980277998,0.9999999377978772,-0.966355006702323,7.641682725815564,7.083440125026117,14.117771836684778,-0.08327075719079068,-0.009139834646017898,-0.005081486963831115,-7.0,-0.0664905454605091,0.06660383878081222
2025-06-23 ,9.10366124149144,9.283979489915628,8.870708573579398,9.035432815551758,9473700,0.0,0.0,0.0,0.0,-1.0,0.0,0.0,1.0,-0.0090859829366803,0.7853981656703198,0.6881391470312593,1.0964026162176415,0.701997637079393,-0.285126433015098,-0.999999998379676,-0.9999999480569159,-1.0,7.21818965776945,6.934905090296631,13.830468085147363,-0.08056685218263579,0.001351952504077443,0.005245893575047671,-8.0,0.06696170487784883,-0.06673514881220466
2025-06-24 ,8.967805027610261,9.15794234316147,8.781588714687738,8.820792198181152,8939500,0.051,0.0,0.0,0.0,-1.0,0.0,0.0,1.0,-0.012020492416819855,0.22163573568248462,0.7853981664184627,0.3085070279329969,1.0500203873933691,-0.3498648266975284,-0.10195162939687859,-0.13903360423555094,-1.0,7.169276358240364,6.917359252119644,13.796539786710948,-0.10211426885754989,-0.010773708337457048,-0.006062830420767246,-9.0,-0.06639455393226519,0.06672612516917897
2025-06-25 ,8.732584686226026,8.91880194576596,8.54146780878463,8.840394973754883,6993200,0.0,0.0,0.0,0.0,-1.0,0.0,0.0,1.0,0.001109935327840229,0.7874440366824105,-0.7874440376865022,0.7853981649797327,-0.7853981659797327,0.03509668197542528,0.9999999974023376,0.9999999238410247,-1.0,7.736781466976848,7.11599807514132,14.180766276792513,-0.12778447316768077,-0.01283510215506544,-0.0010306969088041962,-8.0,-0.05850439844578303,-0.06667812940505702
2025-06-26 ,8.712982340343059,8.840393887882206,8.516963999707622,8.752185821533203,7934900,0.0,0.0,0.0,0.0,-1.0,0.0,0.0,1.0,-0.005013997278063103,0.7853981692743439,-0.7853981702743439,1.2678964610719354,-1.2678964628939824,-0.19317879102319588,-0.999999995619328,-0.9999998367062636,-1.0,7.592304322831098,7.066422988555212,14.084849108325278,-0.13092357165246662,-0.0015695492423929286,0.005632776456336256,-9.0,0.05885238081228246,0.0039450777432410815
2025-06-27 ,8.722782837908207,9.585260391235352,8.722782837908207,9.585260391235352,9874700,0.0,0.0,0.0,0.0,-1.0,0.0,0.0,1.0,0.045430239305736586,1.3507886849811668,0.08314123191678792,1.264914392788298,0.29291177599751805,0.9871851806898856,0.9999999991528036,0.9999999801761301,-1.0,8.123280367837934,7.245510136820582,14.431417760476325,-0.0646682595427318,0.033127656054867415,0.01734860264863017,-8.0,-0.05869189550861408,0.05867838962903274
2025-06-30 ,9.065813954366025,9.281433574992404,8.991327057371578,9.163823127746582,8044200,0.0,0.0,0.0,0.0,-1.0,0.0,0.0,1.0,-0.022477752742532633,0.2044754305034741,0.27829965933988826,1.5371078801600822,0.23045119899865082,-0.8194397850829133,-0.9999999994464817,-0.999999985274193,-1.0,8.356148488852405,7.321474443272906,14.578483535293154,-0.11991575917085003,-0.027623749814059115,-0.030375702934463265,-9.0,0.05991763974749494,-0.05877213816044827
2025-07-01 ,9.242230918899343,9.693071474325771,9.183425222676403,9.54605770111084,8121300,0.0,0.0,0.0,0.0,-1.0,0.0,0.0,1.0,0.020429556813355725,1.4290037978524717,0.07130746488686635,1.493149408841794,0.15188208453831364,0.8445320573857308,0.9999999993990283,0.9999999766939482,-1.0,7.942905285707416,7.185617042423447,14.315490486815692,-0.06058353534898402,0.029666111910933,0.02864493086249606,-8.0,-0.058216908844741615,0.05930476762805451
2025-07-02 ,9.506854093005298,9.590161616350947,9.350040151339329,9.457849502563477,6108600,0.0,0.0,0.0,0.0,-1.0,0.0,0.0,1.0,-0.004641582260005387,0.19739460526016242,0.1325515325900055,1.331656036979313,0.12290691933966975,-0.25503024546995506,-0.9999999990905472,-0.9999999601135011,-1.0,7.3992230125626826,6.999128028123899,13.954673335189087,-0.0439549841676327,0.00831427559067566,-0.01067591816012867,-9.0,0.059337701500475994,-0.05906727429611828
2025-07-03 ,9.291234581676116,9.42844724983412,9.212827609781494,9.310836791992188,4149000,0.0,0.0,0.0,0.0,-1.0,0.0,0.0,1.0,-0.007832871638647073,0.3217505559517649,0.8329791891489534,0.37433274516766263,1.3045462202501046,-0.29207820655011313,-0.06771593616521793,-0.25582595829389077,-1.0,7.7277459643771715,7.112916767509286,14.17480414704301,-0.07551024523942435,-0.01577763053589582,-0.012045953063285741,-10.0,-0.05870174573911095,0.058777305172608804
2025-07-07 ,9.31083707594062,9.441189161400256,8.958005691654684,8.967805862426758,8466700,0.0,0.0,0.0,0.0,-1.0,0.0,0.0,1.0,-0.018766761627264504,0.6000513366444967,1.325802596877629,0.19739556041224796,0.8253712970569448,-0.5746836552884457,-0.3260473964703844,-0.4110541475613302,-1.0,7.729221050297108,7.113419976800833,14.175777820132573,-0.11311789144762957,-0.018803823104102613,-0.0015130962841033956,-11.0,-0.0524467517975406,-0.05901972361979348
2025-07-08 ,8.997209020937884,9.183425347928118,8.92860221862793,8.92860221862793,5428100,0.0,0.0,0.0,0.0,-1.0,0.0,0.0,1.0,-0.0021905872743441454,0.1878719150492702,0.7853981643550406,1.0303651723820404,0.9600692109914165,-0.08155875185801448,0.7514371173043356,0.790948017318163,-1.0,7.5228515286262665,7.0423560208289775,14.038290415196832,-0.10760584489105889,0.0027560232782853425,0.010779923191193978,-12.0,-0.04721140808550349,0.003127496970785175
2025-07-09 ,8.938402716886019,9.085416482122024,8.722783088684082,8.722783088684082,7967700,0.0,0.0,0.0,0.0,-1.0,0.0,0.0,1.0,-0.011660225322858256,0.30288536813303946,0.7853981649380765,0.14772535864060737,1.570795155959916,-0.39109032826973844,-0.654886656445356,-0.6836882167287845,-1.0,8.619941732845367,7.4057618456859196,14.74170303505413,-0.1805310231810094,-0.03646258914497525,-0.019609306211630297,-13.0,-0.04343594690642639,0.0026176718560185566
2025-07-10 ,8.712983077860814,8.945263466535685,8.60517279444869,8.76198673248291,7469000,0.0,0.0,0.0,0.0,-1.0,0.0,0.0,1.0,0.0022421595594223007,0.11065722184725574,0.9284157742897469,0.13164236516524655,1.0090571790652394,0.07716328760168098,0.9999999978644051,0.9999999280699006,-1.0,8.247459387347392,7.286205320163842,14.510198693678355,-0.15999464414746392,0.010268189516772733,0.02336538933087399,-12.0,-0.03978961519976547,0.0018877305895385506
2025-07-11 ,8.801190376281738,8.82079258623319,8.644376435409386,8.801190376281738,3794200,0.0,0.0,0.0,0.0,-1.0,0.0,0.0,1.0,0.002232149887007865,0.46364761181440917,-0.4636476126144091,1.0086671085736771,1.0086634920607258,0.08450504543032887,0.0454124666565454,-0.002237143026680693,-1.0,8.466990609635195,7.3571138364238395,14.647492812119461,-0.16508146550973057,-0.0025434106811333262,-0.0064058000989530295,-11.0,0.040039558549953086,0.00182316585333046
2025-07-14 ,8.75218631863736,8.781588697528777,8.330748170893056,8.350350379943848,8224300,0.0,0.0,0.0,0.26442462355563356,-1.0,0.3503852217208129,0.34613482551431113,0.6496147782791871,-0.026285684927416612,1.446440215148034,-1.4464402171172641,0.7853981644916924,-0.7853981654916924,-0.6833022680067621,-0.9999999986975899,-0.9999999649342255,-0.303479952764876,8.187239278839924,7.266524219048139,14.472097213844668,-0.20544677209593326,-0.020182653293101344,-0.008819621305984009,-12.0,0.043521068037205936,0.03991458687485928
2025-07-15 ,8.369951602309321,8.458159673120324,8.281743531498318,8.399353981018066,6102800,0.0,0.0,0.0,0.25442462355563356,-1.0,0.3834468417912796,0.3834468417912796,0.6165531582087205,0.002925639761644398,0.7853981644433826,-0.7853981654433826,1.4204241675618168,-1.420424169516933,0.10082559162315416,0.9999999987246978,0.9999999657667026,-0.2331063164174409,7.754871290953345,7.122159548488432,14.192688508450592,-0.17981416665003033,0.012816302722951464,0.016499478008026404,-11.0,-0.042950841835175634,0.001740754743626425
2025-07-16 ,8.36015117025177,8.44835924815735,8.232739606019805,8.271943092346191,5938800,0.0,0.0,0.0,0.24442462355563357,-1.0,0.4156506841729461,0.4142269409594993,0.5843493158270539,-0.007642530038975759,1.3734078363203372,-1.3734078382434196,0.7853981731007124,-0.7853981741007124,-0.26586986927994377,-0.9999999972729413,-0.9999999053762455,-0.17012237486755455,7.654871831656112,7.087972416263313,14.126540689245317,-0.1903578958663124,-0.005271864608141039,-0.009044083665546251,-12.0,0.04353430373310509,-0.043235954936190785
2025-07-17 ,8.222939209659168,8.270963315520456,8.007319573442297,8.095527648925781,7961400,0.0,0.0,0.0,0.23442462355563357,-1.0,0.3027689162114258,0.3012989565155367,0.6972310837885742,-0.01077841813247074,0.9040590242324626,-0.9040590254675628,0.7853981651155298,-0.7853981661155298,-0.3594050680459619,-0.14959051296130108,-0.17023488118385255,-0.39593212727303756,7.617983382032272,7.075282326440789,14.101988866116297,-0.21014982756701864,-0.009895965850353114,-0.0023120506211060377,-13.0,-0.043329333220706194,0.04324257278414036
2025-07-18 ,8.08572670153591,8.213138264752596,8.056324320696623,8.13473129272461,4652100,0.0,0.0,0.0,0.22442462355563358,-1.0,0.497792063562911,0.497792063562911,0.502207936437089,0.0024154663175596667,0.9905252073773352,-0.99052521017502,0.7853981657316699,1.063693480212579,0.11228619166856298,0.9999999978799692,0.9999999242073153,-0.004415872874178051,7.529838324644414,7.044784125426081,14.042987527739932,-0.2010626236256208,0.004543601970698918,0.007219783910526016,-12.0,-0.039805797805408695,-0.04343181847690564
2025-07-21 ,8.105329031494435,8.243521251631678,8.026921123624561,8.222939491271973,5530700,0.0,0.0,0.0,0.21442462355563358,-1.0,0.4861798968407294,0.4861798968407294,0.5138201031592706,0.005392466917335271,0.8362133740281459,0.46364762176606855,0.4768876290703735,0.9978389558964232,0.29373331632231053,0.4468926261812363,0.38127890299983586,-0.02764020631854125,7.963175666129114,7.192394895642582,14.328608380195073,-0.21071341654873027,-0.0048253964615547346,-0.0046844992161268265,-11.0,0.040042604113661215,0.0017617677076487495
2025-07-22 ,8.281744124713974,8.585571842083205,8.232739533566056,8.369952201843262,7317300,0.0,0.0,0.0,0.20442462355563357,-1.0,0.3535215245002012,0.3535215245002012,0.6464784754997988,0.008859981327563776,1.0504182731569562,0.16514867772655292,1.5707960075622944,0.27020989710086024,0.5290734727106245,0.286021164675724,0.24329252822770292,-0.29295695099959757,8.026809032979397,7.213594067012787,14.36963921405597,-0.1958942779773977,0.007409569285666287,0.006117482873610511,-10.0,0.04358113933327341,0.03992420095953496
2025-07-23 ,8.340549501266375,8.417975985870129,8.056324005126953,8.056324005126953,7617200,0.0,0.0,0.0,0.19442462355563356,-1.0,0.34802537100831915,0.3449927760896745,0.6519746289916808,-0.019093079451764347,0.4844752155247339,0.7909864814020567,0.4636476108681802,1.4056460309961147,-0.7676835340153899,-0.9999999992288454,-0.9999999642257436,-0.3069818529020063,7.8519458096940715,7.155052901830692,14.256340056760575,-0.2260528916357741,-0.015079306829188205,-0.011244438057427246,-11.0,0.04780311792940197,0.001769267609806096
2025-07-24 ,8.095527684626937,8.170014587335682,8.012220161267908,8.046523094177246,9551900,0.0,0.0,0.0,0.18442462355563358,-1.0,0.3216605614435191,0.3215738060062074,0.6783394385564809,-0.0006086446011233955,0.19739556043312806,-0.19739556081774343,0.8439082813838955,1.5510353874649383,-0.03331229500229741,0.9168227991859539,0.9382140295340092,-0.35676563255027355,7.714287865872279,7.108322578367541,14.165914802695838,-0.22081241803963528,0.002620236798069414,0.00884977181362881,-12.0,-0.04720410866865153,0.002110989298064282
2025-07-25 ,8.007319773780418,8.007319773780418,7.772098389053504,7.850505828857422,10833300,0.0,0.0,0.0,0.17442462355563357,-1.0,0.2144195645303561,0.2132257091218484,0.7855804354696438,-0.012330433961518228,0.9752960316980386,-0.9752960330687693,0.7853981649797251,-0.7853981659797251,-0.6053389039846786,-0.8956792205104235,-0.9059214222809624,-0.5723547263477955,7.850627231868291,7.1546080176636835,14.255479120884575,-0.2518710133039533,-0.015529297632159003,-0.009074767215114209,-13.0,-0.04346653429748797,-0.04750361329902675
2025-07-28 ,7.811301367470434,8.129830256565686,7.791699625629371,7.899509906768799,15308700,0.0,0.0,0.0,0.1644246235556336,-1.0,0.2545755176616172,0.2545755176616172,0.7454244823383829,0.0031113669175917525,1.3905491596678243,0.7328188611276188,0.7853981651648109,1.3948618768045176,0.16719871917060142,0.9999999987055647,0.9999999352407182,-0.4908489646767657,7.804231040009038,7.13892069516308,14.22512195318363,-0.24348485702787534,0.004193078138038972,0.009861187885098988,-12.0,-0.039777286104741676,0.0018687871855817793
2025-07-29 ,7.8603067385992,8.046523059892817,7.791699938388021,7.977917194366455,6011400,0.0,0.0,0.0,0.15442462355563358,-1.0,0.3880832804049982,0.3880832804049982,0.6119167195950018,0.004938286732366735,0.7229819929612974,1.310195897504117,0.7853981651648141,1.5707920689654131,0.2766017813109348,0.24651405704841228,0.22695629740890863,-0.22383343919000365,7.8010674669353275,7.1378486651169935,14.22304748162466,-0.23346019306497157,0.005012331981451887,0.0004096269217064574,-11.0,0.0400548158532557,0.0018446240963731486
2025-07-30 ,7.93871397644114,7.974976944485515,7.821103049371014,7.870107173919678,7497500,0.0,0.0,0.0,0.14442462355563357,-1.0,0.4037231140743011,0.40249383906837694,0.5962768859256988,-0.0068027419659019836,0.5887943697513681,-0.5887943722187555,0.7853981655136453,1.0191340815470766,-0.39110579768858134,-0.9999999985023384,-0.9999999148285946,-0.1937830468573219,7.772019218273001,7.127990929242556,14.20397224545291,-0.24570385897968172,-0.006121832957355078,-0.005567082469403482,-12.0,0.043572544987241606,0.03991605097899869
2025-07-31 ,7.801501306083063,7.958315252386667,7.752496714191975,7.870107173919678,9281400,0.0,0.0,0.0,0.02920322419604627,-1.0,0.07739366082415057,0.07739366082197387,0.9226063391758494,0.0,1.3325494574624401,-1.332549459351049,0.7853981701854049,-0.785398171185405,0.0,0.999999997443147,0.9999998530004727,-0.8452126783538756,7.794552535528564,7.135640012325814,14.218773568971361,-0.24676088015533937,-0.0005285105878288232,0.0027966611847631273,-13.0,-0.04334587622824077,0.0017588645669929515
2025-08-01 ,8.0465230586922,8.247441037433552,7.89460967018443,8.095527648925781,10465600,0.0,0.0,0.0,0.2624640929480362,1.0,0.5302901369371406,0.46970986306285945,0.5302901369371406,0.01411910503449234,1.037888621051126,0.14189705494838226,1.1276937648020227,0.28284750429829647,0.7496735154896454,0.999999998666086,0.9999999291739862,-0.06058027387428111,8.28110952117911,7.297159151148561,14.531405695610006,-0.24058689906756353,0.0030869905438879186,0.001807750565858371,-12.0,-0.0399999999984,-0.04345921060774119
2025-08-04 ,7.870106695095371,7.899510009252009,7.723093863051346,7.752496242523193,13886900,0.0,0.0,0.0,0.2524640929480362,1.0,0.4814826994071126,0.5185173005928874,0.47670749587798805,-0.021645058636469833,0.7853981643345148,-0.7853981653345148,1.1127971927052247,-1.1127971943142239,-0.811798032140143,-0.9999999993595784,-0.9999999720390506,0.04180980471489931,8.02833222358721,7.214100068989654,14.370618611054816,-0.2725967136039828,-0.016004907268209634,-0.009545948906048776,-13.0,0.04024423904590064,0.0016729381149203845
2025-08-05 ,7.223249120352383,7.340859579140236,7.002729393289554,7.144842147827148,20886000,0.0,0.0,0.0,0.2424640929480362,1.0,0.1947953922410532,0.8052046077589468,0.1910472459919739,-0.04078944028616877,0.9111672087270133,-0.9111672099759072,0.7853981635915414,-0.7853981645915413,-0.8799469166013485,-0.04028319072069287,-0.3066314565411812,0.6141573617669729,7.74319300796571,7.11818302630834,14.184994051840059,-0.34102785596645097,-0.034215571181234083,-0.009105331956512225,-14.0,-0.039603291786808034,0.04012211952215032
2025-08-06 ,7.242850789572078,7.242850789572078,6.850815463604111,6.890019416809082,15106000,0.0,0.0,0.0,0.2324640929480362,1.0,0.16644696853906052,0.8335530314609395,0.16506976577575835,-0.018156412148741502,0.9978311033723545,-0.9978311047845531,0.7853981661887857,-0.7853981671887856,-0.49054101814933904,0.2841366846755288,0.38396302400506116,0.6684832656851811,7.495352236252799,7.032783886750032,7.032783886750032,-0.020508725258940184,0.16025956535375538,0.09723756826749473,-15.0,-0.03632439065521081,-0.03992376541635434
2025-08-07 ,6.841014623416368,6.948824440020019,6.703802426956886,6.782209396362305,12593100,0.0,0.0,0.0,0.2224640929480362,1.0,0.18605225578734177,0.8139477442126583,0.18539446230118914,-0.007885328860420813,0.7853981645979762,-0.7853981655979762,1.1071490941815914,-1.1071490957815922,-0.21453281140997496,0.39146000713204043,0.3944084571879636,0.6285532819114691,7.0581838903432015,6.877194713071611,6.877194713071611,-0.013907905063225878,0.003300410097857153,-0.07847957762794912,-16.0,-0.034197444019386763,0.0016394505657986135
2025-08-08 ,6.694001356866971,6.712623082298807,6.57639090214818,6.615594387054443,13573700,0.0,0.0,0.0,0.2124640929480362,1.0,0.2779238696659431,0.7220761303340568,0.27636292342141394,-0.012435994137642958,0.7853981650142863,-0.7853981660142862,1.076112922486444,-1.076112924035663,-0.3181805293965569,-0.19456565070267037,-0.22393547180566262,0.4457132069126429,7.112935612333467,6.897044728805503,6.897044728805503,-0.041663371723130865,-0.013877733329952494,-0.008589071713904824,-17.0,-0.03214401513457227,0.001063473317912022
2025-08-11 ,6.635196285024667,6.801811333452647,6.615594542112105,6.772408485412598,10992300,0.0,0.0,0.0,0.2024640929480362,1.0,0.303790365734735,0.696209634265265,0.303790365734735,0.011713031424623363,0.7853981662985056,0.6893078004336877,1.0303767242356654,1.080837467316672,0.33904288009869915,0.9999999984784474,0.9999999585904634,0.39241926853053005,7.333850410174046,6.976064984127798,6.976064984127798,-0.029628219737170766,0.00601757599298005,0.00994765466146627,-16.0,-0.030132834769360916,0.0010267144424072477
2025-08-12 ,6.703802461764739,6.796910621581514,6.566589797250412,6.615594387054443,13995600,0.0,0.0,0.0,0.19246409294803618,1.0,0.5035234157570708,0.4964765842429292,0.5008628573630592,-0.011713031424623363,1.4550307043982817,0.7853981688295233,0.7102673650460506,-0.7102673667466569,-0.3443841281570964,-0.999999998536786,-0.9999999573125044,-0.004386273120130069,7.25881486698581,6.949414611408797,6.949414611408797,-0.04922777949475091,-0.009799779878790073,-0.007908677935885062,-17.0,0.030457149905223555,0.001005590182605676
2025-08-13 ,6.537187538001161,6.738105518692852,6.5322869854617505,6.703802585601807,17462200,0.0,0.0,0.0,0.1824640929480362,1.0,0.6769855647854098,0.32301443521459017,0.6769855647854098,0.0066225369458128075,0.32175055919824025,1.1618852798649963,0.5191481915735339,-0.5191481930504677,0.21549832243635178,0.9999999982139108,0.9999999454611973,-0.35397112957081966,7.197829812532574,6.9276119096951,6.9276119096951,-0.03284023654627456,0.008193771474238176,0.008996775676514124,-16.0,-0.030142912661911526,0.030294992337292236
2025-08-14 ,6.792010192277136,6.894919458857506,6.6743997354259745,6.821413040161133,15511800,0.0,0.0,0.0,0.08800883727599175,1.0,0.24269430823958293,0.7573056917604171,0.24269430823958293,0.008695643589984682,1.2396991719574018,0.1973955608839162,1.3854478980163798,0.21720785484878408,0.33742580576190245,0.22051394917842854,0.1353363412835377,0.5146113835208341,7.114536840398507,6.897623631731198,6.897623631731198,-0.011110310051306947,0.010864963247483808,0.0013355958866228161,-15.0,0.030390910827464243,-0.030300031283567543
2025-08-15 ,6.885118783451705,7.125240248377909,6.880218230940784,6.988028049468994,16584200,0.0,0.0,0.0,0.07800883727599174,1.0,0.13155984148285543,0.8684401585171446,0.13155984148285543,0.012065297083817312,1.0425331915449836,0.12435499495805626,1.0819436212101143,0.13897923577288007,0.4200859814152253,0.10912064596675894,0.16230735323941298,0.7368803170342892,7.02389749067787,6.864709244091789,6.864709244091789,0.017804721262176103,0.014457515656741525,0.0017962762046288584,-14.0,0.032380477914329714,0.030266911744687885
2025-08-18 ,7.056633440066685,7.20854728627866,6.948824096140642,7.105638027191162,18105500,0.0,0.0,0.0,0.06800883727599175,1.0,0.1005660648626548,0.8994339351373452,0.1005660648626548,0.008344881813039136,1.1369838757865434,0.11065722238162844,0.9964852129360704,0.13411065020833535,0.3016297306275479,-0.16413145598321896,-0.18228233604894337,0.7988678702746903,6.959617896355633,6.8411859403761595,6.8411859403761595,0.03792745756144454,0.01006136814963422,-0.0021980737535536527,-13.0,0.03466330395535147,0.0009947835434327354
2025-08-19 ,7.223249075428019,7.81130183305236,7.174244951575734,7.781899452209473,27558900,0.0,0.0,0.0,0.058008837275991744,1.0,0.051023599478883984,0.948976400521116,0.051023599478883984,0.04542466650069092,1.4254860007246868,0.09065988726016766,0.8321732195275172,0.23845756459723405,0.9069976134666424,0.5008722376638906,0.6896056441035384,0.897952801042232,6.909895897139764,6.822885200020902,6.822885200020902,0.13151802166839333,0.04679528205347439,0.018366956951920088,-12.0,0.03717199499737242,0.0011414130205108786
2025-08-20 ,8.056324166116012,8.531666541750653,7.840704529833832,7.860306739807129,32472800,0.0,0.0,0.0,0.04800883727599174,1.0,0.02907074775622148,0.9709292522437786,0.02907074775622148,0.0050125466085259385,1.4961049645777582,0.04758310329542661,1.4505001893638239,0.051425230239731126,0.21664868101115078,-0.6143827779558902,-0.8012361627400055,0.9418585044875571,6.515523667130302,6.674350168949914,6.674350168949914,0.163553784519497,0.01601788142555184,-0.015388700313961275,-11.0,0.0407439112983828,0.0012543455210104748
2025-08-21 ,7.811301875284253,7.977917392778566,7.762297751167027,7.850505828857422,16306000,0.0,0.0,0.0,0.03800883727599175,1.0,0.024013026300506838,0.9759869736994932,0.02400638794451529,-0.0006238322115340549,0.4881186749657424,1.2946983626741302,1.310194763231419,0.7853981637477121,-0.01798405593764327,-0.9999999957380201,-0.9999998225811545,0.9519805857549779,6.717224965799861,6.751084280178715,6.751084280178715,0.1508748404307665,-0.00633947204436526,-0.01117867673495855,-12.0,0.04357395107899691,0.0017859581505051889
2025-08-22 ,7.909310386924056,8.01712067229242,7.50747442974878,7.7426958084106445,21156100,0.0,0.0,0.0,0.028008837275991738,1.0,0.020633852797628246,0.9793661472023718,0.020569987778089938,-0.006913911777367723,0.5880026039830112,1.346086348918658,0.5924262534073462,0.9960970198871764,-0.18875255439317068,-0.8260196264040944,-0.8344776289321125,0.9587961594242819,7.22523410261019,6.9374251495339365,6.9374251495339365,0.1098192328630935,-0.020527803783836493,-0.007094165869735616,-13.0,-0.04346624138539632,0.0014150198903070572
2025-08-25 ,7.860306286146766,8.193535424297021,7.745635420727847,7.811301231384277,16840200,0.0,0.0,0.0,0.018008837275991743,1.0,0.01758345633105092,0.982416543668949,0.01758345633105092,0.004410790538155932,0.7853981643761647,0.5685283626177667,1.4970139247004859,0.44202187076442095,0.13365656303174486,0.9999999968983506,0.999999911697466,0.9648330873378981,7.55689663573348,7.054172775578027,7.054172775578027,0.10195223611502238,-0.00393349837403556,0.008297152704900466,-12.0,-0.03987619370867348,-0.04352009623219662
2025-08-26 ,7.909310177227524,7.938713491376509,7.566279456976755,7.634885787963867,17573300,0.0,0.0,0.0,0.008008837275991748,1.0,0.011673651963358476,0.9883263480366415,0.01161353392915981,-0.011421294018998301,0.1973955604122479,1.1071465464960277,0.276854845752905,1.0475182563373542,-0.34457860924811884,-0.9999999979089785,-0.9999999368371276,0.9767128141074818,8.01022564041791,7.208080736669556,7.208080736669556,0.05752525832529263,-0.022213488894864877,-0.009139995260414658,-13.0,0.04007754322038643,0.0017950238383614217
2025-08-27 ,7.566279767375221,7.870107015909652,7.566279767375221,7.83090353012085,15385400,0.0,0.0,0.0,0.0,1.0,0.0,1.0,0.0,0.012674279865416999,0.41090802735769316,1.2539715868840782,0.3217505557692964,1.5707859370085426,0.41615265906811655,0.9999999986854754,0.9999999584986038,1.0,7.904713974041685,7.172813992541821,7.172813992541821,0.0877798515243907,0.015127296599549037,0.018670392747206957,-12.0,-0.039794004362957144,0.039976868464529955
2025-08-28 ,7.7917000108541234,7.992617991494075,7.756417060732764,7.762297630310059,12617000,0.0,0.0,0.0,0.0439045001175662,1.0,0.06999455151480335,0.9300054484851966,0.06985724442537866,-0.0043997315948751045,0.5404195020252175,0.31694206416765164,1.5415354902127412,0.20827460094136163,-0.13765525263638687,-0.9999999981943198,-0.999999941431459,0.860148204059818,8.558570845835936,7.386315004072552,7.386315004072552,0.04964941242459019,-0.019065219549900255,-0.017096258074724646,-13.0,0.0402197789105077,-0.03993577379167179
2025-08-29 ,7.821102698661576,7.953414343086592,7.758376936015878,7.840704441070557,11870200,0.0,0.0,0.0,0.0339045001175662,1.0,0.07952483149558884,0.9204751685044111,0.07952483149558884,0.005025110578195309,0.34038033371803267,0.321750557697766,1.5237665611191147,1.4305676942201901,0.18550257751680593,0.9999999969055368,0.9999998938974388,0.8409503370088223,8.131712427421187,7.2482871413964265,7.2482871413964265,0.0785634979086786,0.014457042742044204,0.01676113114597223,-12.0,-0.03992153269805109,0.04000689163673242
2025-09-02 ,8.124929562719727,8.154331941297887,7.760337077359309,7.811301231384277,15310100,0.0,0.0,0.0,0.15171394980381137,1.0,0.2579940293253012,0.7420059706746989,0.25777881776739076,-0.0018785585886941316,1.3041312470824296,0.14189705516096698,1.5610380389126501,1.5026105633586821,-0.07101499224649915,-0.9999999961016315,-0.9999998551495108,0.4842271529073081,8.90110213499179,7.493640050913485,7.493640050913485,0.04151689332512582,-0.01852330229177639,-0.016490172516910297,-13.0,0.040088253825090396,-0.0400706558042794
2025-09-03 ,7.772098230550553,8.007319610480398,7.6201848413401025,7.92891263961792,16068900,0.0,0.0,0.0,0.12819209467577575,-1.0,0.2399939917036099,0.2399939917036099,0.7600060082963901,0.007472033683755412,0.24497866449207603,0.9380408932770471,0.2564621417945243,1.2193482203217594,0.20902495163309254,0.9999999964290808,0.9999998930549142,-0.5200120165927802,8.483642311651593,7.362439718760065,7.362439718760065,0.07412454505911334,0.01630382586699376,0.017413564079385074,-12.0,-0.03996663309434617,0.040004893261570744
2025-09-04 ,7.938713710330682,8.023981267407926,7.821102787202944,7.860306739807129,12142600,0.0,0.0,0.0,0.11819209467577575,-1.0,0.22127255710106253,0.22084391716182594,0.7787274428989375,-0.004345110303565194,0.299029287343259,0.8784569125259531,1.4735431683876852,0.09966865288493988,-0.12105293002218195,-0.9999999969704119,-0.9999999153771914,-0.5578835257371115,8.536371054051644,7.379256503727152,7.379256503727152,0.06315274231552817,-0.005485901371792584,-0.010894863619393172,-13.0,0.04013069831083618,-0.04002744345971829
2025-09-05 ,7.772097681308384,8.281743423241025,7.732894198647594,8.026920318603516,17520800,0.0,0.0,0.0,0.10819209467577576,-1.0,0.1635412156016427,0.1635412156016427,0.8364587843983573,0.010487266165695168,0.8008376798578245,0.09065988746037629,0.25965628265522334,0.39406223326678946,0.27346763599235874,0.9999999974652778,0.9999999325799251,-0.6729175687967146,8.579372037985628,7.392917230443105,7.392917230443105,0.08227852158158734,0.009562889633029585,0.007524395502411085,-12.0,-0.03992251367319623,0.04004866570259118
2025-09-08 ,7.928912871125953,7.93871397644114,7.752496714191975,7.870107173919678,12159000,0.0,0.0,0.0,0.09819209467577575,-1.0,0.14842539627198334,0.1477668565178797,0.8515746037280166,-0.009864306063356271,0.14189705487229215,1.3733977639680903,0.9600691038241086,1.1902752931100402,-0.2578043001571296,-0.9999999981177249,-0.9999999508637495,-0.703807747210137,8.498331415191906,7.367131829707419,14.666892210110236,-0.27823891226053066,-0.180258716921059,-0.09491080327704429,-13.0,0.04018252184386794,-0.040026605992016205
2025-09-09 ,7.811301629691434,7.858345718220749,7.536877234704287,7.556478977203369,18121000,0.0,0.0,0.0,0.18601696394330758,-1.0,0.24973205497316361,0.24741046992915647,0.7502679450268364,-0.020330369509100797,0.18933974835538644,1.3559825418456795,0.07130746504381417,1.3989534566147306,-0.663513689994077,-0.4403576113063904,-0.3466194917050856,-0.5028574750976799,8.420507197781994,7.3422077812136095,14.618628998206425,-0.31556279164809303,-0.018661939693781188,0.0807983886136389,-14.0,-0.03982252639444961,0.04005251775853208
2025-09-10 ,7.389863613856843,7.512374616032643,7.272253163930248,7.360461235046387,17690400,0.0,0.0,0.0,0.1760169639433076,-1.0,0.17436222124964543,0.17332628272105832,0.8256377787503546,-0.01314061324694545,0.062418810113648554,0.8501641409322861,0.08153173581531478,1.2773498835316444,-0.4013288087374095,0.24621939988569272,0.21480564522865503,-0.6523114960292963,8.020432714935437,7.211475133371956,14.365537908851415,-0.3241302331026851,-0.00428372072729602,0.007189109483242584,-15.0,-0.03669272948976978,-0.04000252411915878
2025-09-11 ,7.340859420947653,7.517275572670155,7.340859420947653,7.458470344543457,15377000,0.0,0.0,0.0,0.1660169639433076,-1.0,0.24910236405024086,0.24910236405024086,0.7508976359497591,0.006613777043957645,0.7853981643634225,1.5420655308486777,1.0491769530663573,1.1883087781646409,0.22123189250789294,0.999999998393731,0.999999949378344,-0.5017952718995182,7.908318214911817,7.17402410501407,14.293054118762464,-0.30576987068716177,0.00918018120776165,0.006731950967528835,-14.0,-0.03427788615466096,0.0015648984523399141
2025-09-12 ,7.419267019007892,7.4878728862962625,7.144842147827148,7.144842147827148,14623700,0.0,0.0,0.0,0.15601696394330758,-1.0,0.21866318602616344,0.2165119988328461,0.7813368139738366,-0.021476510680721334,0.4856222082900221,0.785398164687474,0.07900217496279435,0.9588936852526618,-0.6212134347377878,-0.9999999988129794,-0.9999999644005083,-0.5648248151409905,7.87090176295232,7.161442815125248,7.161442815125248,-0.0023207527030075273,0.15172455899207712,0.07127218889215774,-15.0,0.03458262976739318,0.0012074216675544112
2025-09-15 ,7.223249199767012,7.316357831171208,7.154643331724366,7.1644439697265625,10705700,0.0,0.0,0.0,0.1460169639433076,-1.0,0.3920619208785004,0.3920619208785004,0.6079380791214997,0.0013698672133872429,0.05708070424478927,1.0459956093503346,0.10487693918520376,0.7853809595894449,0.052930970098945436,0.9999999985166383,0.9999999562293874,-0.21587615824299927,7.635139995724789,7.081189755517412,14.113417982454807,-0.33315350189062576,-0.16541637459380912,-0.15857046679294312,-14.0,-0.03414352058935276,0.03443025796102707
2025-09-16 ,7.174245037984126,7.252652010966069,7.164443932690172,7.213448524475098,10820200,0.0,0.0,0.0,0.1360169639433076,-1.0,0.3652114844435447,0.3652114844435447,0.6347885155564553,0.003408326691015237,0.13758625229529584,1.3258131153226587,0.14888994829435345,0.7328282609810348,0.15207836982580167,0.4836238157716449,0.42661706322398457,-0.26957703111291065,7.678841451179844,7.096195337882238,14.142450328279246,-0.3284227198768746,0.002365391006875578,0.08389088280034235,-13.0,0.03450362341842392,-0.03436307517837297
2025-09-17 ,7.252652042959171,7.58588167960238,7.233050299627218,7.282054424285889,18774500,0.0,0.0,0.0,0.12601696394330758,-1.0,0.28572713977832254,0.28572713977832254,0.7142728602216775,0.004732909237664993,0.8853876222897745,0.16514867773910252,1.1189842240396348,0.6805193797696091,0.20675818741515495,0.15238084396249307,0.16270040514156653,-0.4285457204433549,7.816893438620325,7.143208521116211,14.233419342841811,-0.3254643377094803,0.0014791910836971511,-0.0004430999615892134,-12.0,0.03709260963256093,0.03432357200388834
2025-09-18 ,7.203646888909922,7.2379502875712145,6.855715621407473,6.909620761871338,23561800,0.0,0.0,0.0,0.2987283112826986,-1.0,0.4091237985249616,0.4041692288787366,0.5908762014750384,-0.026243107845212537,0.04515714994566557,1.4859934320686665,0.04164257916722623,1.1228559070019144,-0.7846804403254056,-0.9999999989913647,-0.999999967716961,-0.1867069725963018,7.776959188692366,7.1296691614145855,7.1296691614145855,-0.03135007866031519,0.14705712952458255,0.0727889692204427,-13.0,0.04008316205444603,0.0012944931070685076
2025-09-19 ,6.919422038158499,6.919422038158499,6.625395883964543,6.713603496551514,16928400,0.0,0.0,0.0,0.2887283112826986,-1.0,0.3006065395178077,0.2986470870773503,0.6993934604821923,-0.014388463523870448,0.038442590103352554,1.4909650222586264,0.05314156762393547,1.2864096962076808,-0.5405387448258137,0.1842274078514082,0.29175942820176015,-0.400746373404842,7.505476739136127,7.036310946570171,7.036310946570171,-0.04694817895990067,-0.0077990501497927425,-0.07742808983718764,-14.0,-0.03951559213452962,0.0014952762109425484
2025-09-22 ,6.772408168384328,6.860616241032888,6.733204684394389,6.811611652374268,11960600,0.0,0.0,0.0,0.2787283112826986,-1.0,0.29019514140508573,0.29019514140508573,0.7098048585949143,0.007246328782469538,0.07700719382815419,0.7853990431177835,0.07393903818560334,0.042063039183063713,0.2646360493702801,0.9999999987580337,0.999999953778158,-0.41960971718982853,7.431014072947309,7.010292139637824,7.010292139637824,-0.02875062304171846,0.009098777959091106,0.008448914054441925,-13.0,-0.03679561742999049,-0.039799377094487824
2025-09-23 ,6.6955557614482535,6.908821762984862,6.580491221709314,6.705475330352783,20506700,0.083,0.0,0.0,0.26872831128269864,-1.0,0.40873770738929205,0.40729878526606567,0.591262292610708,-0.007852011469417322,0.7997092462813152,0.11266254706108322,0.035699112877221946,1.2650429075832292,-0.284586264243609,-0.9999999981792438,-0.9999999337675588,-0.18396350734464229,7.468314615042695,7.023348441919441,7.023348441919441,-0.046315684199174915,-0.008782530578728227,-0.008940654268909666,-14.0,0.03715444238949057,0.0013599873522695642
2025-09-24 ,6.655878208867147,6.898901962994869,6.616200880560215,6.804668426513672,18361900,0.0,0.0,0.0,0.25872831128269863,-1.0,0.7633661464993668,0.7633661464993668,0.23663385350063315,0.007342119961564016,1.4028302274088227,1.2545598557017201,0.7853981671708137,1.0227636238719064,0.2642591867603236,0.9999999981779936,0.9999999341851202,0.5267322929987337,7.467716653445865,7.023139498225064,7.023139498225064,-0.03160143009645621,0.007357127051359352,0.00806982881504379,-13.0,-0.03690665167972313,0.036975029909740526
2025-09-25 ,6.973297529516159,7.003055290194784,6.626120186330974,6.834426403045654,24755000,0.0,0.0,0.0,0.08423352720992196,1.0,0.19933906711904564,0.8006609328809544,0.19933906711904564,0.0021818146221470247,0.785398165026059,0.4237318804571179,0.921050116362396,1.3627092731456285,0.0881397405922119,-0.49977293345206764,-0.5418248888876102,0.6013218657619088,7.520998087195784,7.041711633700202,7.041711633700202,-0.0298787243005505,0.0008613528979528554,-0.0032478870767032484,-12.0,0.03715597552068294,-0.03703054703460685
2025-09-26 ,6.844345860624392,6.988176296208198,6.789789178615695,6.884023189544678,18839000,0.0,0.0,0.0,0.07423352720992195,1.0,0.17567401666683505,0.824325983333165,0.17567401666683505,0.0036153346749775474,1.0714497531417808,0.548547722640009,1.1878754801655154,0.1651486782432581,0.16188210579405887,0.2949436858128595,0.24728012546812161,0.64865196666633,7.519509010848117,7.041193845030222,7.041193845030222,-0.02257448909434225,0.0036521176031041255,0.001395382352575635,-11.0,0.0400384976852723,0.037031313600203036
2025-09-29 ,6.814587738262879,6.903861966280907,6.745152648018704,6.834426403045654,11313400,0.0,0.0,0.0,0.06423352720992195,1.0,0.16604057136274705,0.8339594286372529,0.16577326133524745,-0.0036153346749775474,0.43984409540906927,1.5291510853173602,0.7266494912684673,0.5880026069634459,-0.16543435015101243,-0.9999999969448525,-0.9999998617002364,0.6681861673020055,7.584921824257285,7.063872126567503,7.063872126567503,-0.03302081490466616,-0.005223162905161954,-0.00443764025413304,-12.0,0.04354743699252357,0.0014412610822946807
2025-09-30 ,6.834426415174122,6.864184648896634,6.691587839288226,6.705475330352783,17571400,0.0,0.0,0.0,0.05423352720992195,1.0,0.14388027714584278,0.8561197228541573,0.14326427498325303,-0.009523782020868855,0.2683665239685837,1.5163437819862395,0.20095293219977536,0.4636476147106937,-0.4582103079111244,-0.46945957686930373,-0.44968372174328824,0.7128554478709043,7.667368297600859,7.092261648961205,7.092261648961205,-0.056079874922680045,-0.011529530009006944,-0.003153183551922495,-13.0,-0.04340826487345528,0.0017544696536256343
2025-10-01 ,6.755071497455311,6.804668394098242,6.5666039523996576,6.606281280517578,15256500,0.0,0.0,0.0,0.04423352720992195,1.0,0.10492511631647948,0.8950748836835205,0.10457479793419606,-0.007451612340493317,0.061686221725276685,1.081432193300116,0.02940328840973983,1.3028288785983761,-0.3410346559956383,0.14660793256189658,0.12206900848342059,0.7905000857493244,7.705413559372836,7.105290088011348,7.105290088011348,-0.07281868381569595,-0.008369404446507953,0.0015800627812494958,-14.0,-0.039828745905766495,-0.04347785093298943
2025-10-02 ,6.556684824850763,6.6856359041088345,6.502128144211716,6.536846160888672,15168500,0.0,0.0,0.0,0.034233527209921955,1.0,0.08521445128417869,0.9147855487158213,0.08501344277763231,-0.00528299827711912,0.7853981670979822,-0.7853981680979821,1.0743743808387178,-1.0743743823850278,-0.24020300581438322,0.17347748887052433,0.1702929094731813,0.829772105938189,8.143676774959387,7.25222401446346,7.25222401446346,-0.10385337168226665,-0.015517343933285348,-0.0035739697433886976,-15.0,-0.0369133797529953,0.0017897594838443935
2025-10-03 ,6.566604215490895,7.112168208456937,6.556685119559537,7.032813549041748,26684600,0.0,0.0,0.0,0.2974998143586942,1.0,0.4876725838109986,0.5123274161890015,0.4876725838109986,0.036549729230875405,1.2840299290641664,0.09065988732196947,1.4435867409318777,0.6178957498042342,0.9229706139064909,0.999999999140283,0.9999999760952719,0.024654832378002867,8.079825515879543,7.231166735794991,7.231166735794991,-0.02781355129364892,0.038019910194308865,0.026768627063797106,-14.0,-0.03440141880439753,0.001457683076385597
2025-10-06 ,6.784829948113352,6.841369882353579,6.63603972639329,6.764991283416748,23111200,0.0,0.0,0.0,0.2874998143586942,1.0,0.47128021782373736,0.5287197821762626,0.46710327539855373,-0.019410498182650362,0.24497866376046065,0.7156642861164368,1.3684756255298538,0.7063068240799306,-0.5789267772083403,-0.9999999993341755,-0.9999999821301658,0.06161650677770886,8.039081058885582,7.217668911995125,7.217668911995125,-0.06477106225830352,-0.018478755482327303,-0.028249332838318084,-15.0,0.035007061675239586,0.0012559804742988852
2025-10-07 ,6.745152844856632,6.779870390991851,6.521967268298532,6.665797710418701,23700500,0.0,0.0,0.0,0.02471785126100535,-1.0,0.04051840642890859,0.04038433951788229,0.9594815935710914,-0.00738553580460354,0.5537552654961285,0.8803461366912873,0.32175055672654956,1.3986018052220406,-0.2532732250938513,0.39131645136059495,0.4487590191521525,-0.9190972540532091,7.812341809389476,1.9460079151480367,7.141667777829077,0.581126441676453,0.32294875196737827,0.17071375372485278,-16.0,-0.0341771389660024,0.03470424023981856
2025-10-08 ,6.645958683849363,6.710434461018437,6.606281355282405,6.616200923919678,14157500,0.0,0.0,0.0,0.01471785126100535,-1.0,0.024937017648693015,0.024895544165516134,0.975062982351307,-0.0037341357926960832,0.2947269076543336,1.2847416558520126,0.9561261271253845,0.24497866568225576,-0.15350172672840293,0.2452744390312667,0.3283729786067791,-0.9501674381857909,8.288499071486656,1.9909783605570928,7.2995604415308035,0.5513011820329984,-0.014912629821727308,-0.1689306908945528,-17.0,-0.032151329344517914,-0.03459210032062099
2025-10-09 ,6.61620103546103,6.75507168778658,6.4842738921022045,6.566604137420654,19899800,0.0,0.0,0.0,0.004717851261005351,-1.0,0.013211717268749682,0.013189578137002616,0.9867882827312503,-0.0037622331717905868,1.3702723276297597,0.9391019583971738,0.46364761187929404,-0.46364761267929405,-0.15278580517464763,0.002337416567268218,-0.0037481313259100303,-0.9735987045942477,8.647293414767963,2.0236660704210196,7.414397772466697,0.5278295709771226,-0.011735805527937904,0.0015884121468947021,-18.0,-0.030252632447414624,0.0010129048107422427
2025-10-10 ,6.571564145767069,6.92370080947876,6.50708836531382,6.92370080947876,17142200,0.0,0.0,0.0,0.0,-1.0,0.0,0.0,1.0,0.02647061526508931,0.7853981655504271,0.21991377582220178,0.649872286444825,1.0265158677529906,0.768442458182022,0.9999999989144928,0.9999999669233957,-1.0,9.623731208403505,2.108006515992179,7.710956712745879,0.5407579312903779,0.006464180156627641,0.009099992842282772,-17.0,-0.0285235508726812,0.0009493484485516446
2025-10-13 ,6.764991456094784,6.993136342424712,6.764991456094784,6.854265213012695,14996300,0.0,0.0,0.0,0.0,-1.0,0.0,0.0,1.0,-0.00503961153284282,0.8685407620013093,0.3256412124778033,1.4749396824209868,0.09065988746018512,-0.19714121341765667,-0.999999998964357,-0.9999999682642726,-1.0,9.108619912105503,2.0643105625914036,7.5572673254204075,0.551218136022538,0.005230102366080069,-0.000617038895273786,-18.0,0.028891669908512732,0.0008645407873667122
2025-10-14 ,6.893942218974206,7.092329334658648,6.646951014367826,6.745152473449707,23982400,0.0,0.0,0.0,0.0,-1.0,0.0,0.0,1.0,-0.008023339092791085,1.429890917549962,0.19876954275126799,0.16767788289893332,0.27829966062960576,-0.3512390235224498,-0.28100540362948584,-0.22841143758759608,-1.0,10.341714868796702,2.1662355045660435,7.915906182723976,0.48789157150470536,-0.03166328225891632,-0.018446692312498195,-19.0,-0.028507162830859287,0.028707610390596966
2025-10-15 ,6.665797413369749,6.885015057890041,6.5864427554592035,6.755071640014648,18966100,0.0,0.0,0.0,0.0,-1.0,0.0,0.0,1.0,0.0007347408814531156,0.24497866402653345,1.0109078978834634,0.7082865054028039,1.098891515555401,0.02676288927032044,0.9999999973545107,0.9999998858197358,-1.0,10.413760283883523,2.171919174545702,7.935919577854301,0.48678836432769207,-0.0005516035885066439,0.015555839335204838,-18.0,-0.026929778249630085,-0.02869941636968601
2025-10-16 ,6.685636038242338,6.883031292565201,6.566604052081653,6.814587593078613,23304300,0.0,0.0,0.0,0.0,-1.0,0.0,0.0,1.0,0.004385957822641499,1.4934357225772108,0.7853981668049315,0.9113650726311426,1.0441720400709875,0.1502522172311748,0.6976202749237731,0.7130308653461551,-1.0,10.436745446157193,2.173726642838784,7.94228436291373,0.49474355945541937,0.00397759756386365,0.0022646005761851468,-17.0,0.027035807475861224,0.0007886922906146007
2025-10-17 ,6.854264921798841,6.978256692297322,6.690595822580133,6.814587593078613,20751000,0.0,0.0,0.0,0.0,-1.0,0.0,0.0,1.0,0.0,0.6839502948915672,0.31470377035206953,1.0303734419401567,0.2449786647892292,0.0,-0.9999999933445243,-0.9999997719996834,-1.0,10.085072952372196,2.145759210760657,7.843817222669786,0.5074560283872135,0.006356234465897059,0.0011893184510167049,-16.0,0.028626507003570615,0.026982792862745655
2025-10-20 ,6.774910345339675,6.84434590792558,6.626120124364778,6.695555686950684,12130500,0.0,0.0,0.0,0.0,-1.0,0.0,0.0,1.0,-0.008810558382743633,0.1418970555096361,0.9827918447167028,0.288428987448402,0.5713361973025123,-0.27234203889490277,-0.9999999963281466,-0.9999998864998286,-1.0,9.888186787304377,2.1297999185105034,7.787644460368465,0.4971607387065785,-0.005147644840317489,-0.005751939653107274,-17.0,0.03030303030211203,0.0007953497638546955
2025-10-21 ,6.675716947856189,6.794748934111346,6.6558782834803285,6.685636043548584,13119000,0.0,0.0,0.0,0.0,-1.0,0.0,0.0,1.0,-0.0007413124034005226,0.12435499690522549,0.8960594844245405,0.34302707175651753,0.2053955617850618,-0.023906918081537488,0.8386025136099298,0.8447816469907264,-1.0,9.67518922849556,2.1122799551158655,7.725992503362063,0.5037822481639166,0.003310754728669041,0.004229199784493265,-18.0,-0.030183144785361594,0.0008382616492707082
2025-10-22 ,6.675717185105745,7.141926051002663,6.670757400587745,6.91378116607666,22721800,0.0,0.0,0.0,0.28758014307708346,1.0,0.5575355540243249,0.44246444597567514,0.5575355540243249,0.01677609554963886,1.3009564729684717,0.041642579176801565,1.142023447648424,0.771311291754474,0.46223014639176196,0.9999999979429669,0.9999999429139319,-0.11507110804864973,9.294181011928393,2.0802481582875356,7.613312729360264,0.5523238985159897,0.02427082517603657,0.010480035223683765,-17.0,-0.02856204080949608,-0.030243087543736814
2025-10-23 ,6.913781147184729,6.928660500698067,6.675717166864324,6.715394496917725,16868900,0.0,0.0,0.0,0.27758014307708345,1.0,0.5381484173444853,0.46185158265551474,0.5345987994870698,-0.01455602848362945,0.2449786639948618,0.6724761764629019,1.5011433210400504,1.4780381005025653,-0.44858874644009217,-0.9999999989020869,-0.9999999680838756,-0.07274721683155505,9.091121802311225,2.0627958536583155,7.5519414398244376,0.531469103014736,-0.010427397750626843,-0.017349111463331707,-18.0,0.02877778672107826,0.0008105519879327561
2025-10-24 ,6.626120131274461,6.636039700078966,6.517007712371352,6.566604137420654,14629000,0.0,0.0,0.0,0.14374968821639356,-1.0,0.23002955639169168,0.22886803622184368,0.7699704436083084,-0.01120240737808825,0.09966865273050779,-0.0996686529285276,0.18232753040049737,1.5369110032305284,-0.5174550521133906,-0.07128693927245254,0.13019505506273038,-0.5411024073864646,9.099734784051112,2.0635416867893452,7.554563857727654,0.5087090062656795,-0.011380048374528273,-0.0004763253119507149,-19.0,-0.028382971912036096,0.028669913765287172
2025-10-27 ,6.427733346514224,6.4674106748946585,6.287870834921852,6.417813777923584,22953600,0.0,0.0,0.0,0.13374968821639358,-1.0,0.1566054345176415,0.15579621200664043,0.8433945654823585,-0.01145914745406018,0.9363600850921675,-0.9363600863895251,0.7853981650795502,-0.7853981660795502,-0.360156945657319,0.1792342250064978,-0.011329322570505522,-0.6875983534757181,8.827111338754909,2.039687274697698,7.470703694246567,0.49718467827037977,-0.005762163997649866,0.0028089421884392035,-20.0,-0.02689055570799222,-0.02858037931655718
2025-10-28 ,6.397975444793701,6.49716924386859,6.321596843854274,6.397975444793701,22278900,0.0,0.0,0.0,0.12374968821639357,-1.0,0.19312060544311457,0.19298793120518004,0.8068793945568854,-0.0015479603156017389,0.9529525603964971,1.2751481834709764,0.7853981654561596,1.23842149939237,-0.048841490261874926,0.7611653915854715,0.7619823370413819,-0.6138914633517054,8.474394910213043,2.0080369550714563,7.359482930616418,0.5094079626392658,0.006111642184443017,0.0059369030910464415,-21.0,-0.025508531547319063,0.0007462081020219377
2025-10-29 ,6.338459097169151,6.363257545560817,6.050798231004379,6.090475559234619,30911500,0.0,0.0,0.0,0.11374968821639356,-1.0,0.19436368443996327,0.19216073588433344,0.8056363155600368,-0.024622740278990064,1.11155309697945,-1.1115530985864739,0.785398164743839,-0.7853981657438389,-0.5912576687387735,-0.8473939857636263,-0.8817027652081267,-0.6134755796757033,8.401573482659348,2.0013865141176264,7.336119752213925,0.46340103913762504,-0.02300346175082038,-0.014557551967631699,-22.0,-0.0243734877568848,0.0006910120803365789
2025-10-30 ,6.110314293125689,6.234306063508863,6.065677180109176,6.229346752166748,20210900,0.0,0.0,0.0,0.10374968821639356,-1.0,0.232429268985607,0.232429268985607,0.767570731014393,0.011272174989375513,0.78153829053893,-0.7815382925234906,0.7853981648511865,1.4550378872004315,0.35352385480497284,0.9999999989415542,0.9999999721409017,-0.535141462028786,8.223430461302527,1.9849432040705963,7.278364276238704,0.4940232467099042,0.01531110378613959,0.019157282768479986,-21.0,-0.022992228902393545,0.000567521895217131
2025-10-31 ,6.080556503277025,6.120233831765695,5.911927620704644,6.030959606170654,20129500,0.0,0.0,0.0,0.09374968821639357,-1.0,0.16018971396730455,0.1590121235775583,0.8398102860326955,-0.016181255198503594,0.932476613577392,-0.9324766148673249,0.7853981661494901,-0.7853981671494901,-0.44324970564284516,-0.9999999987449383,-0.9999999635746806,-0.6807981624551371,7.707674612500702,1.9358625679377481,7.106062957439955,0.48615545873795496,-0.003933893985974629,-0.00962249888605711,-22.0,0.023369724041768635,0.0006906294272456277
2025-11-03 ,5.911927593625583,5.9962420345255785,5.822653368439455,5.832572937011719,26130400,0.0,0.0,0.0,0.08374968821639356,-1.0,0.15491868498380526,0.15374075727599734,0.8450813150161948,-0.016722394315253308,0.7853981669299731,-0.7853981679299731,0.9467724364201675,-0.9467724377373419,-0.47972269873732504,-0.03951688358381282,-0.01644617263739369,-0.6913405577401974,7.61851332160108,1.9271425194484801,7.075464936536596,0.45712247875173934,-0.014516489993107812,-0.005291298003566591,-23.0,-0.02308485526777849,0.02318097647208109
2025-11-04 ,6.2690241116325724,6.437652522869201,6.159911220722108,6.298781871795654,35925700,0.0,0.0,0.0,0.30741869110350595,1.0,0.49986847768686404,0.500131522313136,0.49986847768686404,0.03843007991535022,1.4367715668017869,0.19739556009323944,1.219680853251912,0.25602002168542787,0.8968174028350266,0.9999999992735409,0.9999999818684475,0.0002630446262719133,7.552357987931648,1.9206253658559562,7.0525996077724,0.5373326950497954,0.04010510814902804,0.027310799071067926,-22.0,-0.022053255055801108,-0.023227289654773563
2025-11-05 ,6.348378948232829,6.613225102306107,6.3196125765415765,6.38805627822876,26246800,0.0,0.0,0.0,0.29741869110350594,1.0,0.3762070895816678,0.6237929104183322,0.3762070895816678,0.007036773495288397,1.4415764229607628,0.12435499512468763,1.5557285425737781,0.1365671793917411,0.3427385384244027,-0.4469978687695723,-0.690465765160042,0.24758582083666436,7.481472432173104,1.9135969080059845,7.027943170240347,0.5549906637693593,0.008828984359781966,-0.015638061894623037,-21.0,0.02257630117956507,0.0005158001059886921
2025-11-06 ,6.397975304833519,6.849305756376044,6.288862885023794,6.834426403045654,30351700,0.0,0.0,0.0,0.28741869110350593,1.0,0.2799571641587204,0.7200428358412796,0.2799571641587204,0.033758420077119156,1.2465272570389616,0.09966865281154227,0.6547644514023334,0.350992557858807,0.8059881681437494,0.40327227239283353,0.6550194664325575,0.4400856716825592,7.144013962127421,6.908264406160792,6.908264406160792,-0.010745888803068787,-0.2828682762862141,-0.14584863032299802,-20.0,0.023327426564084205,0.02231477811768309
2025-11-07 ,6.893942558416549,7.078442665495934,6.6955559059550565,6.725314140319824,25786900,0.0,0.0,0.0,0.277418691103506,1.0,0.30202416333369636,0.6979758366663036,0.3009342025114961,-0.00804678101154499,1.3284990741744105,0.09314499880320222,1.401694726742743,0.05258306168751157,-0.3118105201289875,-0.9999999991053845,-0.999999976079532,0.3970416341548075,6.547509531549559,6.686629089598266,6.686629089598266,0.00576876256339955,0.008257325683234168,0.14556280098472413,-21.0,0.024734468419912028,0.0003755626922595668
2025-11-10 ,6.477330527190359,6.517007857308648,6.095435633562969,6.130153179168701,34246600,0.0,0.0,0.0,0.1834272514608244,-1.0,0.18659810713676878,0.18248960231910544,0.8134018928632312,-0.04629633029745063,0.2106106588217814,1.4069869386744576,0.19739555997802166,1.144168387227979,-0.785638046302462,-0.4317537424851315,-0.703852754483737,-0.6309122905441258,6.526797805003029,6.678682979526916,6.678682979526916,-0.08570107127570369,-0.045734916919551616,-0.02699612130139289,-22.0,-0.02430222309662548,0.0007035209279139115
2025-11-11 ,6.229346677311817,6.338459093384293,6.159911116454827,6.219427108764648,21429200,0.0,0.0,0.0,0.1734272514608244,-1.0,0.1764252399291597,0.1764252399291597,0.8235747600708403,0.007228903939608047,0.4636464867075076,1.0022723698861051,0.3217505546567148,0.9453133359701547,0.17155313255353968,0.9999999989552767,0.9999999813172237,-0.6471495201416806,6.247305077455684,6.569677311155867,6.569677311155867,-0.05478691797995083,0.015457076647876426,0.03059599678371402,-21.0,-0.022743768975820314,-0.024518345758268754
2025-11-12 ,6.239265941496105,6.563628557692666,6.239265941496105,6.437652587890625,22936700,0.0,0.0,0.0,0.03662070038401822,1.0,0.03725375220562567,0.9627462477943743,0.03725375220562567,0.017241376712168785,0.7853981638686727,0.6512088185189153,0.8455909350683943,1.1376554438984865,0.39659685659008753,0.3960991427275344,0.40916867713427874,0.9254924955887487,6.257904379242665,6.57387315265352,6.57387315265352,-0.020939211066890763,0.016923853456530035,0.0007333884043268044,-20.0,0.023329358447550692,0.0007792270604025826
2025-11-13 ,6.546765665870808,6.913781208621665,6.497169239358877,6.854265213012695,30151300,0.0,0.0,0.0,0.02662070038401822,1.0,0.03252990080884699,0.967470099191153,0.03252990080884699,0.03134330435700989,1.131225611016249,0.24497866356354592,1.0553190252837283,0.3272206900933468,0.683842373109421,0.26585994691562814,0.2902546038021135,0.934940198382306,6.200075155516662,6.550919670463353,6.550919670463353,0.045265669841273753,0.033102440454082255,0.00808929349877611,-19.0,0.024571146278606265,0.023036563711685505
2025-11-14 ,7.082410070204341,7.166724515217936,6.665797629664483,6.784830093383789,30137700,0.0,0.0,0.0,0.016620700384018222,1.0,0.01650822327596861,0.9834917767240314,0.016470710402867152,-0.005090888953341536,1.2963157804546048,0.024385409244711203,0.8033562673656468,0.03656916016842618,-0.11397510608729221,-0.9999999987465805,-0.9999999725532561,0.9670210663211642,6.090553994165388,6.507031978226254,6.507031978226254,0.04180581653216425,-0.0017299266545547504,-0.017416183554318503,-20.0,0.025978444858883308,0.0006208939155277864
2025-11-17 ,6.933619760333578,7.042732653659582,6.784830010242122,6.903861999511719,36933500,0.0,0.0,0.0,0.00662070038401822,1.0,0.007138540277275972,0.992861459722724,0.007138540277275972,0.008695637634344028,0.02888083615898109,0.05549850561983198,1.5323576278255775,0.03008344405196671,0.34288071837979883,0.9999999978111256,0.9999999274654192,0.985722919445448,6.079451685653443,6.502552059541856,6.502552059541856,0.05988624070847076,0.009040212088153254,0.005385069371354002,-19.0,-0.025582759616759,0.0007036492901385215
2025-11-18 ,7.032813289051506,7.132006609653496,6.844345743412194,7.062571048736572,33850100,0.0,0.0,0.0,0.0,1.0,0.0,1.0,0.0,0.011363606489687018,0.11903502728553068,0.02325162304757828,1.4441189039303475,0.03486972092417944,0.4205970651483649,0.10179254503992609,0.1330044495117493,1.0,6.195841746465758,6.5492334375921,6.5492334375921,0.07546114605041213,0.007787452670970682,-0.0006263797085912862,-18.0,0.025738328533060812,-0.025780602237821155
2025-11-19 ,7.042732563244473,7.270877442911133,6.96337790475017,7.151845455169678,29680500,0.0,0.0,0.0,0.0,1.0,0.0,1.0,0.0,0.006280553718724371,0.7853981644847285,0.050364602794621474,0.8627765471291904,0.05874077221466552,0.15119820008325927,-0.471145672192356,-0.28808696037867954,1.0,6.195844675760051,6.549234604656318,6.549234604656318,0.08802224045230153,0.006280547200944703,-0.0007534527350129896,-17.0,0.027160462395502682,0.025660544074909905
2025-11-20 ,6.844346093384563,7.623014291164703,6.755071863782376,7.568458080291748,44135800,0.0,0.0,0.0,0.07927387962981737,-1.0,0.0913354124983884,0.0913354124983884,0.9086645875016116,0.028301904517012467,0.9816670040035715,0.019228399135074997,0.032497753519640446,0.2945900299193484,0.5825088214439581,0.5878512922979405,0.636778045429796,-0.8173291750032232,6.616571213979607,6.712997722462649,6.712997722462649,0.11994375281367374,0.015960756180686105,0.004840104489870701,-16.0,0.02865005303975159,0.0007110669312209352
2025-11-21 ,7.548619229448435,7.965231187030096,7.459345002042541,7.608135223388672,34676300,0.0,0.0,0.0,0.06927387962981736,-1.0,0.05724360280422103,0.05724360280422103,0.942756397195779,0.002614364258367645,1.1484274295403238,0.03740024324927159,1.4570469014304588,0.018179815080610368,0.06275980751966921,-0.8054769591907578,-0.8308745021723436,-0.885512794391558,6.888673721041742,6.815045980881318,6.815045980881318,0.11008528679003673,-0.004929233011818503,-0.010444994596252304,-15.0,0.030665023805261444,0.0007447953221244533
2025-11-24 ,7.489103484845718,7.50894215015296,7.112168371017032,7.251039028167725,31716000,0.0,0.0,0.0,0.059273879629817366,-1.0,0.04898022805025651,0.0484388901902359,0.9510197719497435,-0.02403203496880346,0.3217505547541202,1.089907561924182,0.4129097413081114,0.7055671562244076,-0.4499800844205914,-0.9999999980496934,-0.9999999624714787,-0.9025808817595076,7.420226943969667,7.006507765920671,7.006507765920671,0.03430537481256881,-0.03788995598873396,-0.016480361488457728,-16.0,0.0322952397232019,0.0010074853827549274
2025-11-25 ,7.350231987545125,7.501005930946921,7.151845344382516,7.201442241668701,21505900,0.0,0.0,0.0,0.049273879629817365,-1.0,0.040716853296291974,0.04065465063612228,0.9592831467037081,-0.0034317142899563,1.467925255311469,0.9283288767890923,0.4636476099016206,1.0943330328903251,-0.069283453165937,0.7331472421324579,0.7500913198217181,-0.9186284960675858,6.60619992012787,6.709050218464532,6.709050218464532,0.07082392351409376,0.018259274350762477,0.02807461516974822,-17.0,-0.0319015428683213,0.0008151079589702268
2025-11-26 ,7.052652242828238,7.181603328411386,6.983216679059557,7.102248668670654,27745900,0.0,0.0,0.0,0.03927387962981736,-1.0,0.03999317658858417,0.03986901285232268,0.9600068234114159,-0.006934823579440273,0.16514867776016925,1.416746965740704,0.30578509240234036,0.7509288464148123,-0.15038975782963662,-0.3692134508659795,-0.3379246760773382,-0.9201378105590932,7.061354287862235,6.878347069039904,6.878347069039904,0.03203307631410801,-0.019395423599992877,-0.018827348975377675,-18.0,-0.030256736718366917,-0.0320983912957616
2025-11-28 ,7.012974996796795,7.0982813043370125,6.983216762542725,6.983216762542725,9868700,0.0,0.0,0.0,0.029273879629817368,-1.0,0.05568282542775339,0.05547165117150353,0.9443171745722466,-0.008450690302654471,0.24777877010095883,1.2525771236343413,0.24497866428690954,1.5707923582246763,-0.24251148556317517,-0.2344653498766672,-0.09852557648092257,-0.8888455234007431,7.1190940762479205,6.899270740260306,6.899270740260306,0.012093948645761979,-0.009969563834173016,0.00471292988290993,-19.0,-0.02848272505695443,0.0008224030749771922
2025-12-01 ,7.141925969242092,7.211361532725923,6.968337770019137,7.032813549041748,26178500,0.0,0.0,0.0,0.019758204314537016,1.0,0.037092895284228836,0.9629071047157711,0.037092895284228836,0.0035385758589599296,0.4636476099818099,0.4034797377227931,1.2718161689189218,0.9361193825186499,0.09924125840941081,0.9999999970739079,0.9999999165920664,0.9258142094315422,7.0635081541251115,6.879129735598604,6.879129735598604,0.02209469407743782,0.005000372715837921,0.007484968275005469,-18.0,-0.026924528414940314,0.0008870058307062431
2025-12-02 ,6.953458898202924,6.953458898202924,6.685636212859712,6.903861999511719,31000300,0.0,0.0,0.0,0.009758204314537017,1.0,0.01856141210208465,0.9814385878979154,0.01848423968215207,-0.009252676442152922,0.09109354059703272,1.4313553046634302,0.08314123209842463,1.4943908032011588,-0.3515205586969915,-0.9999999977815335,-0.9999999218215779,0.9629543482157633,7.0665047603372875,6.880218356390601,6.880218356390601,0.003430575809027017,-0.009332059134205402,-0.007166215925021662,-19.0,0.027069120727512025,0.0007790983210070584
2025-12-03 ,6.933619511131802,6.978256623751365,6.675716876983643,6.675716876983643,28559700,0.0,0.0,0.0,0.0,1.0,0.0,1.0,0.0,-0.01680060365663977,0.1651486779481264,0.6645084936397188,1.0986752329802862,1.5282692645786906,-0.3913706173855903,-0.0536418521553783,-0.2897111955252584,1.0,7.07248199696185,6.882388827162208,6.882388827162208,-0.030489209110445725,-0.01695989245973637,-0.0038139166627654845,-20.0,-0.026914657285704108,0.02699682457122617
2025-12-04 ,6.67571684121947,6.745152401921361,6.5963621849836285,6.606281280517578,33159100,0.0,0.0,0.0,0.0,1.0,0.0,1.0,0.0,-0.005227797477659609,0.06656816399418176,0.9091638813251092,0.19338580807258796,1.1430257030635904,-0.1433899220388444,0.4637228751955517,0.5253584035930002,1.0,7.464550324251053,7.022032903161049,7.022032903161049,-0.061031857846606224,-0.01527132436808025,0.0008442840458280608,-21.0,-0.02544512766815081,-0.026991889006608066
2025-12-05 ,6.606281698458014,6.640999717500894,6.457491945098293,6.467411041259766,26451700,0.0,0.0,0.0,0.0,1.0,0.0,1.0,0.0,-0.01062211315976062,0.1302122288110214,1.2300773610408917,0.09790090576296419,0.785398165188651,-0.3074564248529951,-0.36390780047643,-0.3403372716202097,1.0,7.4619942298342465,7.02113933813011,7.02113933813011,-0.08214962349786935,-0.010558882825631562,0.002356220771224344,-22.0,-0.024333317070506937,0.0007347648087766487
2025-12-08 ,6.467410639288678,6.556684864148693,6.397975078509659,6.477330207824707,32241500,0.0,0.0,0.0,0.0,1.0,0.0,1.0,0.0,0.0007662699758979692,0.14281138122307754,0.7853981651886535,0.20095180808105043,0.9145856067255771,0.02409181733387572,0.9999999969838476,0.9999999121912303,1.0,7.736563507787786,7.115923775851617,7.115923775851617,-0.09402663758812109,-0.005938507045125871,0.0023101878902528454,-21.0,-0.023144570713585194,0.0005559052988219366
2025-12-09 ,6.5021281831826565,6.526926631531667,6.4396366041734945,6.477330207824707,18344000,0.0,0.0,0.0,0.0,1.0,0.0,1.0,0.0,0.0,0.32174853503606593,0.7853981655504251,0.8379666987775113,0.23374166458996665,0.0,-0.9999999584921326,-0.9999986949786284,1.0,8.22508998625725,7.278906321348166,7.278906321348166,-0.11667219983731193,-0.011322781124595421,-0.002692137039734775,-20.0,0.023263693028684463,0.0005943731784608716
2025-12-10 ,6.378136718866277,6.443604360757536,6.17479028408228,6.2591047286987305,37447100,0.0,0.0,0.0,0.2131847944273788,-1.0,0.4572725885534755,0.45370783568445655,0.5427274114465245,-0.01713395312060094,0.15761071406833482,1.1928746599673132,0.0499583958603854,1.514674937770059,-0.5765463214341802,-0.999999998265534,-0.999999941636356,-0.08901957576206793,8.53931932650029,7.380194654187992,7.380194654187992,-0.16476285387119605,-0.024045327016942057,-0.006361272946173318,-21.0,0.024390243901844143,0.023204131871134827
2025-12-11 ,6.36821769841755,6.526927020524301,6.259104802973614,6.26902437210083,33566300,0.0,0.0,0.0,0.20318479442737883,-1.0,0.5320441950028313,0.5320441950028313,0.4679558049971687,0.0007917896856176654,1.407430963690311,0.6254833899630889,0.5880026056425783,0.6198772179742058,0.0354077488752875,0.9999999983658905,0.9999999442143093,0.06408839000566258,8.271310317915239,7.293972516504625,7.293972516504625,-0.15142758441831064,0.006667634726442703,0.01535648087169238,-20.0,-0.0242001052543514,0.0005632754365798402
2025-12-12 ,6.3285399554766,6.616200819544532,6.323580171236208,6.407894611358643,47495000,0.0,0.0,0.0,0.19318479442737882,-1.0,0.4376533383487841,0.4376533383487841,0.5623466616512158,0.010954573381671598,1.360282522971463,0.25436909740898,0.5404195036308037,0.34555769740324815,0.5200127335357102,0.872501103460073,0.8651854852987901,-0.12469332330243171,8.309476465573631,1.9929168513035296,7.306369067954398,0.5183578818024888,0.3348927331103997,0.16411254919197849,-19.0,0.02439878217044856,-0.024295174578097774
2025-12-15 ,6.358297859356241,6.427733421325684,6.26902410595675,6.427733421325684,44046500,0.0,0.0,0.0,0.1831847944273788,-1.0,0.41499869103836623,0.41499869103836623,0.5850013089616337,0.0015456049300060705,0.04345089557839315,1.1284208170827703,0.1490839942058864,1.026517343679945,0.09863975492215218,-0.681114172809384,-0.7527066786054555,-0.17000261792326749,8.349302506722037,1.9965875754541682,7.319262438089693,0.5196474384742356,0.0006447783358733972,-0.16712397738726315,-18.0,0.025763144969721832,0.02429944371239998
2025-12-16 ,6.4773303089239,6.497168973314541,6.240257725516004,6.264064311981201,48779700,0.0,0.0,0.0,0.17318479442737883,-1.0,0.46066757756224963,0.4579826728028533,0.5393324224377504,-0.01289566007776567,0.4636476119612513,0.4048901808015795,0.8023395990544905,1.0679535958995927,-0.6521628914822233,-0.9999999986680921,-0.9999999307539935,-0.08134974963489705,8.303921743827761,1.992403886151503,7.304567343167622,0.4959083712254485,-0.011869533624393525,-0.006257155980133461,-19.0,0.027045473175647334,0.0006821813996366367
2025-12-17 ,6.269024129560031,6.626120090484619,6.269024129560031,6.626120090484619,56281900,0.0,0.0,0.0,0.16318479442737882,-1.0,0.42290933048277957,0.42290933048277957,0.5770906695172204,0.028087711331279228,1.4559147318490813,0.12435499537813087,0.7252317364889334,0.510745074190642,0.9391667732425603,0.9999999993715947,0.9999999755998606,-0.15418133903444087,8.223889856827315,1.9849859320279368,7.278514334717292,0.5557501311156148,0.029920879945083134,0.02089520678473833,-18.0,-0.026869505645189924,0.0006411641029627508
2025-12-18 ,6.4475720915842745,6.465427031476766,6.2491854471934944,6.298781871795654,50884600,0.0,0.0,0.0,0.1531847944273788,-1.0,0.3969933539381031,0.39236020569401725,0.6030066460618969,-0.025326166468748537,0.32175055596355545,1.3403928497532802,1.2160901306623255,1.4876520393087451,-0.8969286753965169,-0.999999999455366,-0.999999981278274,-0.21064644036787966,7.884191948567616,1.9529164373858428,7.16591642352552,0.5210263509797564,-0.01736189006792921,-0.02364138500650617,-19.0,0.027347562192749905,-0.02695748941041863
2025-12-19 ,6.26902412770251,6.26902412770251,5.991282351852388,6.040879249572754,43652200,0.0,0.0,0.0,0.1431847944273788,-1.0,0.22554549881655261,0.22338806870119204,0.7744545011834474,-0.020900300234039187,0.04206276130659599,0.7853981647304132,0.03204031047407382,1.0171148647035124,-0.7020955428710208,0.12184501659064483,0.09574311978941112,-0.5510664324822554,7.606744864805286,1.9259861317297235,7.071407587604194,0.49280073952372727,-0.014112805728014544,0.0016245421699573326,-20.0,-0.0267116055685311,0.027108533918969915
2025-12-22 ,6.001202046498808,6.0805567061234065,5.878202134884247,6.026000022888184,34985400,0.0,0.0,0.0,0.13318479442737882,-1.0,0.17807407006356477,0.1779766693542938,0.8219259299364352,-0.0012330633586869243,0.02940328833054144,1.1501316578378549,0.0489805031521219,1.2841727722120349,-0.06298450278314577,0.8353518600868277,0.8885787243488361,-0.6439492605821414,7.283554189545498,1.8937181174840856,6.958222527112929,0.5068503384180344,0.007024799447153562,0.010568802587584053,-21.0,-0.02539575929287427,-0.0270295838806405
2025-12-23 ,6.070000171661377,6.1020002365112305,5.989999771118164,6.019999980926514,18019500,0.049,0.0,0.0,0.12318479442737881,-1.0,0.20977447506429187,0.20972818145088318,0.7902255249357082,-0.0004980941357936114,0.7853981658910321,1.3194542294734553,1.5631174511853128,0.6415732425338739,-0.024601422160758342,0.43823342858726555,0.4245533989155934,-0.5804973434848251,7.426884276756366,1.908151942613189,7.008843766839076,0.4984332805251131,-0.004208528946460649,-0.005616664196807106,-22.0,-0.024376903234700965,0.0006579231378284148
2025-12-24 ,6.059999942779541,6.065000057220459,6.005000114440918,6.019999980926514,9662000,0.0,0.0,0.0,0.11318479442737882,-1.0,0.28960702444401876,0.2896070244333703,0.7103929755559812,0.0,0.18130826112426776,1.2963218904913445,0.1106572215136182,0.42466924287946883,0.0,0.9999999593519451,0.9999979923514041,-0.42078595112261097,7.365761891703233,1.902021232859715,6.987341074293361,0.5015786454350711,0.0015726824549790186,0.002890605700719834,-23.0,-0.023250681796231024,0.0005094280290866525
2025-12-26 ,6.0,6.210000038146973,5.96999979019165,6.199999809265137,20458000,0.0,0.0,0.0,0.09799980163574219,1.0,0.2953599184083557,0.7046400815916443,0.2953599184083557,0.01472993710548992,1.1842162490817096,0.2449786645142883,0.8029355298395172,0.8697278830484245,0.6464784341934489,0.999999998453158,0.9999999321110522,0.4092801631832886,7.457114050966905,1.91117076251801,7.019432718942707,0.5263500490640584,0.01238570181449361,0.005406509679757296,-22.0,-0.022222222221728396,0.0005631107192349705
2025-12-29 ,6.269999980926514,6.369999885559082,6.254000186920166,6.349999904632568,25764500,0.0,0.0,0.0,0.08799980163574218,1.0,0.21999945163739879,0.7800005483626012,0.21999945163739879,0.01195219910653253,1.1971947416404567,0.24833773320288552,1.5179444591735005,0.141897054957121,0.6431063396410504,-0.002614868458594566,-0.1041047790469272,0.5600010967252025,7.119413493751074,1.8769373773966194,6.899386158660174,0.5679178783630336,0.020783914649487645,0.004199106417497017,-21.0,0.02236363520847575,0.0005142297872513142
2025-12-30 ,6.340000152587891,6.480000019073486,6.329999923706055,6.46999979019165,23014500,0.0,0.0,0.0,0.07799980163574219,1.0,0.15294071888311697,0.847059281116883,0.15294071888311697,0.00936036571104828,0.5191461167638034,0.094599839369817,0.9270910279507435,0.1364776582054781,0.4664934590663063,-0.15916808981159108,-0.12161057554816969,0.694118562233766,7.057212663929476,1.8705061435041435,6.876841625185613,0.5899918062578225,0.011036963947394451,-0.004873475351046597,-20.0,0.02337645856002552,0.02229292871510207
2025-12-31 ,6.46999979019165,6.599999904632568,6.449999809265137,6.590000152587891,22878100,0.0,0.0,0.0,0.06799980163574218,1.0,0.10793617346575779,0.8920638265342422,0.10793617346575779,0.009188389197703222,1.1807137360931368,0.05875582314560822,1.5084427370011064,0.05875582314560822,0.5658068969137514,0.09620595127757345,-0.00927159288693415,0.7841276530684844,7.135401695629077,1.8785839833775193,6.905158703905504,0.6041598400583731,0.0070840169002752695,-0.001976473523559591,-19.0,0.024489765546942946,0.000506411675774884
2026-01-02 ,6.46999979019165,7.00600004196167,6.460000038146973,6.960000038146973,57212400,0.0,0.0,0.0,0.057999801635742185,1.0,0.07712741065959527,0.9228725893404047,0.07712741065959527,0.027306264232533243,1.102506504734079,0.04542327948794233,1.1998963304783798,1.0742054319988017,0.927194548850098,0.24205445528513803,0.4964528454287552,0.8457451786808095,7.123316057805348,6.900796018895234,6.900796018895234,0.008542709820757624,-0.2978085651188077,-0.1524462910095415,-18.0,0.02574375810445318,0.0005566534934587138
2026-01-05 ,6.670000076293945,6.7870001792907715,6.619999885559082,6.699999809265137,43514800,0.0,0.0,0.0,0.04799980163574219,1.0,0.07100561130019221,0.9289943886998078,0.07038887009104786,-0.019033691931635933,0.04758310344641884,0.11107620753886002,1.3216660994279803,0.06508652917963563,-0.8613247580721292,-0.9999999994408783,-0.9999999784203513,0.8586055186087599,6.934197372207505,6.831841140874713,6.831841140874713,-0.019486706073013282,-0.014014707946885453,0.14189692858596112,-19.0,0.02733906822398301,0.0006269962787551174
2026-01-06 ,6.610000133514404,6.670000076293945,6.460000038146973,6.480000019073486,39318500,0.0,0.0,0.0,0.03799980163574218,1.0,0.06834493836710784,0.9316550616328921,0.06782624721152801,-0.016691941810091964,0.4276995335537633,1.158384635932332,0.321750555971644,1.5083760318726651,-0.6864716837016955,0.11296903748988939,0.06554817397852367,0.8638288144213642,6.787955952983119,6.777609002257598,6.777609002257598,-0.04490387191317054,-0.012708582920078627,0.0006530625134034129,-20.0,-0.02679227542064464,0.0007976550597649148
2026-01-07 ,6.480000019073486,6.559999942779541,6.210000038146973,6.409999847412109,54304900,0.0,0.0,0.0,0.027999801635742186,1.0,0.03517563002708267,0.9648243699729173,0.035090317666324394,-0.005430579704145661,0.3139378573440926,1.1496072026845556,0.14189705502416394,0.8058029794187094,-0.21586065921228664,0.5215495461994338,0.509045119004793,0.9297340523065929,6.7641673876274515,6.768709853834733,6.768709853834733,-0.054451253516910714,-0.004773690801870088,0.0039674460591042696,-21.0,-0.025446427862150654,-0.027065671822313828
2026-01-08 ,6.289999961853027,6.579999923706055,6.28000020980835,6.530099868774414,40196320,0.0,0.0,0.0,0.01799980163574219,1.0,0.031195489138114988,0.968804510861885,0.031195489138114988,0.009281228429180794,1.1071476595777408,1.3521273801915439,0.7853981656752287,0.9097515088007535,0.37651104734604335,0.9999999983118708,0.9999999320273945,0.93760902172377,6.986322920980849,6.850977161491161,6.850977161491161,-0.04796905640171152,0.0032410985575995963,0.004007394679734842,-20.0,-0.02433108961646782,0.0006729237792469939
