Date,Open,High,Low,Close,Volume,Dividends,Stock Splits,G,Gd,S,P↑,P↓,Y,ϴ1,ϴ2,ϴ3,ϴ4,W,Wd,Yd,Pd,λ,E_Low,E_High,Ö,Öd,Ödd,I,Im,Id
2025-06-30 ,47.22999954223633,47.34000015258789,45.33000183105469,45.349998474121094,3034600,0.0,0.0,1.6349998474121095,1.0,0.3641426782416022,0.6358573217583978,0.360906899106482,-0.01945949245143581,0.16514867733042735,1.4228461056437294,0.3752700830790519,1.2993052878965559,-0.11617105657265042,-0.09059130183362037,-0.7277879090538035,0.2749504226519158,7.632170022897742,40.81341186819605,40.81341186819605,0.10539939326192302,-0.027676187646137593,-0.012233132999157938,1.0,0.0,0.0
2025-07-01 ,45.70000076293945,45.915000915527344,44.29999923706055,44.959999084472656,2893400,0.0,0.0,1.6249998474121095,1.0,0.29438400591554453,0.7056159940844555,0.2938172606543132,-0.004318452000792085,0.7154557283376235,0.7853981630772396,0.38413635725074524,1.3040257246259668,-0.5450387774520306,-0.21443386043969007,0.6367682389154893,0.41179873343014234,7.348325254276416,40.27666932580944,40.27666932580944,0.11000080882926005,0.002300707783668518,0.014988447714903055,0.0,0.0,0.0
2025-07-02 ,44.52000045776367,46.2400016784668,44.16999816894531,46.209999084472656,3509400,0.0,0.0,1.6149998474121094,1.0,0.4523804649224506,0.5476195350775495,0.4523804649224506,0.013710650708620722,0.11065722114116142,0.8102029915038144,0.15252727435987917,1.0781113475102733,-0.1341536072552316,0.20544258509839947,0.9999999445341258,0.09523907015509886,7.559634596576613,40.67756187072946,40.67756187072946,0.12751957003347966,0.008759380602109804,0.003229336409220643,1.0,-0.9980748086098327,0.0
2025-07-03 ,46.095001220703125,47.31999969482422,45.88999938964844,46.40999984741211,1441600,0.0,0.0,1.6049998474121094,1.0,0.5063087833048736,0.4936912166951264,0.5063087833048736,0.002159369091404752,0.1973955598323985,0.32635768183616287,0.7022521923185883,1.0472562530987939,0.45352158455049413,0.29383759590286285,-0.7278680830208759,-0.012617566609747222,7.534525195805531,40.63032801968569,50.86004502303612,0.020718735699062404,-0.05340041716720863,-0.031079898884659216,2.0,1.005933411755273,0.0
2025-07-07 ,47.13999938964844,47.23500061035156,45.09000015258789,45.220001220703125,2446100,0.0,0.0,1.5949998474121094,1.0,0.5063489126301538,0.4936510873698462,0.5033764317169666,-0.0129869978482743,1.5552933477764705,0.3789098091602971,1.3981153849103136,0.24497866302836882,0.09613888229043017,-0.17869135113003198,-0.9999999339775711,-0.009725344347120357,9.508558617637712,44.05777288182858,44.05777288182858,0.0260377011417641,0.0026594827213508483,0.028029949944279736,1.0,0.3336508585592222,1.0020041101825528
2025-07-08 ,46.119998931884766,47.25,45.61000061035156,46.16999816894531,2347200,0.0,0.0,1.5849998474121094,1.0,0.5031743109933468,0.49682568900665325,0.5031743109933468,0.010394977071745026,1.401577618721925,0.7853981633999614,0.5563489136899058,0.8245410385209675,-0.42684460076214664,-0.2614917415262884,0.9999999572320148,-0.006348621986693503,9.396388016993123,43.87674508373662,54.90482043425432,-0.061162604913544916,-0.043600153027654506,-0.023129817874502676,2.0,-0.33137652647261007,-0.3361412765980254
2025-07-09 ,46.119998931884766,47.09000015258789,45.98500061035156,46.20000076293945,1575100,0.0,0.0,1.5749998474121094,1.0,0.7062781034621378,0.2937218965378622,0.7062781034621378,0.00032480885938155154,1.436986041417337,1.5131702877702509,1.0768571452298978,0.4636476093700362,0.39586641227530417,0.41135550651872543,-0.9394000344468757,-0.41255620692427564,8.598325309597689,42.54434084534245,53.244597543518516,-0.029741780861207004,0.015710412026168956,0.02965528252691173,3.0,0.334841195789883,-0.3325136925159161
2025-07-10 ,47.369998931884766,47.75,46.619998931884766,46.95000076293945,1734300,0.0,0.0,1.5649998474121094,1.0,0.588345841047579,0.41165415895242097,0.588345841047579,0.00805152965876909,0.6491905406019667,0.519146114322542,1.334141042482467,0.3131542511291456,0.01204855206300943,-0.19190893010614737,0.9224459899989194,-0.17669168209515806,9.271727886667577,43.67382903202633,54.651966881770775,-0.039783902700205535,-0.005021060919499266,-0.01036573647283411,4.0,0.20002874299205564,0.3331088611312465
2025-07-11 ,46.290000915527344,47.415000915527344,45.82500076293945,46.09000015258789,1242000,0.0,0.0,0.14999984741210937,-1.0,0.07009340663258394,0.06980227896493987,0.9299065933674161,-0.009243342668626715,0.7853981631389942,0.3353244065205254,1.356735259835617,0.34750678039065,0.32810101198448194,0.15802622996073626,-0.9999999421793972,-0.8601043144024763,8.567358536532556,42.490974468875514,53.178105436213514,-0.03087321376962904,0.004455344465288247,0.004738202692393756,3.0,0.1433596404581154,-0.06740622639891367
2025-07-14 ,44.630001068115234,44.849998474121094,41.459999084472656,42.47999954223633,5486900,0.0,0.0,0.13999984741210938,-1.0,0.022257524170864452,0.021829599101490474,0.9777424758291355,-0.04075872894648458,0.6692567450571261,1.0207198810534523,0.3217505544740015,1.30667343997564,-0.40951542427930065,-0.3688082181318913,-0.630281598933831,-0.955912876727645,8.04973169616213,41.57881284942962,52.04164667861899,-0.09078414720344323,-0.029955466716907096,-0.01720540559109767,2.0,-0.14226379649005563,-0.028334551266970126
2025-07-15 ,42.79999923706055,43.45000076293945,42.51499938964844,42.720001220703125,2398200,0.0,0.0,0.12999984741210938,-1.0,0.02066769928303109,0.02066769928303109,0.9793323007169689,0.0028169210835405707,0.08932761430544717,1.4964238851646854,0.052583061570479844,1.4162538654303645,-0.9696072586983533,-0.2800459172095263,0.9999999770514043,-0.9586646014339377,8.059970852367355,41.59723794618404,52.06460141433846,-0.08559230274935922,0.0025959222270420038,0.01627569447197455,3.0,-0.19615478280212814,-0.14281171847408552
2025-07-16 ,42.7599983215332,42.959999084472656,40.29999923706055,41.36000061035156,2338400,0.0,0.0,0.11999984741210937,-1.0,0.01686575110379566,0.016741815729904175,0.9831342488962044,-0.016175078267532228,0.11766842959536504,1.3856311778975152,0.09966865242206448,0.15560391641338506,0.14955683543305567,0.5595820470657045,-0.9999999473462521,-0.9663924331663002,8.013860121063784,41.514136661652856,51.9610707917782,-0.11595016067907658,-0.01517892896485868,-0.008887425595950342,2.0,0.2002482614974435,-0.026945493156036254
2025-07-17 ,41.400001525878906,42.2599983215332,41.040000915527344,41.52000045776367,2290100,0.0,0.0,0.10999984741210937,-1.0,0.02417579469379713,0.02417579469379713,0.9758242053062028,0.00193050006455252,0.20265191026991133,1.5093893880255584,0.04542327939669512,1.2004496019963173,-0.5299702829939682,-0.3397635592135119,0.9999999447684064,-0.9516484106124057,7.4918365973655074,40.54977860986179,50.75970382032647,-0.08864131451218979,0.013654423083443397,0.014416676024151039,3.0,-0.19853033077050422,0.1982015221497858
2025-07-18 ,41.540000915527344,42.28499984741211,40.84000015258789,42.189998626708984,1678600,0.0,0.0,0.09999984741210938,-1.0,0.031745967927494144,0.031745967927494144,0.9682540320725058,0.008003800935049708,0.09135967994961844,1.287134306287727,0.08673833864819239,0.08644647972771517,0.08611269857744672,0.3080414907857075,0.6113465113845307,-0.9365080641450116,7.466430386665896,40.501690807006284,50.699800784541495,-0.07144965784022402,0.008595828335982887,-0.002529297373730255,4.0,0.2001703865066569,-0.19938929613397388
2025-07-21 ,41.72800064086914,42.279998779296875,40.54999923706055,41.61000061035156,2174200,0.0,0.0,0.08999984741210937,-1.0,0.03383453104317635,0.033729695963764544,0.9661654689568236,-0.006921217441979615,0.7853981636381899,1.4968527075349873,1.035839083416788,0.8960540062931638,0.27791802422818607,0.09590266282536968,-0.999999932998412,-0.9324357729930591,7.962487116537337,41.421167143808226,41.421167143808226,0.00454850382606153,0.037999080833142775,0.014701626248579944,3.0,0.14335670127672967,0.19935035863858055
2025-07-22 ,41.5099983215332,41.97999954223633,40.88999938964844,41.36000061035156,1846700,0.0,0.0,0.07999984741210937,-1.0,0.04610940591882503,0.04604759886722495,0.9538905940811749,-0.003013137234203374,1.5191073824104695,1.4677126976022126,0.3217505551311217,0.8593387634518436,-0.24119112902601333,-0.2595545766270997,0.39339040549410004,-0.90784299521395,7.82360828135692,41.167775703484274,51.52957115824072,-0.10759157870856392,-0.05607004126731273,-0.047034561050227755,2.0,-0.1424145051105373,-0.02840684261496361
2025-07-23 ,41.060001373291016,43.650001525878906,41.060001373291016,43.0,2220800,0.0,0.0,1.3600027465820312,1.0,0.43871023950128407,0.5612897604987159,0.43871023950128407,0.0194404857489676,0.04356229747682355,1.1553100318859693,0.2558061844907219,0.038442590095738284,-0.12517780457229088,0.058006662226861225,0.9999999554637594,0.12257952099743186,8.117306111168464,41.70011775421008,41.70011775421008,0.03069616305082525,0.06914387087969459,0.06260695607350367,3.0,-0.19973191126916395,-0.14288560319363347
2025-07-24 ,43.08000183105469,43.5,42.029998779296875,42.060001373291016,1347100,0.0,0.0,1.3500027465820312,1.0,0.4354844354313743,0.5645155645686257,0.43331572406434327,-0.011051006484043457,0.9477221603648754,0.14189705454799617,0.7772333245757613,0.9516756696283198,0.6224396913247994,0.37380874794854513,-0.9999999672039677,0.13119984050428246,7.6886624511353485,40.91860686938368,51.219164004770874,-0.08475212420501244,-0.05772414362791884,-0.06343400725380671,2.0,0.2016663603538188,-0.028658703079313327
2025-07-25 ,42.47999954223633,42.60499954223633,41.5,42.47999954223633,869200,0.0,0.0,1.3400027465820312,1.0,0.48550786573381727,0.5144921342661828,0.48550786573381727,0.004968040742807374,0.9662740877255098,0.27829965891474384,1.2619288252206553,0.22022842515195942,-0.38550586694276995,-0.5039727791337847,0.9999999375743187,0.02898426853236552,7.760856072582257,41.05227515741319,51.38568298496503,-0.07806955930693972,0.0033412824490363577,0.0305327130384776,3.0,-0.19900400047628605,0.20069913581149137
2025-07-28 ,43.08000183105469,43.2400016784668,41.56999969482422,41.88999938964844,851300,0.0,0.0,1.3300027465820312,1.0,0.5135145437165753,0.48648545628342466,0.5119067482270867,-0.00699300889009399,0.32175055443183753,0.9611963054363173,0.512689215230894,0.9353903012094986,0.1964010236782972,0.2909534453105336,-0.9999999163953042,-0.02542129194366205,7.951898003241503,41.40195330693347,41.40195330693347,0.011719059343442586,0.04489430932519115,0.020776513438077397,2.0,0.20043629867098414,-0.20033518041505244
2025-07-29 ,42.2599983215332,43.189998626708984,41.676998138427734,42.93000030517578,1202600,0.0,0.0,1.3200027465820312,1.0,0.6600013732910156,0.3399986267089844,0.6600013732910156,0.012261269974878405,1.1821744913446985,0.4636476092307253,0.9438778751395447,1.3537970584540187,-0.27254237494768546,-0.23447169931299133,0.9999999480634951,-0.3200027465820312,7.830457633739226,41.18034423028582,51.54522887210844,-0.0706394674067756,-0.04117926337510909,-0.043036786350150125,3.0,-0.19937380718470124,0.1997201495736351
2025-07-30 ,42.06999969482422,43.470001220703125,42.06999969482422,43.38999938964844,1334800,0.0,0.0,0.21999954223632812,1.0,0.11167482533731972,0.8883251746626802,0.11167482533731972,0.005328997753694825,1.3197785766708725,0.5880026038749849,1.0278652962869925,1.0689434220133753,0.464194490769443,0.36836843285856424,-0.3940970048924242,0.7766503493253605,7.697500712498801,40.93501695953362,51.23960695752828,-0.05402034601304168,0.008309560696866957,0.024744412035988025,4.0,0.20106382215310525,-0.1999050529278427
2025-07-31 ,43.72999954223633,44.619998931884766,42.24300003051758,42.91999816894531,1849200,0.0,0.0,0.20999954223632813,1.0,0.06885232615294563,0.9311476738470543,0.06868487397299218,-0.005445501494587028,1.3874915106162071,0.14348619277824373,0.7853981640210447,0.10257601318265465,0.21254152965288087,-0.12582648055828108,-0.9999999071882708,0.8624627998740622,7.784375224032736,41.095638378047695,51.43970377690359,-0.06881828239011367,-0.007398968188535995,-0.007854264442701476,3.0,0.1431912284666295,0.20021881466890323
2025-08-01 ,42.18000030517578,42.224998474121094,40.099998474121094,41.33000183105469,1661800,0.0,0.0,1.960001220703125,-1.0,0.4336285447353385,0.4298949949312759,0.5663714552646615,-0.01887236009365727,1.3734007661507017,0.07677189125980376,1.3199611030009686,0.4726755129795617,-0.21898676557926128,-0.21576414761607107,-0.5521397511951167,-0.13647646033338556,7.921427957169602,41.34656829551437,51.752310666751015,-0.11264058122080765,-0.02191114941534699,-0.007256090613405498,2.0,-0.14250970737194402,-0.028936296843237883
2025-08-04 ,42.11000061035156,42.540000915527344,41.599998474121094,42.5099983215332,1540000,0.0,0.0,1.950001220703125,-1.0,0.4314161555788676,0.4314161555788676,0.5685838444211324,0.014074385595550272,0.02940328818688864,1.1606897315110127,0.032858509363515864,1.3018965535781406,-0.6950489910204497,-0.2380311127205942,0.9999999696479895,-0.13716768884226482,7.681493398682493,40.90528656940747,51.20257019996467,-0.07378521745096724,0.01942768188492021,0.0206694156501336,3.0,-0.19827799625601278,-0.14285046791928674
2025-08-05 ,42.529998779296875,43.39500045776367,41.369998931884766,41.93000030517578,1422900,0.0,0.0,1.940001220703125,-1.0,0.42920376642239666,0.427884084567316,0.5707962335776033,-0.006868759187473083,0.7853981631378332,1.2766927852438248,1.2709794094623925,0.606237217210928,0.5149447287536967,0.6049968598870732,-0.9999999522516813,-0.14291214901028731,7.737735723768094,41.00955984304588,51.33246957947382,-0.09006277836848627,-0.008138780458759515,-0.013783231171839862,2.0,0.20121741897134743,-0.02788414444203438
2025-08-06 ,42.720001220703125,43.0,41.6150016784668,42.099998474121094,1553800,0.0,0.0,1.930001220703125,-1.0,0.5857359814301344,0.5857359814301344,0.4142640185698656,0.002023065231641968,0.8034330825956512,0.4597417348168685,1.073107131047296,0.5880026034494451,-0.2755912873187065,-0.3952680080362016,0.9999998875371533,0.17147196286026878,7.6762955009208635,40.89562342987691,51.19053232879764,-0.08324112066181188,0.0034108288533371903,0.0057748046560483525,3.0,-0.19938505575131693,0.1997477076136801
2025-08-07 ,42.0,42.349998474121094,40.529998779296875,40.689998626708984,2207200,0.0,0.0,1.920001220703125,-1.0,0.6701571015241471,0.6649649849225693,0.3298428984758529,-0.017031041149752284,0.37832072211292783,0.5989580454532941,0.7853981636936287,0.5698858106573361,0.08202575684152201,0.17880852208011427,-0.9999999475178775,0.33512208644671637,7.699480328711144,40.938690772553635,51.24418363355359,-0.11835653276013493,-0.01755770604916152,-0.010484267451249356,2.0,0.2001785292852598,-0.20030123736133218
2025-08-08 ,41.40999984741211,44.849998474121094,41.0,44.34000015258789,3516500,0.0,0.0,1.910001220703125,-1.0,0.4421299434329805,0.4421299434329805,0.5578700565670195,0.042926044669867845,0.39533730981085524,1.4560949412148179,0.24497866310843042,1.1934727903160263,-0.6219968190566049,-0.35201128794906344,0.9999999833214045,-0.11574011313403898,7.568235689252915,40.693716979534656,40.693716979534656,0.08581350106502561,0.10208501691258026,0.05982136148087089,3.0,-0.19845047774050412,0.19978179251828837
2025-08-11 ,45.70000076293945,46.349998474121094,43.16999816894531,43.369998931884766,3095000,0.0,0.0,1.900001220703125,-1.0,0.32646070796065746,0.3248337099505281,0.6735392920393426,-0.011059186305188833,0.7853981630923799,0.05125511769374032,0.3951368072280416,0.26638664956571473,0.9105779968845061,0.7662874079705555,-0.9999999814764157,-0.34870558208881447,7.144148077070812,39.88176764661209,49.927590293883554,-0.028478581734829218,-0.05714604139992741,-0.07961552915625383,2.0,0.20353090426413598,-0.19931450351288196
2025-08-12 ,45.209999084472656,47.86000061035156,45.0,46.83000183105469,3204500,0.0,0.0,1.890001220703125,-1.0,0.25784457688616697,0.25784457688616697,0.742155423113833,0.03835923359095509,1.1893157849198457,0.08408705152493406,0.785398163085772,0.05819633136107941,-0.3128672533045819,-0.611722625094544,0.9999999797646306,-0.484310846227666,7.539579894568706,40.63984514388826,50.871900657476374,0.02949420529718743,0.028986393516008326,0.04306621745796787,3.0,-0.19900325029399604,0.20099069100232003
2025-08-13 ,47.02000045776367,48.459999084472656,46.79999923706055,47.0099983215332,2348500,0.0,0.0,1.880001220703125,-1.0,0.25201091842171736,0.25201091842171736,0.7479890815782826,0.001918121165663188,0.7853981631525504,0.04054061287494227,1.021421221360687,0.033457406568907264,0.8183415213397978,0.5656043873221899,-0.9047543400190562,-0.49597816315656523,6.621837997773734,38.835224326936846,48.62408322870856,0.07863699627212743,0.02457139548747,-0.002207499014269162,4.0,0.20318123824184628,-0.201267077279066
2025-08-14 ,46.43000030517578,47.26399993896485,46.08000183105469,46.68000030517578,3549300,0.0,0.0,1.870001220703125,-1.0,0.3534973340390642,0.3529429746484399,0.6465026659609359,-0.003522233121939086,0.9237487134805203,0.09066007806311163,1.4219060673925141,0.03029375990531945,0.05845561411660183,-0.37994295361159797,-0.9999998161884753,-0.293559691312496,7.025822250239885,39.64937673528357,49.63812529221331,0.050898602781695244,-0.013869196745216094,-0.019220296116343048,3.0,0.14297806955895034,0.20109224426792116
2025-08-15 ,43.060001373291016,46.130001068115234,42.81999969482422,44.540000915527344,7519200,0.0,0.0,1.860001220703125,-1.0,0.3297874861683391,0.32623255773860543,0.6702125138316609,-0.023459760589903907,0.3217505543474785,0.9182590015922034,0.5056835212866176,0.6359514314727311,-0.10495490758870193,-0.08170526085265188,-0.7389197011151217,-0.3439799560930555,7.126418571500295,39.84711519095348,49.88442687243045,-0.0009917567377247386,-0.02594517975970999,-0.006037991507246949,2.0,-0.1426331122973699,-0.030101584341447968
2025-08-18 ,44.25,45.869998931884766,44.25,45.52000045776367,2541700,0.0,0.0,1.850001220703125,-1.0,0.32801443633107247,0.32801443633107247,0.6719855636689276,0.010881629217107312,0.5218018554022844,1.1966520688875322,0.19739555971656314,1.0616170095960908,-0.5306190031236473,-0.21283204776747267,0.9999999708806203,-0.3439711273378551,7.210250606541215,40.01045072419105,50.08788062239378,0.016691918285945736,0.008841837511835237,0.017393508635772614,3.0,-0.19784410952968395,-0.14280559092816014
2025-08-19 ,46.22999954223633,46.5,44.2599983215332,44.58000183105469,2372900,0.0,0.0,0.3599989318847656,1.0,0.08100785600977868,0.9189921439902213,0.08062737766864987,-0.010432836879357556,0.8648728424517689,1.062307236838749,0.3217505542605764,0.21013815599985297,0.2621279234349639,0.39637346327930556,-0.9999999530835092,0.8383647663215714,6.494010079018678,38.570562340510996,48.294463267161554,0.032382232136092204,0.007845156925073234,-0.0004983402933810017,2.0,0.20094630338435365,-0.02760549861615702
2025-08-20 ,44.86000061035156,45.0,43.20199966430664,44.400001525878906,1526800,0.0,0.0,1.0380003356933594,-1.0,0.28206528522115915,0.2818118521117707,0.7179347147788409,-0.002022929853730502,1.173355890378943,0.766532592567552,0.785398163172173,1.5543170976931522,-0.2314619846585266,-0.24679495404674523,0.6751817475920493,-0.4361228626670702,6.46682772556704,38.513824429082604,48.22380115382026,0.02980452781945693,-0.0012888521583176368,-0.004567004541695435,1.0,-0.1990606383736383,0.1993952064570188
2025-08-21 ,43.869998931884766,45.599998474121094,43.560001373291016,45.5,1802300,0.0,0.0,1.0280003356933594,-1.0,0.311704133128063,0.311704133128063,0.688295866871937,0.012235800394335306,0.1243549945057358,1.4711266661989482,0.17540023848095404,0.9742277844110114,-0.04915570904593122,0.09115313780629769,0.9999999298675329,-0.376591733743874,7.199241825674649,39.98907574124748,50.06125533535043,0.016785489632381887,-0.0065095190935375215,-0.0026103334676099424,2.0,-0.33303383623674526,-0.20000347087899598
2025-08-22 ,46.11000061035156,47.189998626708984,45.630001068115234,46.369998931884766,2208300,0.0,0.0,1.0180003356933593,-1.0,0.2552659479831266,0.2552659479831266,0.7447340520168735,0.009469891607703288,0.785398163453003,0.6435031431138915,0.9097560922438239,0.8987697927361045,0.3070178048439138,0.1780867569449225,-0.12742780368137724,-0.4894681040337469,7.315929967593465,40.21451711862374,50.34207475473899,0.03011804712795774,0.0066662787477879265,0.006587898920662724,3.0,0.3351027627413306,-0.06698659893155348
2025-08-25 ,46.36000061035156,46.880001068115234,46.0099983215332,46.779998779296875,1318100,0.0,0.0,1.0080003356933593,-1.0,0.2527584247630162,0.2527584247630162,0.7472415752369839,0.004401501422290356,1.5350621121830499,0.2136689369327994,1.356735259835617,0.1651486773308039,0.33803748318985927,0.015509839172972745,-0.3653843423706172,-0.4944831504739677,6.594704948837726,38.7793403103358,48.55448228304901,0.07516865901401783,0.022525305943030045,0.00792951359762106,4.0,0.20082547581281512,0.33406829948903793
2025-08-26 ,46.75,48.209999084472656,46.75,47.349998474121094,2577800,0.0,0.0,0.9980003356933593,-1.0,0.21462383374802804,0.21462383374802804,0.7853761662519719,0.006055452156124666,0.5329358848216437,0.27829965894732794,1.516160623465625,0.4485008680862579,0.13407061910122103,-0.10198343204431912,0.1581675354360201,-0.5707523325039439,6.575363826380612,38.739408808429445,48.50474974577912,0.08830722569728468,0.006569283341633425,-0.00797801130069831,5.0,0.14313350390570043,-0.06713864346425774
2025-08-27 ,47.400001525878906,49.08000183105469,47.400001525878906,48.439998626708984,2145100,0.0,0.0,0.9880003356933593,-1.0,0.2863768455667146,0.2863768455667146,0.7136231544332854,0.011379060294161395,1.3849941787544435,0.11065722114666307,1.5332205533208796,0.19710607068455538,0.25140204036727043,0.0586657106330247,0.30534882164717825,-0.4272463088665708,7.4563957662393365,40.48266696323803,50.676102845596155,0.06716170958485024,-0.01057275805621722,-0.008571020698925323,6.0,0.11140602380485415,-0.02884598595355735
2025-08-28 ,48.560001373291016,51.22999954223633,48.560001373291016,50.869998931884766,2919400,0.0,0.0,0.9780003356933593,-1.0,0.18735634233465262,0.18735634233465262,0.8126436576653474,0.02446883863572809,0.5326363684187837,0.011659473554918658,0.7853981633713818,0.015605209879634825,0.33838512826777084,0.043491543950250205,0.36514770369163574,-0.6252873153306948,7.7452350443352085,41.02342451040647,51.34974172305201,0.10287176798487804,0.017855029200013903,0.014213893628115561,7.0,0.09135851771947269,-0.01586374005042314
2025-08-29 ,51.150001525878906,52.939998626708984,50.81999969482422,52.470001220703125,4228000,0.0,0.0,0.9680003356933594,-1.0,0.1563813490226916,0.1563813490226916,0.8436186509773084,0.015482894198334209,1.0818750171628746,0.013820976252641946,0.7853981630561786,0.025612469825372207,0.721347050741334,0.19148096123678157,-0.22492001159991182,-0.6872373019546167,7.716833922223303,40.97086840736602,51.284269203806254,0.13511892623218646,0.01612357912365421,-0.0008657250381798459,8.0,0.07772282915254411,-0.01002375304269073
2025-09-02 ,51.0099983215332,51.70000076293945,50.06999969482422,51.06999969482422,2023400,0.0,0.0,0.9580003356933594,-1.0,0.17292433881415184,0.1718665381394467,0.8270756611858482,-0.013521359025494808,1.0487944597674093,0.012351120988432681,1.1956415604363309,0.009345522302279871,0.6064164904981302,-0.0574652801216019,-0.9999999655222992,-0.6552091230464014,7.843995370875406,51.5761489545977,51.5761489545977,-0.00986210138052656,-0.07249051380635652,-0.04430704646500536,7.0,0.06711202530408135,-0.00681784428346429
2025-09-03 ,51.91999816894531,53.224998474121094,50.650001525878906,53.0099983215332,1689700,0.0,0.0,0.9480003356933594,-1.0,0.20321563233655054,0.20321563233655054,0.7967843676634494,0.01863949523139009,0.5469170220862193,1.2690420532113595,0.7887198538634269,0.7853981632285745,-0.5549894875235795,-0.5807029890108548,0.9999999689062996,-0.5935687353268988,7.347643977920468,50.41786967473331,50.41786967473331,0.05013487406131485,0.029998487720920706,0.05124450076363861,8.0,-0.06625885799047311,-0.00530540192423138
2025-09-04 ,55.66999816894531,62.650001525878906,55.54999923706055,62.5,10189000,0.0,0.0,0.9380003356933594,-1.0,0.07456281392406752,0.07456281392406752,0.9254371860759325,0.0821574046953967,0.9835485765622692,0.009174054541951903,0.1631366828287675,0.024117323853153957,0.7166708141084583,0.6358301508160189,0.6301573647600778,-0.850874372151865,7.272310313814543,50.237459789534576,50.237459789534576,0.21840559737473017,0.08413536165670765,0.027068436967893475,9.0,0.06719996145956225,-0.06668544164727723
2025-09-05 ,65.5199966430664,68.66999816894531,63.7400016784668,68.55000305175781,9050000,0.0,0.0,0.9280003356933594,-1.0,0.04989249525931535,0.04989249525931535,0.9501075047406846,0.04616560786624615,-0.008620476121670965,0.008620476104430867,1.558065035654271,0.016580126274776893,0.9999898287884457,0.14165950733999366,-0.2804781140201409,-0.9002150094813692,8.435641618841457,52.89344356264949,52.89344356264949,0.2592840595585707,0.020439231091920265,-0.031848065282393694,10.0,0.060668387748915746,0.06672940972501767
2025-09-08 ,68.6500015258789,71.0,67.86000061035156,70.49500274658203,5869100,0.0,0.0,0.9180003356933594,-1.0,0.045110584989024545,0.045110584989024545,0.9548894150109755,0.013988274398327519,-0.9369372015782998,0.9369372002798405,-0.7853981639584984,0.7853981629584983,0.9546775228362223,-0.022656152976111676,-0.5349169782837407,-0.9097788300219509,7.702592792385079,62.11290402739318,51.251377722432835,0.22269369341806694,-0.01829518307025188,-0.019367207081086073,11.0,0.05362503601698092,-0.003265786855323253
2025-09-09 ,70.26000213623047,71.4000015258789,69.56999969482422,70.51000213623047,3364300,0.0,0.0,0.9080003356933594,-1.0,0.05728707915291109,0.05728707915291109,0.9427129208470889,0.00010637487414651207,-1.056104662743403,1.0561046612280556,-0.7853981640188076,0.7853981630188075,0.5068686014139773,-0.22390446071112252,-0.9849055674188304,-0.8854258416941778,8.473970026715238,64.19611445914727,52.97658714082168,0.18985819887172428,-0.01641774727317133,0.0009387178985402755,12.0,0.047907177595142236,-0.0035216758659674142
2025-09-10 ,72.41999816894531,74.48999786376953,72.02999877929688,73.91999816894531,4053000,0.0,0.0,0.8980003356933594,-1.0,0.08353494459105898,0.08353494459105898,0.9164650554089411,0.023610025794569243,-1.3410089012261954,1.3410088993299545,-0.7853981641898461,0.7853981631898461,0.004334221741772628,-0.2512671898361023,0.9910293833244669,-0.8329301108178822,8.519387631832721,64.31468885754491,53.07477887202837,0.2352384580728552,0.022690129600565462,0.019553938436868396,13.0,0.043480307974913056,-0.0028589292109193407
2025-09-11 ,82.30000305175781,85.88999938964844,81.37999725341797,84.30000305175781,10167400,0.0,0.0,0.8880003356933593,-1.0,0.049251269873241174,0.049251269873241174,0.9507487301267589,0.0656048843555076,-0.7853981640592608,0.7853981630592608,-0.8984274639810371,0.898427462756899,0.7396980270079864,0.36768190263310685,0.47071569112807643,-0.9014974602535177,7.902263021483149,62.66524757405211,51.70881920605319,0.3926642111922624,0.0787128765597036,0.02801137347956907,14.0,0.04040186942807473,-0.0022134348101145902
2025-09-12 ,85.30999755859375,86.95999908447266,82.27999877929688,86.12999725341797,5641700,0.0,0.0,0.8780003356933593,-1.0,0.05048880773486383,0.05048880773486383,0.9495111922651361,0.010737512165600701,-0.7853981639413079,0.7853981629413079,-0.8838739300574299,0.8838739288617491,0.9784175426534374,0.11935975782272551,-0.7187011931965633,-0.8990223845302723,7.318805703479412,83.81732558465438,50.34895682905958,0.28204893296306205,-0.05530763911460018,-0.0670102578371519,15.0,0.03799511347178334,-0.0015392192734191637
2025-09-15 ,85.30000305175781,92.05500030517578,85.12000274658203,90.08999633789062,8981300,0.0,0.0,0.8680003356933594,-1.0,0.043345831188657674,0.043345831188657674,0.9566541688113424,0.022471905734242226,-0.7853981643647382,0.7853981633647381,-0.8714783533876438,0.8714783522163326,0.333521692481549,-0.3224479250859442,0.3533453447057162,-0.9133083376226847,7.703530367851474,85.3091924115436,51.25354442892436,0.30927563522592133,0.01361335113142964,0.03446049512301491,16.0,0.03464379230733601,-0.001203377978145695
2025-09-16 ,90.30999755859376,93.12999725341795,89.55999755859375,91.5500030517578,6292100,0.0,0.0,0.8580003356933594,-1.0,0.07302130516539238,0.07302130516539238,0.9269786948346076,0.008037914109079095,-0.7853981639955837,0.7853981629955836,-1.062281962761231,1.0622819612353356,0.5711447074166957,0.11881150746757332,-0.4730932934443228,-0.8539573896692152,7.867397523173861,85.92931553789039,51.62951381972936,0.31807604036885684,0.004400202571467754,-0.004606574279980943,17.0,0.03256713453882502,-0.001675660582223664
2025-09-17 ,90.7750015258789,94.80999755859376,90.22000122070312,93.97000122070312,7031000,0.0,0.0,0.8480003356933594,-1.0,0.06767760720731246,0.06767760720731246,0.9323223927926876,0.013044405526162213,-1.333250880346848,1.333250878457597,-0.785398164010061,0.785398163010061,0.22198402661950423,-0.1745803403985957,0.2374734500866211,-0.8646447855853752,7.624448002941241,85.00672171667757,51.07015356196709,0.355010305420143,0.018467132525643082,0.007033464977087664,18.0,0.030409442861989423,-0.0010383288842554968
2025-09-18 ,97.3000030517578,102.93000030517578,96.85800170898438,98.87000274658205,9441900,0.0,0.0,0.8380003356933594,-1.0,0.0470522431536777,0.0470522431536777,0.9529477568463223,0.025409673434305644,-0.7853981641950674,0.7853981631950673,-1.1964608852992937,1.1964608835666994,0.34135148696313006,0.059683730171812915,0.3215593227261024,-0.9058955136926445,8.11845568948275,86.86265450901183,52.19533763132424,0.3841452032348843,0.014567448907370661,-0.0019498418091362102,19.0,0.02873289755489659,-0.0010788458384177971
2025-09-19 ,98.0,102.98999786376952,96.70999908447266,102.20999908447266,6459900,0.0,0.0,0.8280003356933594,-1.0,0.061653039231447944,0.061653039231447944,0.9383469607685521,0.01661028599301904,-0.7853981639590246,0.7853981629590246,-0.8854828805362926,0.8854828793374573,0.5694420549066141,0.11404528397174205,-0.20940970319345065,-0.8766939215371041,7.467895177259947,96.53088569888645,61.451092309240494,0.2829771975714703,-0.050584002831707026,-0.032575725869538844,20.0,0.027318351395318383,-0.0008382726535464159
2025-09-22 ,105.76000213623048,108.8000030517578,101.58999633789062,102.91999816894533,7692200,0.0,0.0,0.8180003356933594,-1.0,0.044025847959075604,0.044025847959075604,0.9559741520409244,0.00346121529751466,-1.5523091969075065,1.5523091929088735,1.5252184588638689,0.7853981629744899,0.3851351765955031,-0.09215343915555552,-0.655111436362482,-0.9119483040818488,8.20917182938149,99.71922193596063,52.39686274436219,0.3533493824317948,0.03518609243016227,0.04288504763093465,21.0,0.025824439976921763,-0.0007072730797891037
2025-09-23 ,105.0,110.20999908447266,104.6999969482422,106.4000015258789,7835000,0.0,0.0,0.8080003356933594,-1.0,0.05985187671802662,0.05985187671802662,0.9401481232819734,0.016625278817156565,-0.7853981639835067,0.7853981629835067,-0.8721775862198595,0.8721775850471708,0.076394500309141,-0.15437033814318107,0.6553688657224646,-0.8802962465639468,7.779841272697474,97.89757916810102,62.327734711824846,0.3090414270847786,-0.022153977673508102,-0.028670035051835185,22.0,0.02442740514839386,-0.00074695570919831
2025-09-24 ,103.55500030517578,107.72000122070312,96.63099670410156,99.83000183105467,12409300,0.0,0.0,4.948999633789063,-1.0,0.36445973681711763,0.35905564989866207,0.6355402631828824,-0.0318576326813765,-1.145139428221345,1.1451394265623493,-0.7853981640582199,0.78539816305822,0.3400057319387953,0.13180561581482714,-0.9999999793741764,-0.2764846132842203,8.181864149349776,99.60530075405858,63.423004890110015,0.22794774149962418,-0.04054684279257721,-0.009196432559534555,21.0,0.02342231241598404,-0.0006985174142639522
2025-09-25 ,96.26499938964844,100.4499969482422,93.53500366210938,94.29000091552734,10569300,0.0,0.0,4.938999633789063,-1.0,0.2961919633971976,0.2922774585441845,0.7038080366028023,-0.02853905232403916,0.5750475552847869,0.7970361381846429,0.19739555968140599,0.899404772393749,-0.525951060784685,-0.4329783963617402,0.05494639816892885,-0.4115305780586178,8.329209550466722,100.21697493926087,75.48587197296835,0.08073360047092296,-0.07360707051435061,-0.0165301138608867,20.0,-0.022910984532174494,-0.0005025463662049097
2025-09-26 ,96.0,99.64600372314452,94.38999938964844,97.12000274658205,6418000,0.0,0.0,4.928999633789062,-1.0,0.29559226308264225,0.29559226308264225,0.7044077369173578,0.014785025740088399,0.1651486772747703,0.9109926511567518,0.3730414560420866,1.1429776229045814,-0.43931447746042734,0.04331829166212883,0.9999999769181476,-0.40881547383471556,7.725877245720876,97.66383921716289,73.55446310711163,0.13616860738780265,0.027717503458439846,0.05066228698639523,21.0,-0.02406789981455898,-0.023166648474079267
2025-09-29 ,104.25,114.0,103.3479995727539,113.5,12435400,0.0,0.0,13.540003051757799,1.0,0.6616176630673856,0.33838233693261444,0.6616176630673856,0.07777037812085856,0.7098589187721316,0.7853981630008394,0.5525092466947155,0.6796151841858481,0.2404987407423302,0.33990660910137876,0.6805151192996006,-0.32323532613477113,8.4388290418707,100.66730850591418,75.82652167222496,0.26166822384198757,0.06274980822709246,0.017516152384326307,22.0,0.02454601927407597,-0.0005784576411922426
2025-09-30 ,114.0999984741211,120.73999786376952,112.11000061035156,112.1999969482422,11414800,0.0,0.0,13.530003051757799,1.0,0.49733526688023155,0.5026647331197684,0.4960552490481162,-0.005759871818057298,-0.2449786633785505,0.2449786629079623,1.4768837781434259,0.381016218945648,0.9132787343507994,0.3363899968042346,-0.9999999880282893,0.0066094840716522385,8.467186724223069,100.78316177716829,75.9141565767455,0.24899572639213277,-0.0063362487249273985,-0.03454302847600993,21.0,0.023952278336078544,0.024306959544317476
2025-10-01 ,113.05999755859376,123.8499984741211,112.0,121.12000274658205,12237400,0.0,0.0,13.520003051757799,1.0,0.4589274769829753,0.5410725230170247,0.4589274769829753,0.0382307809446552,-0.9151009116378283,0.9151009103813224,-0.7853981639545129,0.7853981629545128,-0.08762442158475972,-0.5004515779677796,0.9999999772678987,0.08214504603404937,8.208482341419867,112.64994838154337,87.19257736634542,0.20057960536334546,-0.024208060514393656,-0.008935905894733129,22.0,-0.023195959246234528,-0.00029687046899871256
2025-10-02 ,128.69000244140625,132.2899932861328,123.26000213623048,124.13999938964844,9453400,0.0,0.0,13.5100030517578,1.0,0.46679586712482013,0.5332041328751799,0.46679586712482013,0.012313449468979965,-0.9474921477581062,0.9474921451210278,1.5453740163548193,0.7853981629552383,0.5964537045880958,0.34203906308642773,-0.512765369079954,0.06640826575035974,7.280264079495771,120.89909030578166,95.6901393462796,0.1433742114407757,-0.028602696961284882,-0.002197318223445613,23.0,0.0236245712151274,-0.023574118791156534
2025-10-03 ,128.2899932861328,137.0500030517578,126.6999969482422,128.41000366210938,10193700,0.0,0.0,13.500003051757798,1.0,0.5389222118601887,0.46107778813981126,0.5389222118601887,0.016907559773760284,-0.927579857145303,0.9275798558647567,-0.7853981639418532,0.7853981629418533,0.20682770328223016,-0.1948130006529328,0.15721942077350637,-0.07784442372037748,7.910236946008435,111.23065549453375,98.4578838908398,0.20461084598139384,0.030618317270309073,0.029610507115796977,24.0,0.022340917329697615,0.023410265230680963
2025-10-06 ,133.60000610351562,134.7899932861328,119.29000091552734,121.16999816894533,9963900,0.0,0.0,3.9600012207031394,-1.0,0.15808386180716483,0.15595869834543108,0.8419161381928352,-0.029008756471061097,-0.7853981640024901,0.7853981630024901,-0.9450062288092257,0.9450062274954034,0.27548533760707655,0.0343288171624232,-0.9999999782212499,-0.6859574398474041,9.268522913220979,117.4292407780437,103.95389269110296,0.09230279944713564,-0.0561540232671291,-0.04338617026871909,23.0,0.02143143643260755,-0.0006418269427148921
2025-10-07 ,125.1999969482422,125.1999969482422,115.68000030517578,120.9499969482422,6594600,0.0,0.0,3.950001220703139,-1.0,0.18483859209306427,0.18476413019775056,0.8151614079069357,-0.0009086454036835871,0.8297640694819564,1.1023020122389415,0.321750554137128,0.7935609164923356,-0.3509408474594357,-0.31321309253325613,0.9392563647661651,-0.6303972777091851,5.957380721953717,125.13298237125694,100.90396500882976,0.073604084932755,-0.00934935725719032,0.02340233300496939,22.0,-0.02099056880041187,-0.00045474044854503307
2025-10-08 ,121.5,132.27999877929688,120.1999969482422,131.8800048828125,7173400,0.0,0.0,3.9400012207031394,-1.0,0.18437064643491038,0.18437064643491038,0.8156293535650896,0.043230660346527686,0.24497866291610543,1.4309437642078868,0.5862423502831403,1.2043911909302112,-0.011340270928248951,0.16980028826559337,0.9999999773444561,-0.6312587071301792,6.158032618507812,126.56460779459947,102.06227269228171,0.1487244277644108,0.0375601714158279,0.02345476433650911,23.0,-0.022213270039403002,-0.02121100261650971
2025-10-09 ,127.0,131.60499572753906,126.12000274658205,129.67999267578125,3561500,0.0,0.0,3.930001220703139,-1.0,0.20565163077869034,0.20487540873317256,0.7943483692213097,-0.008411118777971432,1.0820504006219274,0.32175055413901504,0.8280822181145429,0.48119007928727675,0.539969638725125,0.275654954826687,-0.9999999806358341,-0.5894729604881371,5.630979395870409,122.73276850880511,98.96189151228064,0.16269771100694222,0.006986641621265707,-0.015286764897281098,22.0,0.022617111598663846,-0.000611350619495566
2025-10-10 ,131.4600067138672,132.0,116.16999816894533,116.91000366210938,7860200,0.0,0.0,4.019998779296875,-1.0,0.24216862342270298,0.236156177264754,0.757831376577297,-0.05178632224874914,1.1718534746729068,0.4636476086632574,1.4804892585892582,0.26416019304468796,-0.12935136446338102,-0.33466050159425303,-0.7205489471051648,-0.521675199312543,5.612326206184507,122.59278685012205,98.84862505241354,0.060175525828358715,-0.05126109258929175,-0.029123867105278728,21.0,-0.022138345528333322,0.022415190819033426
2025-10-13 ,129.74000549316406,135.91000366210938,124.0479965209961,134.61000061035156,8297300,0.0,0.0,4.009998779296875,-1.0,0.20314071243219944,0.20314071243219944,0.7968592875678006,0.07037212407593844,1.5286105165168065,1.4522579592650007,0.3217505541267929,1.521590084106553,-0.5868852138764894,-0.2287669247065542,0.9999999918139104,-0.5937185751356011,5.359967448068455,120.66724079692783,97.29052165945109,0.21701258718674835,0.07841853067919481,0.06483981163424328,22.0,-0.022678429784577594,-0.022377728563498584
2025-10-14 ,123.58999633789062,130.47999572753906,120.95999908447266,127.29000091552734,7078600,0.0,0.0,3.999998779296875,-1.0,0.2026341269602013,0.20001376924677064,0.7973658730397987,-0.027949597755542257,1.4270871459076262,0.32397361925188367,0.9027770354924934,0.16514867727304883,0.7020511066284509,0.6444681602524702,-0.9999999898293076,-0.597352103793028,5.212256425620104,131.54485535490727,96.35531827179258,0.12277271028675861,-0.04711993844999487,-0.06276923456459484,21.0,0.0238952146925907,-0.000270042128122136
2025-10-15 ,134.75,144.5500030517578,130.5,144.3000030517578,8971100,0.0,0.0,3.989998779296875,-1.0,0.14059189897156432,0.14059189897156432,0.8594081010284357,0.06263117893793851,0.1973955596929888,0.799403695446852,0.3381749149814399,0.4257153035363144,-0.29559740616579855,-0.49882425639712474,0.9999999889601301,-0.7188162020568714,5.218741585389001,131.6011277937871,96.39675265403608,0.24777043512664926,0.062498862419945324,0.054809400434970096,22.0,-0.022955082026003933,0.023286822238584148
2025-10-16 ,146.0,149.08999633789062,141.6999969482422,144.27000427246094,6289600,0.0,0.0,3.979998779296875,-1.0,0.14148592847136807,0.1414794160293437,0.8585140715286319,-0.00010395667787875923,-0.7853981639329849,0.7853981629329848,-0.9749624611273134,0.9749624597572023,0.6625371997957064,0.47906730298075245,-0.9999999840599694,-0.7170346554992882,5.078152927897238,142.57974569730874,106.81106539674435,0.15620507764614422,-0.04578267874025252,-0.05414077058009892,21.0,0.023833393293596877,-0.023425148359297317
2025-10-17 ,139.22000122070312,150.82000732421875,136.2899932861328,140.16000366210938,8279800,0.0,0.0,3.969998779296875,-1.0,0.13295370675794002,0.13208328263375094,0.86704629324206,-0.014449954279426868,-1.1856806920895717,1.185680690371822,-0.7853981639420912,0.7853981629420912,-0.001326369502573928,-0.33193178464914014,-0.9857141944813572,-0.734963010608309,5.315514237746883,132.43526748780135,120.32173003717368,0.10465304455720092,-0.025776016544471647,0.010003331097890436,20.0,-0.023254743513387327,0.023394237659800407
2025-10-20 ,145.97999572753906,152.6300048828125,145.5,148.0399932861328,6626100,0.0,0.0,3.959998779296875,-1.0,0.17894251719629983,0.17894251719629983,0.8210574828037002,0.027342087812161235,-1.0321533311035112,1.0321533281560704,0.4913466482547406,0.7853981629838042,-0.18139401510527545,-0.09003382280135076,0.9999999760720002,-0.6421149656074003,5.291035103200055,132.22524528296233,120.13063077578455,0.16093915592194,0.028143055682369536,0.02695953611342059,21.0,-0.024230565340038673,-0.023544068403492102
2025-10-21 ,145.8000030517578,150.16000366210938,142.75999450683594,149.2899932861328,4177900,0.0,0.0,3.949998779296875,-1.0,0.24173781982501896,0.24173781982501896,0.758262180174981,0.004204083195275662,-1.3767442326285841,1.3767442307029558,-0.7853981639517371,0.785398162951737,0.362414036278259,0.27190402569176725,-0.7334647326284429,-0.5165243603499621,5.332346593696727,144.99215217586854,120.4527882228744,0.12192193048953011,-0.019508612716204944,-0.02382583419928724,22.0,0.024672193936028625,-0.00048791091332567316
2025-10-22 ,149.10000610351562,157.39999389648438,144.82000732421875,146.9499969482422,7516800,0.0,0.0,3.939998779296875,-1.0,0.18664133895689447,0.18598030519276496,0.8133586610431055,-0.007898988708578135,0.7177779204742954,1.406900023235656,0.6668274138458126,0.5880026031573642,0.06390221820540173,-0.14925590903642866,-0.999999917376355,-0.6273783558503405,5.332388853107714,144.9925466983753,120.45311690545583,0.1061208996385661,-0.007900515425482008,0.005804048645361468,21.0,0.023298799058860627,0.02445137963803365
2025-10-23 ,146.9949951171875,167.9499969482422,146.0,167.0500030517578,9011400,0.0,0.0,3.929998779296875,-1.0,0.15601422780479413,0.15601422780479413,0.8439857721952059,0.06401275829145103,-0.4636476094560548,0.46364760865605475,1.4771492769082941,1.05343373263025,-0.12452764566447998,-0.09421493193494085,0.9999999860940663,-0.6879715443904117,5.328838722649725,144.95939625843724,120.42549877107871,0.23455070123790084,0.06421490079966738,0.03605770811257469,22.0,-0.023173448072406132,-0.000686697438583999
2025-10-24 ,174.39999389648438,187.36000061035156,173.5,186.16000366210935,10653100,0.0,0.0,3.919998779296875,-1.0,0.08789233728351169,0.08789233728351169,0.9121076627164884,0.05410379164549663,-0.7853981639448416,0.7853981629448417,-1.4594116437741638,1.4594116417988745,0.8073464886222134,0.46593706714334665,-0.08389143238058108,-0.8242153254329767,5.236594519520761,156.70186694874454,119.70347675973657,0.3069251780638067,0.03618723841295293,-0.014013831193357223,23.0,0.023844584730374204,-0.023236123565633378
2025-10-27 ,191.5,191.8500061035156,173.72000122070312,176.49000549316406,11235500,0.0,0.0,3.909998779296875,-1.0,0.08313839848573634,0.08211473424273585,0.9168616015142637,-0.026664822624628545,-0.9561761181150106,0.9561761167800571,-0.7853981639156301,0.7853981629156301,0.8106133083043693,0.0016334098410779596,-0.9999999876189533,-0.8347468672715278,5.155722867648048,181.72197417041616,119.06334890572508,0.18219744874478583,-0.06236386465951044,-0.049275551536231685,22.0,0.02270668425476581,0.02350901640139017
2025-10-28 ,175.49000549316406,178.82000732421875,164.55999755859375,175.52999877929688,9140800,0.0,0.0,8.93000244140625,-1.0,0.19476556712435275,0.1945293846719187,0.8052344328756472,-0.002727136816702466,-0.7853981640088067,0.7853981630088067,-1.5218374981567406,1.5218374961615306,-0.4334790336217965,-0.6220461709630829,0.8144297096380437,-0.6107050482037285,5.1130012862947956,181.2049104660493,118.72244306969424,0.1796015362296094,-0.0012979562575882175,0.03053295420096111,21.0,-0.021948605040012857,-0.0005689502378041968
2025-10-29 ,186.6699981689453,205.63999938964844,181.5099945068359,204.36000061035156,9365000,0.0,0.0,13.779993286132841,1.0,0.3354428595890609,0.6645571404109392,0.3354428595890609,0.07589039426511493,0.4432865460791617,1.0409811695025457,0.5940243643557702,0.7853981629243879,-0.046549143337435636,0.19346494514218043,0.9999999872801909,0.32911428082187827,5.123796498129006,181.335840759947,118.80876740769386,0.330950152576212,0.07567430817330131,0.038486132215444765,22.0,-0.023227612791684168,-0.022327644647389334
2025-10-30 ,192.02000427246097,204.9199981689453,191.08999633789065,195.82000732421875,7341500,0.0,0.0,13.769993286132841,1.0,0.33519943214129383,0.6648005678587061,0.33192336780517845,-0.02134037962118564,-0.7853981639160911,0.7853981629160911,-1.0071854753297484,1.0071854739005777,0.8882570280989103,0.46740308571817296,-0.9999999897151904,0.33287720005352767,5.150162444227205,194.94255917635732,119.0190869463692,0.25120149652843093,-0.03987432802389054,-0.05777431809859593,21.0,0.023937965868802143,-0.0006395038758356553
2025-10-31 ,203.5,209.77000427246097,189.5800018310547,199.3300018310547,6920700,0.0,0.0,13.759993286132842,1.0,0.30435724934126707,0.6956427506587329,0.30435724934126707,0.008882688663830176,1.5156796779578825,0.7853981629166054,-0.9375491109116261,0.9375491083123716,-0.35908198320321755,-0.6236695056510639,0.9999999669126921,0.39128550131746587,5.252139138546405,196.25437242809755,131.89017487761836,0.21427114988320964,-0.018465173322610648,0.010704577350639947,22.0,-0.02302852376273788,0.023582789330243156
2025-11-03 ,210.8500061035156,213.3999938964844,189.1000061035156,207.0099945068359,10626000,0.0,0.0,13.749993286132842,1.0,0.431169443377164,0.568830556622836,0.431169443377164,0.01890041035831223,-0.6939263340715688,0.6939263324354187,1.2127063100415145,0.7853981629594061,0.16062642138947764,0.2598542022963476,0.3605688957135162,0.13766111324567198,5.3694293071750225,197.74208470829618,132.8955414978081,0.24450357651812527,0.015116213317457813,0.01679069332003423,23.0,0.023345935745289665,-0.02348324481577001
2025-11-04 ,188.1349945068359,202.97999572753903,185.0,194.57000732421875,9800800,0.0,0.0,13.73999328613284,1.0,0.4838026844728898,0.5161973155271102,0.47683650276965167,-0.03097760626997228,-0.6086913659690013,0.6086913640073087,1.383303340510124,0.7853981629633243,0.32897546653723336,0.08417452257387786,-0.9999999799510877,0.03936081275745856,5.526004529849817,199.6942874444325,146.77833248948627,0.1279364627426759,-0.058283556887724686,-0.03669988510259125,22.0,0.022402395449244755,0.02318722975401377
2025-11-05 ,201.8800048828125,218.94000244140625,201.8699951171875,216.5,10336300,0.0,0.0,13.72999328613284,1.0,0.40453719205931676,0.5954628079406832,0.40453719205931676,0.05334855933306914,0.4342075739331813,0.7853981629181437,0.8671669850208495,1.3921538254930683,-0.44607026146437656,-0.38752286400080493,0.9999999881412848,0.19092561588136642,5.400823190476434,198.1365582610246,145.6286765231131,0.24258227160861767,0.05732290443297089,0.05780323066034779,23.0,-0.02190224872260999,-0.00047177014802245523
2025-11-06 ,212.0,226.5,205.17999267578125,207.69000244140625,10402700,0.0,0.0,13.71999328613284,1.0,0.3306022478586227,0.6693977521413773,0.3274604188577862,-0.020768989150824417,-0.8131092639370894,0.8131092628816956,-0.7853981639270867,0.7853981629270866,0.7159022033391279,0.5809862324017523,-0.9999999865079188,0.3419373332835911,5.351922094799549,211.21768293096113,145.17467786064108,0.1706331118085329,-0.03597457990004238,-0.046648742166506635,22.0,0.022700591634144545,-0.02215232208592737
2025-11-07 ,208.4199981689453,240.0,203.3999938964844,239.47999572753903,20552100,0.0,0.0,13.70999328613284,1.0,0.2492726052024153,0.7507273947975848,0.2492726052024153,0.07109151646198367,-0.7853981639635859,0.7853981629635859,-1.1581085112021996,1.1581085095239187,-0.29953078531872707,-0.5077164943289275,0.999999989113929,0.5014547895951695,5.280786574203368,210.2543287213541,157.15422845480353,0.27569710966798877,0.05253199892972793,0.044253289414885155,23.0,-0.022011036657554304,0.022301420178377267
2025-11-10 ,247.0,270.9100036621094,247.0,267.95001220703125,15276400,0.0,0.0,13.699993286132841,1.0,0.1984355676494267,0.8015644323505733,0.1984355676494267,0.056106292561166844,-0.46364760943043576,0.4636476086304357,1.312962389019268,1.4579446107547391,0.8667949489822848,0.5831628671505059,-0.11781039231799237,0.6031288647011466,5.11807336181302,235.66450004834678,155.4757695489523,0.33635090136990176,0.030326895850956492,-0.011102551539385719,24.0,0.022838590392912212,-0.022355814145849424
2025-11-11 ,262.2900085449219,275.8699951171875,255.8699951171875,271.5799865722656,12180900,0.0,0.0,13.689993286132841,1.0,0.1889056582797726,0.8110943417202274,0.1889056582797726,0.00672803064416678,-0.954092241894642,0.9540922405636185,-0.7853981639089161,0.7853981629089161,0.7647163542022724,-0.05103929739000623,-0.7858485396554746,0.6221886834404549,5.093537205461111,263.72108641364036,155.21955080621555,0.29439039317066873,-0.020980254099616513,-0.025653574975286503,25.0,0.021755819901338225,0.022424813525233258
2025-11-12 ,271.5799865722656,284.760009765625,267.04998779296875,283.1000061035156,13730300,0.0,0.0,13.679993286132841,1.0,0.16814147760413095,0.831858522395869,0.16814147760413095,0.020768767006859798,-1.0609266580805956,1.0609266565570077,-0.7853981639538181,0.785398162953818,0.11869150810290846,-0.3230124230496819,0.5106316753775558,0.663717044791738,5.191174182570952,265.43348283826407,169.0664715694619,0.2899720965115436,-0.002209148329562566,0.009385552885026974,26.0,0.020468280397976674,-0.0005413852457869933
2025-11-13 ,268.0,271.8399963378906,234.1300048828125,243.57000732421875,23274900,0.0,0.0,21.729990234375,-1.0,0.4291919442763423,0.4132290901402522,0.5708080557236577,-0.0750564827528782,-0.8990063650290862,0.8990063638038198,-0.785398163942171,0.785398162942171,0.3908785256479567,0.13609350877252413,-0.9999999895643372,-0.15757896558340545,5.253156317649156,281.1828947338753,182.89048748467746,0.07145796900575054,-0.10925706375289654,-0.053523957711666986,25.0,0.01978197855267954,-0.0006437697516807755
2025-11-14 ,236.0,270.489013671875,235.0500030517578,254.16000366210935,19464400,0.0,0.0,21.719990234375,-1.0,0.4289944329384875,0.4289944329384875,0.5710055670615125,0.02127658791742314,0.5671791184992,1.533147329444499,0.24497866289871745,0.8197910706563727,-0.7339403890984635,-0.5624094573732101,0.999999989619349,-0.14201113412302502,4.944224798229847,275.43592017375994,179.1331638873708,0.13472177012994727,0.031631900562098365,0.07044448215749745,26.0,-0.018878572366337092,-0.0003431509226485673
2025-11-17 ,253.3999938964844,282.79998779296875,253.0,265.8800048828125,14211500,0.0,0.0,10.949991455078125,1.0,0.21627474617912484,0.7837252538208752,0.21627474617912484,0.02253672992102253,1.3627593021910156,0.809573245569491,0.3805063767783132,1.4280245900333834,0.2581405446056856,0.49604046685207454,0.02876161945745207,0.5674505076417504,4.95098704841713,275.564270588236,179.21708254862395,0.17933574194952015,0.022306985909786442,-0.004662457326155962,27.0,0.01978608137095279,-0.019330275459508314
2025-11-18 ,257.1499938964844,260.6319885253906,229.11000061035156,244.92999267578125,16433900,0.0,0.0,5.93000244140625,-1.0,0.11044894500042204,0.10831137037296211,0.889551054999578,-0.041013316707115006,1.4620337828483074,0.45239808032258444,0.9066753992872826,0.32175055411335524,0.2805132263690061,0.011186340881660262,-0.9999999842643705,-0.7812396846266159,5.150668464412266,279.30220644833906,194.94911165184305,0.0484559598012892,-0.06543989107411548,-0.04387343849195096,26.0,0.019049202629842846,0.01933232686864494
2025-11-19 ,251.11000061035156,256.9800109863281,233.78500366210935,245.9600067138672,12005800,0.0,0.0,5.92000244140625,-1.0,0.11026269053241507,0.11026269053241507,0.8897373094675849,0.0020982583457935847,0.16419133308385564,0.89453975684323,0.15254601955552952,0.7853981629168959,-0.4047952971101662,-0.34265426173958613,0.9999999768043739,-0.7794746189351698,5.064702164041002,277.70515105068205,207.27319870226185,0.02487011502927077,-0.011792922386009215,0.02682348434405313,27.0,-0.018502763984840173,-0.00036843937055497204
2025-11-20 ,252.1699981689453,254.6000061035156,192.6199951171875,195.9600067138672,26590900,0.0,0.0,5.91000244140625,-1.0,0.0655356278709639,0.06166954728097278,0.9344643721290361,-0.11314264681560145,0.5817632508138897,0.8470683054494492,0.2449786629038154,0.47460252480446585,0.02137288701724463,0.21308409206370543,-0.9999999913225257,-0.8727948248480634,5.058715151712073,277.5932478534786,207.18938931878313,-0.20198451110074703,-0.1134273130650089,-0.05081719533949984,26.0,0.01888539076327491,-0.01877598330734151
2025-11-21 ,205.3699951171875,205.5,183.0,200.27000427246097,20061000,0.0,0.0,5.90000244140625,-1.0,0.0759996304806307,0.0759996304806307,0.9240003695193693,0.010877514168765208,0.964247238322143,1.1290679115478972,0.083141231807693,1.3877596020626812,-0.5598976290436856,-0.2906352580304651,0.9999999919367949,-0.8480007390387385,4.561242497243453,282.14228247883455,199.97781982615558,-0.17064249806057122,0.015671006520087905,0.06454915979254841,27.0,-0.017754867109268966,0.018694077374057542
2025-11-24 ,206.0500030517578,228.17999267578125,205.1300048828125,226.9600067138672,13798900,0.0,0.0,5.89000244140625,-1.0,0.07961613364040662,0.07961613364040662,0.9203838663595934,0.062472208775287405,0.058755822658295896,1.503780947698891,0.2916701269118822,1.540459295687374,0.08176494065830567,0.3208312848509956,0.7034068000838826,-0.8407677327191867,4.607201142131931,268.8832113503468,200.66569775446612,-0.02318490738856984,0.07372879533600069,0.02902889440795639,28.0,0.018957165289350746,-0.01832012893627194
2025-11-25 ,228.3999938964844,229.06900024414065,209.0,220.5,14680600,0.0,0.0,5.88000244140625,-1.0,0.08212293212524656,0.0815857786913422,0.9178770678747534,-0.014437059439812917,0.6260373380993194,0.39860467428263896,0.7853981629148973,0.40746116477875843,0.4342653306915045,0.17625019501659944,-0.9999999869976661,-0.8362912891834112,4.566605370445275,282.2553847940277,200.05832831892383,-0.07481292839928533,-0.025814010505357744,-0.04977140292067921,27.0,0.01863237001074783,0.018356016199309856
2025-11-26 ,226.0,228.0,205.3999938964844,215.0399932861328,43000900,0.0,0.0,5.87000244140625,-1.0,0.12741762161753953,0.12669610700073083,0.8725823783824604,-0.012536177614073149,0.6435011083320851,1.432403852496008,0.8002234153302314,1.0257421177151196,-0.10517811715938157,-0.269721723925443,0.07047288211901967,-0.7458862713817296,4.582567011097551,282.59148474003257,200.29757021751377,-0.10107919880233311,-0.013133135201523892,0.006340437651916926,26.0,-0.01806289371280945,-0.00016239763930145888
2025-11-28 ,225.25,237.77000427246097,211.72999572753903,223.27999877929688,13367500,0.0,0.0,8.691004028320313,1.0,0.2662685107487042,0.7337314892512958,0.2662685107487042,0.018799063794320486,1.4292165850618506,0.7853981629196705,1.1232756878044319,1.5527990011030108,-0.0882016034305831,0.008488256864399232,0.9999999680870508,0.4674629785025916,5.328709216463522,282.5535454389742,197.2280985058734,-0.055687912925660686,0.022695642938336213,0.01791438906993005,27.0,-0.018761083078855687,-0.018347631861778638
2025-12-01 ,211.83999633789065,215.3000030517578,205.2400054931641,210.1699981689453,10280900,0.0,0.0,8.681004028320313,1.0,0.2668614925938817,0.7331385074061183,0.26311396733445375,-0.0302457047010131,0.8293688866530664,0.35985450247230644,0.7853981629201189,0.526107734473214,0.15169236527546354,0.11994698435302331,-0.9999999796104659,0.47002454007166455,6.2467355421929875,282.6945683290586,208.2287126218338,-0.14358533491417597,-0.043948710994257636,-0.033322176966296926,26.0,0.019020107772944193,-0.0003490946830231184
2025-12-02 ,211.75,217.0,192.8000030517578,205.3500061035156,11095800,0.0,0.0,8.671004028320313,1.0,0.19281751818873383,0.8071824818112662,0.191808714355944,-0.011599903773271034,0.19739555966613145,1.159530328585742,0.6056415332117709,1.5646770981651832,-0.2400664435312821,-0.19587940440337281,0.4455855981545851,0.6153737674553221,5.219615763037685,280.5701568214974,209.41889427112173,-0.16586429588605434,-0.011139480485939185,0.016404615254159226,25.0,-0.018602963019004652,0.01889059542589994
2025-12-03 ,196.69500732421875,199.17999267578125,187.6999969482422,194.3800048828125,9868200,0.0,0.0,8.661004028320313,1.0,0.17297788618718657,0.8270221138128134,0.17078323077058744,-0.02744352667850676,0.32175055411108605,1.1143005230751846,0.2714028518309631,1.1299339803841595,-0.09659666804298751,0.0717348877441473,-0.40579483708556846,0.656238883042226,5.346840458465983,282.8805248407915,197.45728496905485,-0.19545842735837335,-0.014797065736159506,-0.0018287926251101608,24.0,-0.01950525667330168,-0.018811535395974424
2025-12-04 ,192.3249969482422,214.9900054931641,189.67999267578125,213.30999755859375,12166500,0.0,0.0,8.651004028320312,1.0,0.29525607942901927,0.7047439205709807,0.29525607942901927,0.046432320053033174,0.04566962953005835,0.7853981629220063,0.15834905363311969,0.8813261579164047,-0.1864655915747133,-0.04493446176586289,0.9999999864637763,0.4094878411419614,5.84138426837042,261.3170664292634,203.51597263721754,-0.07799299242103482,0.05873271746866927,0.03676489160241439,25.0,-0.020149234872161307,-0.0004511468271485141
2025-12-05 ,212.3999938964844,229.4499969482422,211.25,228.47000122070312,8451300,0.0,0.0,8.641004028320312,1.0,0.20697015636695357,0.7930298436330464,0.20697015636695357,0.03431573114219452,1.444340446874171,0.46364760862610654,1.375955959986076,1.325371932903649,0.45397734670600165,0.3202214691403575,-0.15005425618866824,0.5860596872660928,5.564212204811133,257.02642508676496,200.16498629086541,0.007244486583254442,0.04261873950214463,-0.00805698898326232,26.0,0.020795418689810167,-0.0003219890994298133
2025-12-08 ,235.66000366210935,238.86000061035156,215.6000061035156,225.47000122070312,8710000,0.0,0.0,8.631004028320312,1.0,0.16870608699179376,0.8312939130082062,0.16820720270223402,-0.006608802889952917,1.2026596078293907,0.2899336468913924,1.5485470741506262,0.19739555966648858,0.4582775059047292,0.00215007959936378,-0.9999999755647804,0.6630867103059722,5.402960472531771,254.46360992149775,198.16335752135993,0.0040623339447245005,-0.0015910763192649707,-0.0221049079107048,25.0,0.019888864326253114,0.020472326780985737
2025-12-09 ,222.27000427246097,224.3300018310547,213.5,219.4600067138672,6299000,0.0,0.0,8.621004028320312,1.0,0.1752948889270169,0.824705111072983,0.17422369118421585,-0.013507730203982429,0.8140724199537857,0.15967219057353554,0.7853981629249435,0.3352229565103277,-0.08113303645639398,-0.2697052711805616,-0.3429481083478179,0.6504814198887672,5.807107414628432,231.49830967683778,203.10746275271597,0.012016122141806102,0.0039768940985408004,0.0027839852089028855,24.0,-0.019549860374871223,-0.00045327718177852645
2025-12-10 ,218.0,234.1699981689453,215.1999969482422,232.86000061035156,6090400,0.0,0.0,8.611004028320313,1.0,0.3118798927187227,0.6881201072812773,0.3118798927187227,0.029625030242978804,0.3217505541172891,0.9994937714447899,1.1616749666824653,1.3425654069362407,-0.18930456723164946,-0.054085765387627736,0.9999999768157668,0.3762402145625546,5.785686148210636,245.7269248428277,202.85133862586153,0.04209029399695939,0.015037085927576644,0.005530095914517922,25.0,-0.02028345239308833,-0.019719362350562167
2025-12-11 ,230.0,244.19000244140625,217.6699981689453,241.61000061035156,7622500,0.0,0.0,8.601004028320313,1.0,0.28025426341172377,0.7197457365882762,0.28025426341172377,0.018441629560326776,1.1260217958317085,0.4636476086414565,1.5301673441362253,1.2381110443149912,0.476363853264407,0.33283421024802823,-0.2326643976459238,0.43949147317655246,5.748156512561147,230.69438729972055,202.40106773156344,0.11165233414034301,0.03478102007169181,0.009871967072057581,26.0,0.020662763729944817,-0.0003667960091085533
2025-12-12 ,232.11000061035156,236.0,204.8000030517578,206.17999267578125,12083200,0.0,0.0,10.389993896484375,-1.0,0.2637723802355486,0.2533723308356814,0.7362276197644514,-0.07912192872950363,0.9653761306797765,0.10681083823068814,0.7853981629284752,0.41027037890443496,0.3723301521348911,-0.05201685056475794,-0.9999999897502715,-0.48285528892877,5.735283748072419,230.5181008802172,202.24616691743356,-0.04615795769338765,-0.07890514591686533,-0.056843082994278565,25.0,0.019763081765773034,0.020473108061516573
2025-12-15 ,214.44500732421875,217.0,200.3419952392578,201.8699951171875,6265000,0.0,0.0,10.379993896484375,-1.0,0.2367266965778044,0.2356007939882114,0.7632733034221956,-0.010562425407498117,0.2984990401862648,1.2225032311786526,0.19335809747388977,0.785398162930517,-0.8091373348724805,-0.5907337435036858,0.7644533231830019,-0.5276725094339841,5.59319136381099,228.5542496600573,200.52054214131442,-0.058721245659312346,-0.006281643982962347,0.036311750966951495,24.0,-0.018834742719532123,-0.00044984098208589174
2025-12-16 ,201.1300048828125,210.5,199.5,209.30999755859375,6638400,0.0,0.0,10.369993896484376,-1.0,0.23204281338047889,0.23204281338047889,0.7679571866195212,0.018094271545144834,0.14189705447153234,1.4653991536187785,0.5469059781633755,1.0594268698949432,-0.16338514765750675,0.32287609360748687,0.9999999651041442,-0.5359143732390423,5.630630165243895,229.07492295008217,200.97805687143668,-0.024806033447128444,0.01695760610609195,0.011619625044527149,25.0,-0.020311099417864416,-0.01929891224265258
2025-12-17 ,215.9900054931641,221.9900054931641,205.52000427246097,206.8300018310547,8232300,0.0,0.0,4.980005493164091,1.0,0.1364385066620299,0.86356149333797,0.1360750590842704,-0.005959522591379022,0.19114205889570698,0.7853981629416179,0.9808827956007397,0.7975803653719074,0.2968173593707533,0.23010125351413002,-0.9999999584265188,0.7274864342536996,5.625061111622421,228.99762043903763,200.91013138364778,-0.03638744780432262,-0.005790707178597088,-0.01137415664234452,24.0,0.02056678848337169,-0.0007381783491661464
2025-12-18 ,222.73500061035156,231.0,214.0,219.4600067138672,9924100,0.0,0.0,4.970005493164091,1.0,0.15777795216393942,0.8422220478360606,0.15777795216393942,0.029627729080311218,0.6435011083475456,0.2958820951964973,0.8563796838633841,0.5269371062382296,-0.1030757494366674,-0.19994655440371037,0.9999999719000506,0.6844440956721212,5.690203669391161,229.89863962070353,201.7018521939048,0.018955442995790037,0.027671445400056328,0.016731076289326706,25.0,-0.020353799598182867,0.02043894395061805
2025-12-19 ,222.2899932861328,243.7100067138672,221.0,237.61000061035156,10925000,0.0,0.0,4.960005493164091,1.0,0.11219191902109131,0.8878080809789087,0.11219191902109131,0.039709439704298584,0.9643285486655135,0.1973955596789169,1.1839910814698453,0.20938537123949202,0.5400319011624294,0.3215538252995484,0.1454012422962369,0.7756161619578175,5.832640520887648,231.84480149141382,203.41191903367266,0.08998004190972261,0.03551229945696629,0.00392042702845498,26.0,0.020662785723115976,-0.020460294040777278
2025-12-22 ,249.64500427246097,252.0,226.6000061035156,241.0500030517578,8663400,0.0,0.0,4.950005493164091,1.0,0.10649754621709767,0.8935024537829024,0.10649754621709767,0.007186734665707687,1.44014209876081,0.047863445788135915,0.7853981629365566,0.08675450852258204,0.7076900001199763,0.08382904947877345,-0.6935044229511236,0.7870049075658048,5.760165328746137,230.85860257444094,202.54536161794775,0.10861975226739834,0.009319855178837863,-0.013096222139064213,27.0,0.0199299286393362,0.02050829266064942
2025-12-23 ,238.4199981689453,245.5,234.0,244.8999938964844,5305700,0.0,0.0,4.940005493164091,1.0,0.13000014455694978,0.8699998554430503,0.13000014455694978,0.007922606994350177,1.2533418387597914,0.045423279381687956,0.8566824334290114,0.06718755161670743,0.1626331410692241,-0.2725284295253761,0.04870313323343956,0.7399997108861005,6.165265800950783,236.26799809852696,207.29844797623798,0.10128679980332816,-0.0036664762320350874,-0.006493165705436475,28.0,0.01892724877761553,-0.00036642854188988737
2025-12-24 ,244.8999938964844,261.3699951171875,244.5,250.0800018310547,5642600,0.0,0.0,4.930005493164091,1.0,0.12212053726667767,0.8778794627333223,0.12212053726667767,0.01046508541614197,0.11639458617114323,0.7040092127134119,0.7853981629237641,0.10234395707288704,0.19163610077661233,0.014501479853694113,0.13827065554296425,0.7557589254666446,6.449694845179313,239.92443366812347,210.5111709560113,0.10684950677699549,0.002781353486833664,0.0032239148594343757,29.0,0.018244761844286438,-0.0005013399308603349
2025-12-26 ,259.5950012207031,261.5,245.1000061035156,250.0500030517578,5553700,0.0,0.0,4.920005493164091,1.0,0.14097439408606027,0.8590256059139397,0.14097065032584807,-5.998196269768725e-05,0.78539816292078,0.05188978239030566,1.1931895416566336,0.07833750092292908,0.27453253757101875,0.04144821839720321,-0.9999999049887408,0.7180549555880916,6.725863731672939,243.3721673494478,213.54045790195335,0.09245184123256048,-0.0071988327722175074,-0.004990093129525586,28.0,0.017623746733649515,-0.00034124346666454704
2025-12-29 ,241.55499267578125,250.0,236.0099945068359,244.25,5706200,0.0,0.0,8.480005493164091,-1.0,0.30836383611505785,0.3067315392293817,0.6916361638849422,-0.011733771021543972,0.7853981629209225,1.4074692391707688,1.21563209352958,0.9205636673100509,-0.0016246920869780962,-0.1380786148289984,-0.989828096672555,-0.3849046246555605,6.856070907961477,244.9646742119254,214.93966527165767,0.06245660324295058,-0.014997618994804948,-0.00389939311129372,27.0,-0.0175433937485928,-0.00031050755531846115
2025-12-30 ,245.8699951171875,247.47999572753903,236.52000427246097,240.22000122070312,6617000,0.0,0.0,8.470005493164091,-1.0,0.3322873153336737,0.33104712758132265,0.6677126846663263,-0.008318365985804321,0.3217505541227291,1.1978086041571308,0.39907924670744255,1.3977620622033835,-0.35865521032920344,-0.17851525912111268,0.17032622827989932,-0.3366655570850036,6.883299254041096,245.29511248312298,215.22999325509468,0.04447056578146993,-0.008993018730740328,0.00300230013203231,26.0,-0.01808557432370479,-0.017583570241121158
2025-12-31 ,241.4149932861328,241.8999938964844,235.2400054931641,237.3800048828125,4180400,0.0,0.0,8.460005493164092,-1.0,0.3221632621043318,0.321306986335909,0.6778367378956682,-0.00594639091624107,0.7051840580097268,1.3439979973536316,0.4636476086474261,1.3373640402027327,-0.21819054847792724,0.0702323309256381,0.16628218199364878,-0.35652975155975924,7.009309302623145,246.8129927990766,216.56361904287166,0.02640460701450313,-0.009032979383483398,-1.9980326371535004e-05,25.0,-0.01879750423855714,-0.0002710902875559945
2026-01-02 ,244.3500061035156,275.79998779296875,244.0,275.239990234375,11104300,0.0,0.0,28.309992065429714,1.0,0.6979784127165671,0.30202158728343287,0.6979784127165671,0.07385584977602662,0.23948922784340232,0.7853981629433199,0.816608653110517,1.3907481916979656,-0.16538889657935915,0.026400825949284043,0.9999999874690237,-0.39595682543313426,7.22328400522963,249.34892600766042,203.8978563233923,0.19940721437001707,0.08650130367775696,0.04776714153062018,26.0,-0.019555727570267536,-0.0003559649574261751
2026-01-05 ,284.2200012207031,285.0,266.3299865722656,274.0799865722656,9812600,0.0,0.0,28.299992065429716,1.0,0.5687298068640649,0.43127019313593506,0.5681963056987018,-0.0021117084961169976,1.3671685164058214,0.03224688240397996,1.3244286180376452,0.12419188583403985,0.9975942499019833,0.5814915732406712,-0.9999999868364864,-0.13692611256276677,7.020148381974469,262.44016012205634,201.92619315494824,0.17445731317518262,-0.012474950597417225,-0.049488127137587094,25.0,0.02016980945989407,-0.0003791116658551988
2026-01-06 ,288.7449951171875,352.0,288.5,349.6300048828125,24249700,0.0,0.0,28.289992065429715,1.0,0.2422918242238649,0.7577081757761351,0.2422918242238649,0.12113004336244991,-0.06923684549317836,0.06923684515815236,1.5385638004390079,0.028563657811490333,-0.13681106407120416,-0.5672026569865938,0.9999999918858667,0.5154163515522703,7.248311698300819,265.3074210102362,204.1381823335696,0.40703228551491427,0.11628748616986583,0.06438121838364153,26.0,-0.019589449855863368,0.019862768515080804
2026-01-07 ,340.8800048828125,354.93499755859375,331.2300109863281,353.55999755859375,14886100,0.0,0.0,28.279992065429717,1.0,0.2549239887123337,0.7450760112876663,0.2549239887123337,0.005588806243172832,-0.785398163904911,0.7853981629049109,-1.2512412247540958,1.251241222951469,0.9998021431611464,0.5683066036161752,-0.9117920227896252,0.49015202257533264,7.6123420296813205,335.79272491454196,207.57221705394514,0.2920664989931412,-0.05748289326088654,-0.08688518971537618,27.0,0.02044283200372977,-0.01987962965787872
2026-01-08 ,360.9750061035156,360.9750061035156,310.7799987792969,334.5400085449219,21109365,0.0,0.0,28.269992065429715,1.0,0.29869497840924947,0.7013050215907506,0.29487681903059637,-0.027641314990499457,-1.502217012459179,1.5022170104685704,-0.7853981639091496,0.7853981629091497,0.19324162744228854,-0.4032802578594289,-0.9999999699068215,0.4064282025601542,7.719150397724905,337.3816214503352,208.5587304441173,0.23203878948210824,-0.030013854755516475,0.013734519252685033,26.0,0.018914180444990554,0.020016140929796568
